Workbook

Sheet 4월 (3)
B1: 구 분 | G1: 경 비 내 역
B2: 매장명 | C2: 1월매출 | D2: 4월 매출 | E2: 오프라인 | F2: 온라인 | G2: 고객배송 택배비 | H2: 건수 | I2: 매장 수평 택배비 | J2: 건수 | K2: 매장경비 | L2: 건수 | M2: 계 | N2: 매출대비 전체비율 | O2: 확인 | P2: 비고란 | Q2: 근로계약서
A3: 53 | B3: 롯데아울렛광교점 | C3: =VLOOKUP(B3,#REF!,2,0) -> #REF! | D3: 39065500 | E3: =VLOOKUP(B3,#REF!,5,0) -> #REF! | F3: =VLOOKUP(B3,#REF!,9,0) -> #REF! | G3: 429000 | H3: 88 | I3: 31000 | J3: 8 | K3: 0 | L3: 0 | M3: =G3+I3+K3 -> 460000 | N3: =M3/D3 -> 0.011775096 | O3: 본사지급
A4: 51 | B4: 롯데아울렛광명점 | C4: =VLOOKUP(B4,#REF!,2,0) -> #REF! | D4: 41360480 | E4: =VLOOKUP(B4,#REF!,5,0) -> #REF! | F4: =VLOOKUP(B4,#REF!,9,0) -> #REF! | G4: 394500 | H4: 95 | I4: 88000 | J4: 23 | K4: 8000 | L4: 2 | M4: =G4+I4+K4 -> 490500 | N4: =M4/D4 -> 0.011859147 | O4: 본사지급 | Q4: OK
A5: 54 | B5: 롯데아울렛동부산점 | D5: 45443550 | G5: 282000 | H5: 73 | I5: 128000 | J5: 35 | K5: 86400 | L5: 2 | M5: =G5+I5+K5 -> 496400 | N5: =M5/D5 -> 0.010923442 | O5: 본사지급 | P5: 문구류, 약속장 (지출증빙 완료)
A6: 39 | B6: 신세계충청점 | C6: =VLOOKUP(B6,#REF!,2,0) -> #REF! | D6: 20260450 | E6: =VLOOKUP(B6,#REF!,5,0) -> #REF! | F6: =VLOOKUP(B6,#REF!,9,0) -> #REF! | G6: 241000 | H6: 58 | I6: 24000 | J6: 6 | K6: 8000 | L6: 2 | M6: =G6+I6+K6 -> 273000 | N6: =M6/D6 -> 0.013474528 | O6: 본사지급
A7: 45 | B7: AK프라자분당점 | C7: =VLOOKUP(B7,#REF!,2,0) -> #REF! | D7: 44617050 | E7: =VLOOKUP(B7,#REF!,5,0) -> #REF! | F7: =VLOOKUP(B7,#REF!,9,0) -> #REF! | G7: 171000 | H7: 41 | I7: 35000 | J7: 9 | K7: 0 | L7: 0 | M7: =G7+I7+K7 -> 206000 | N7: =M7/D7 -> 0.004617069 | O7: 본사지급 | Q7: OK
A8: 7 | B8: 롯데창원점 | C8: =VLOOKUP(B8,#REF!,2,0) -> #REF! | D8: 57623150 | E8: =VLOOKUP(B8,#REF!,5,0) -> #REF! | F8: =VLOOKUP(B8,#REF!,9,0) -> #REF! | G8: 169000 | H8: 49 | I8: 72500 | J8: 18 | K8: 0 | L8: 0 | M8: =G8+I8+K8 -> 241500 | N8: =M8/D8 -> 0.0041910239 | O8: 본사지급 | Q8: OK
A9: 52 | B9: 롯데아울렛고양점 | C9: =VLOOKUP(B9,#REF!,2,0) -> #REF! | D9: 18920070 | E9: =VLOOKUP(B9,#REF!,5,0) -> #REF! | F9: =VLOOKUP(B9,#REF!,9,0) -> #REF! | G9: 155000 | H9: 44 | I9: 48000 | J9: 13 | K9: 3000 | L9: 1 | M9: =G9+I9+K9 -> 206000 | N9: =M9/D9 -> 0.010887909 | O9: 본사지급
A10: 58 | B10: 모다아울렛인천점 | C10: =VLOOKUP(B10,#REF!,2,0) -> #REF! | D10: 31103840 | E10: =VLOOKUP(B10,#REF!,5,0) -> #REF! | F10: =VLOOKUP(B10,#REF!,9,0) -> #REF! | G10: 150500 | H10: 47 | I10: 40500 | J10: 10 | K10: 23000 | L10: 3 | M10: =G10+I10+K10 -> 214000 | N10: =M10/D10 -> 0.0068801794 | O10: 본사지급 | P10: 대도지물 : 17,000원
A11: 43 | B11: 갤러리아천안점 | C11: =VLOOKUP(B11,#REF!,2,0) -> #REF! | D11: 56376440 | E11: =VLOOKUP(B11,#REF!,5,0) -> #REF! | F11: =VLOOKUP(B11,#REF!,9,0) -> #REF! | G11: 146500 | H11: 31 | I11: 68000 | J11: 18 | K11: 0 | L11: 0 | M11: =G11+I11+K11 -> 214500 | N11: =M11/D11 -> 0.0038047809 | O11: 본사지급
A12: 15 | B12: 롯데안산점 | C12: =VLOOKUP(B12,#REF!,2,0) -> #REF! | D12: 36606960 | E12: =VLOOKUP(B12,#REF!,5,0) -> #REF! | F12: =VLOOKUP(B12,#REF!,9,0) -> #REF! | G12: 141000 | H12: 26 | I12: 98000 | J12: 25 | K12: 3000 | L12: 1 | M12: =G12+I12+K12 -> 242000 | N12: =M12/D12 -> 0.0066107647 | O12: 본사지급 | Q12: OK
A13: 26 | B13: 현대울산점 | C13: =VLOOKUP(B13,#REF!,2,0) -> #REF! | D13: 41040440 | E13: =VLOOKUP(B13,#REF!,5,0) -> #REF! | F13: =VLOOKUP(B13,#REF!,9,0) -> #REF! | G13: 139000 | H13: 35 | I13: 17000 | J13: 5 | M13: =G13+I13+K13 -> 156000 | N13: =M13/D13 -> 0.0038011288 | O13: 본사지급
A14: 27 | B14: 현대중동점 | C14: =VLOOKUP(B14,#REF!,2,0) -> #REF! | D14: 58217450 | E14: =VLOOKUP(B14,#REF!,5,0) -> #REF! | F14: =VLOOKUP(B14,#REF!,9,0) -> #REF! | G14: 137000 | H14: 25 | I14: 128300 | J14: 33 | M14: =G14+I14+K14 -> 265300 | N14: =M14/D14 -> 0.0045570529 | O14: 본사지급 | Q14: OK
A15: 55 | B15: 롯데아울렛군산점 | C15: =VLOOKUP(B15,#REF!,2,0) -> #REF! | D15: 34954550 | E15: =VLOOKUP(B15,#REF!,5,0) -> #REF! | F15: =VLOOKUP(B15,#REF!,9,0) -> #REF! | G15: 135000 | H15: 40 | I15: 67500 | J15: 18 | K15: 0 | L15: 0 | M15: =G15+I15+K15 -> 202500 | N15: =M15/D15 -> 0.0057932372 | O15: 본사지급 | Q15: OK
A16: 13 | B16: 롯데부산본점 | C16: =VLOOKUP(B16,#REF!,2,0) -> #REF! | D16: 47637440 | E16: =VLOOKUP(B16,#REF!,5,0) -> #REF! | F16: =VLOOKUP(B16,#REF!,9,0) -> #REF! | G16: 128000 | H16: 37 | I16: 138000 | J16: 39 | K16: 11000 | L16: 3 | M16: =G16+I16+K16 -> 277000 | N16: =M16/D16 -> 0.0058147541 | O16: 본사지급 | P16: A4 용지 5,000원 (지출증빙 완료)
A17: 23 | B17: 롯데인천터미널점 | C17: =VLOOKUP(B17,#REF!,2,0) -> #REF! | D17: 88534350 | E17: =VLOOKUP(B17,#REF!,5,0) -> #REF! | F17: =VLOOKUP(B17,#REF!,9,0) -> #REF! | G17: 120000 | H17: 26 | I17: 150500 | J17: 38 | K17: 65200 | L17: 3 | M17: =G17+I17+K17 -> 335700 | N17: =M17/D17 -> 0.0037917486 | O17: 본사지급 | P17: 대도지물,문구류 지출증빙 완료
A18: 48 | B18: 마리오아울렛금천점 | C18: =VLOOKUP(B18,#REF!,2,0) -> #REF! | D18: 20284510 | E18: =VLOOKUP(B18,#REF!,5,0) -> #REF! | F18: =VLOOKUP(B18,#REF!,9,0) -> #REF! | G18: 117000 | H18: 33 | I18: 16500 | J18: 5 | K18: 9000 | L18: 3 | M18: =G18+I18+K18 -> 142500 | N18: =M18/D18 -> 0.0070250649 | O18: 본사지급
A19: 6 | B19: 롯데동래점 | C19: =VLOOKUP(B19,#REF!,2,0) -> #REF! | D19: 35020690 | E19: =VLOOKUP(B19,#REF!,5,0) -> #REF! | F19: =VLOOKUP(B19,#REF!,9,0) -> #REF! | G19: 116000 | H19: 36 | I19: 77000 | J19: 20 | K19: 73000 | L19: 5 | M19: =G19+I19+K19 -> 266000 | N19: =M19/D19 -> 0.00759551 | O19: 본사지급 | P19: 약속대장 : 60,000원 (지출증빙 완료) | Q19: OK
A20: 33 | B20: 현대판교점 | C20: =VLOOKUP(B20,#REF!,2,0) -> #REF! | D20: 49178250 | E20: =VLOOKUP(B20,#REF!,5,0) -> #REF! | F20: =VLOOKUP(B20,#REF!,9,0) -> #REF! | G20: 110000 | H20: 18 | I20: 23000 | J20: 6 | M20: =G20+I20+K20 -> 133000 | N20: =M20/D20 -> 0.0027044476 | O20: 기본수수료
A21: 57 | B21: 모다아울렛행담도점 | C21: =VLOOKUP(B21,#REF!,2,0) -> #REF! | D21: 9513150 | E21: =VLOOKUP(B21,#REF!,5,0) -> #REF! | F21: =VLOOKUP(B21,#REF!,9,0) -> #REF! | G21: 101000 | H21: 20 | I21: 0 | J21: 0 | K21: 0 | L21: 0 | M21: =G21+I21+K21 -> 101000 | N21: =M21/D21 -> 0.010616883 | O21: 본사지급
A22: 60 | B22: 신세계스타필드고양점 | C22: =VLOOKUP(B22,#REF!,2,0) -> #REF! | D22: 26191750 | E22: =VLOOKUP(B22,#REF!,5,0) -> #REF! | F22: =VLOOKUP(B22,#REF!,9,0) -> #REF! | G22: 100000 | H22: 27 | I22: 16000 | J22: 4 | K22: 15000 | L22: 1 | M22: =G22+I22+K22 -> 131000 | N22: =M22/D22 -> 0.0050015749 | O22: 본사지급 | P22: 다이소, 커피,종이컵,청소포,문구류(지출증빙 완료) | Q22: OK
A23: 22 | B23: 롯데분당점 | C23: =VLOOKUP(B23,#REF!,2,0) -> #REF! | D23: 26605930 | E23: =VLOOKUP(B23,#REF!,5,0) -> #REF! | F23: =VLOOKUP(B23,#REF!,9,0) -> #REF! | G23: 87000 | H23: 12 | I23: 78000 | J23: 20 | K23: 0 | L23: 0 | M23: =G23+I23+K23 -> 165000 | N23: =M23/D23 -> 0.006201625 | O23: 본사지급 | Q23: OK
A24: 24 | B24: 현대무역점 | C24: =VLOOKUP(B24,#REF!,2,0) -> #REF! | D24: 48148460 | E24: =VLOOKUP(B24,#REF!,5,0) -> #REF! | F24: =VLOOKUP(B24,#REF!,9,0) -> #REF! | G24: 81000 | H24: 20 | I24: 122500 | J24: 32 | K24: 12000 | L24: 1 | M24: =G24+I24+K24 -> 215500 | N24: =M24/D24 -> 0.0044757402 | O24: 본사지급 | P24: 시니어명찰 | Q24: OK
A25: 20 | B25: 롯데대구점 | C25: =VLOOKUP(B25,#REF!,2,0) -> #REF! | D25: 31335150 | E25: =VLOOKUP(B25,#REF!,5,0) -> #REF! | F25: =VLOOKUP(B25,#REF!,9,0) -> #REF! | G25: 80000 | H25: 17 | I25: 75000 | J25: 19 | K25: 0 | L25: 0 | M25: =G25+I25+K25 -> 155000 | N25: =M25/D25 -> 0.0049465217 | O25: 본사지급 | Q25: OK
A26: 18 | B26: 롯데광복점 | C26: =VLOOKUP(B26,#REF!,2,0) -> #REF! | D26: 43138440 | E26: =VLOOKUP(B26,#REF!,5,0) -> #REF! | F26: =VLOOKUP(B26,#REF!,9,0) -> #REF! | G26: 67500 | H26: 16 | I26: 86000 | J26: 24 | K26: 0 | L26: 0 | M26: =G26+I26+K26 -> 153500 | N26: =M26/D26 -> 0.0035583113 | O26: 본사지급 | Q26: OK
A27: 35 | B27: 신세계마산점 | C27: =VLOOKUP(B27,#REF!,2,0) -> #REF! | D27: 43707000 | E27: =VLOOKUP(B27,#REF!,5,0) -> #REF! | F27: =VLOOKUP(B27,#REF!,9,0) -> #REF! | G27: 64000 | H27: 4 | I27: 71500 | J27: 19 | K27: 0 | L27: 0 | M27: =G27+I27+K27 -> 135500 | N27: =M27/D27 -> 0.0031001899 | O27: 본사지급 | Q27: OK
A28: 19 | B28: 롯데수원점 | C28: =VLOOKUP(B28,#REF!,2,0) -> #REF! | D28: 35351700 | E28: =VLOOKUP(B28,#REF!,5,0) -> #REF! | F28: =VLOOKUP(B28,#REF!,9,0) -> #REF! | G28: 57000 | H28: 17 | I28: 61500 | J28: 15 | K28: 0 | L28: 0 | M28: =G28+I28+K28 -> 118500 | N28: =M28/D28 -> 0.0033520312 | O28: 본사지급
A29: 4 | B29: 롯데강남점 | C29: =VLOOKUP(B29,#REF!,2,0) -> #REF! | D29: 36288800 | E29: =VLOOKUP(B29,#REF!,5,0) -> #REF! | F29: =VLOOKUP(B29,#REF!,9,0) -> #REF! | G29: 55000 | H29: 12 | I29: 55000 | J29: 16 | K29: 7000 | L29: 2 | M29: =G29+I29+K29 -> 117000 | N29: =M29/D29 -> 0.0032241353 | O29: 본사지급 | Q29: OK
A30: 8 | B30: 롯데상인점 | C30: =VLOOKUP(B30,#REF!,2,0) -> #REF! | D30: 33771350 | E30: =VLOOKUP(B30,#REF!,5,0) -> #REF! | F30: =VLOOKUP(B30,#REF!,9,0) -> #REF! | G30: 46000 | H30: 11 | I30: 75500 | J30: 20 | K30: 0 | L30: 0 | M30: =G30+I30+K30 -> 121500 | N30: =M30/D30 -> 0.0035977241 | O30: 본사지급
A31: 17 | B31: 롯데본점 | C31: =VLOOKUP(B31,#REF!,2,0) -> #REF! | D31: 82861350 | E31: =VLOOKUP(B31,#REF!,5,0) -> #REF! | F31: =VLOOKUP(B31,#REF!,9,0) -> #REF! | G31: 46000 | H31: 8 | I31: 115000 | J31: =17+16 -> 33 | K31: 3000 | L31: 1 | M31: =G31+I31+K31 -> 164000 | N31: =M31/D31 -> 0.0019792098 | O31: 본사지급 | Q31: OK
A32: 12 | B32: 롯데센텀점 | C32: =VLOOKUP(B32,#REF!,2,0) -> #REF! | D32: 21499680 | E32: =VLOOKUP(B32,#REF!,5,0) -> #REF! | F32: =VLOOKUP(B32,#REF!,9,0) -> #REF! | G32: 44000 | H32: 10 | I32: 40000 | J32: 11 | K32: 57500 | L32: 2 | M32: =G32+I32+K32 -> 141500 | N32: =M32/D32 -> 0.0065814933 | O32: 본사지급 | P32: 대명지류(끈,포장지) - 증빙처리 완료 | Q32: OK
A33: 9 | B33: 롯데미아점 | C33: =VLOOKUP(B33,#REF!,2,0) -> #REF! | D33: 27445450 | E33: =VLOOKUP(B33,#REF!,5,0) -> #REF! | F33: =VLOOKUP(B33,#REF!,9,0) -> #REF! | G33: 40000 | H33: 8 | I33: 24800 | J33: 7 | K33: 3000 | L33: 1 | M33: =G33+I33+K33 -> 67800 | N33: =M33/D33 -> 0.0024703548 | O33: 본사지급 | Q33: OK
A34: 32 | B34: 현대동구점 | C34: =VLOOKUP(B34,#REF!,2,0) -> #REF! | D34: 20591650 | E34: =VLOOKUP(B34,#REF!,5,0) -> #REF! | F34: =VLOOKUP(B34,#REF!,9,0) -> #REF! | G34: 27000 | H34: 9 | I34: 13000 | J34: 3 | M34: =G34+I34+K34 -> 40000 | N34: =M34/D34 -> 0.001942535 | O34: 본사지급
A35: 2 | B35: 롯데관악점 | C35: =VLOOKUP(B35,#REF!,2,0) -> #REF! | D35: 33141940 | E35: =VLOOKUP(B35,#REF!,5,0) -> #REF! | F35: =VLOOKUP(B35,#REF!,9,0) -> #REF! | G35: 20000 | H35: 4 | I35: 38500 | J35: 10 | K35: 3000 | L35: 1 | M35: =G35+I35+K35 -> 61500 | N35: =M35/D35 -> 0.0018556548 | O35: 본사지급 | Q35: OK
A36: 40 | B36: 신세계김해점 | C36: =VLOOKUP(B36,#REF!,2,0) -> #REF! | D36: 50619300 | E36: =VLOOKUP(B36,#REF!,5,0) -> #REF! | F36: =VLOOKUP(B36,#REF!,9,0) -> #REF! | G36: 17000 | H36: 4 | I36: 73500 | J36: 19 | K36: 2500 | L36: 1 | M36: =G36+I36+K36 -> 93000 | N36: =M36/D36 -> 0.0018372439 | O36: 본사지급 | Q36: OK
A37: 41 | B37: 신세계스타필드하남점 | C37: =VLOOKUP(B37,#REF!,2,0) -> #REF! | D37: 39209040 | E37: =VLOOKUP(B37,#REF!,5,0) -> #REF! | F37: =VLOOKUP(B37,#REF!,9,0) -> #REF! | G37: 15000 | H37: 1 | I37: 103000 | J37: 27 | K37: 3000 | L37: 1 | M37: =G37+I37+K37 -> 121000 | N37: =M37/D37 -> 0.003086023 | O37: 본사지급
A38: 10 | B38: 롯데구리점 | C38: =VLOOKUP(B38,#REF!,2,0) -> #REF! | D38: 19634560 | E38: =VLOOKUP(B38,#REF!,5,0) -> #REF! | F38: =VLOOKUP(B38,#REF!,9,0) -> #REF! | G38: 14500 | H38: 4 | I38: 29500 | J38: 8 | K38: 6000 | L38: 2 | M38: =G38+I38+K38 -> 50000 | N38: =M38/D38 -> 0.0025465302 | O38: 본사지급
A39: 38 | B39: 신세계영등포점 | C39: =VLOOKUP(B39,#REF!,2,0) -> #REF! | D39: 53008870 | E39: =VLOOKUP(B39,#REF!,5,0) -> #REF! | F39: =VLOOKUP(B39,#REF!,9,0) -> #REF! | G39: 14000 | H39: 3 | I39: 37500 | J39: 11 | K39: 9500 | L39: 3 | M39: =G39+I39+K39 -> 61000 | N39: =M39/D39 -> 0.0011507508 | O39: 본사지급 | P39: 종이쇼핑백 : 2,000원 (지출증빙 완료)
A40: 46 | B40: AK프라자원주점 | C40: =VLOOKUP(B40,#REF!,2,0) -> #REF! | D40: 29970950 | E40: =VLOOKUP(B40,#REF!,5,0) -> #REF! | F40: =VLOOKUP(B40,#REF!,9,0) -> #REF! | G40: 0 | H40: 0 | I40: 46500 | J40: 12 | K40: 0 | L40: 0 | M40: =G40+I40+K40 -> 46500 | N40: =M40/D40 -> 0.0015515024 | O40: 본사지급
B41: 4월 합 계 | D41: =SUBTOTAL(9,D3:D40) -> 1478279690 | G41: =SUBTOTAL(9,G3:G40) -> 4257500 | H41: =SUBTOTAL(9,H3:H40) -> 1009 | I41: =SUBTOTAL(9,I3:I40) -> 2413100 | J41: =SUBTOTAL(9,J3:J40) -> 639 | K41: =SUBTOTAL(9,K3:K40) -> 411100 | L41: =SUBTOTAL(9,L3:L40) -> 41 | M41: =SUBTOTAL(9,M3:M40) -> 7081700 | N41: =M41/D41 -> 0.0047905008
B43: 2020년 연 간 누 적 | D43: =SUM(D44:D47) -> 6915020260 | E43: =SUM(E44:E47) -> 0 | F43: =SUM(F44:F47) -> 0 | G43: =SUM(G44:G47) -> #REF! | H43: =SUM(H44:H47) -> #REF! | I43: =SUM(I44:I47) -> #REF! | J43: =SUM(J44:J47) -> #REF! | K43: =SUM(K44:K47) -> #REF! | ... M43: =SUM(M44:M47) -> #REF! | N43: =M43/D43 -> #REF!
B44: 1월 합 계 | D44: 1927421770 | G44: =#REF! -> #REF! | H44: =#REF! -> #REF! | I44: =#REF! -> #REF! | J44: =#REF! -> #REF! | K44: =#REF! -> #REF! | L44: =#REF! -> #REF! | M44: =G44+I44+K44 -> #REF! | N44: =M44/D44 -> #REF!
B45: 2월 합 계 | D45: 1644660060 | G45: =#REF! -> #REF! | H45: =#REF! -> #REF! | I45: =#REF! -> #REF! | J45: =#REF! -> #REF! | K45: =#REF! -> #REF! | L45: =#REF! -> #REF! | M45: =G45+I45+K45 -> #REF! | N45: =M45/D45 -> #REF!
B46: 3월 합 계 | D46: 1864658740 | G46: =#REF! -> #REF! | H46: =#REF! -> #REF! | I46: =#REF! -> #REF! | J46: =#REF! -> #REF! | K46: =#REF! -> #REF! | L46: =#REF! -> #REF! | M46: =G46+I46+K46 -> #REF! | N46: =M46/D46 -> #REF!
B47: 4월 합 계 | D47: =D41 -> 1478279690 | G47: =G41 -> 4257500 | H47: =H41 -> 1009 | I47: =I41 -> 2413100 | J47: =J41 -> 639 | K47: =K41 -> 411100 | L47: =L41 -> 41 | M47: =G47+I47+K47 -> 7081700 | N47: =M47/D47 -> 0.0047905008

Sheet Sheet1
B5: * 2023년 매장 경비내역
C6: 매출 | D6: 매출대비 전체비율 | E6: 배송 택배비 | F6: 건수 | G6: 수평 택배비 | H6: 건수 | I6: 매장경비 | J6: 건수 | K6: 계 | L6: 전월대비
B7: 1월 | C7: 2544931756 | D7: =K7/C7 -> 0.0047838454 | E7: 8241680 | F7: 1544 | G7: 2654640 | H7: 648 | I7: 1278240 | J7: 62 | K7: =E7+G7+I7 -> 12174560 | L7: =K7/K36 -> 0.83695005 | M7: =K7/C7 -> 0.0047838454
B8: 2월 | C8: 2676358390 | D8: =K8/C8 -> 0.0045185727 | E8: 7208230 | F8: 1587 | G8: 4194040 | H8: 1015 | I8: 691050 | J8: 43 | K8: =E8+G8+I8 -> 12093320 | L8: =K8/K7 -> 0.99332707 | M8: =K8/C8 -> 0.0045185727
B9: 3월 | C9: 2921414132 | D9: =K9/C9 -> 0.0055150517 | E9: 9489100 | F9: 1974 | G9: 5473870 | H9: 1300 | I9: 1148780 | J9: 52 | K9: =E9+G9+I9 -> 16111750 | L9: =K9/K8 -> 1.3322851 | M9: =K9/C9 -> 0.0055150517
B10: 4월 | C10: 3561041622 | D10: =K10/C10 -> 0.0047502646 | E10: 10298140 | F10: 2448 | G10: 5941260 | H10: 1405 | I10: 676490 | J10: 54 | K10: =E10+G10+I10 -> 16915890 | L10: =K10/K9 -> 1.0499102 | M10: =K10/C10 -> 0.0047502646
B11: 5월 | C11: 3722708136 | D11: =K11/C11 -> 0.0050873878 | E11: 11872640 | F11: 2400 | G11: 6250670 | H11: 1530 | I11: 815550 | J11: 47 | K11: =E11+G11+I11 -> 18938860 | L11: =K11/K10 -> 1.1195899 | M11: =K11/C11 -> 0.0050873878
B12: 6월 | C12: 4037824686 | D12: =K12/C12 -> 0.004489291 | E12: 9394510 | F12: 2007 | G12: 7777950 | H12: 1962 | I12: 954510 | J12: 47 | K12: 18126970 | L12: =K12/K11 -> 0.957131 | M12: =K12/C12 -> 0.004489291
B13: 7월 | C13: 3339138178 | D13: =K13/C13 -> 0.0057169362 | E13: 10140310 | F13: 2091 | G13: 8267030 | H13: 2029 | I13: 682300 | J13: 43 | K13: 19089640 | L13: =K13/K12 -> 1.0531071 | M13: =K13/C13 -> 0.0057169362
B14: 8월 | C14: 2449387854 | D14: =K14/C14 -> 0.0054726449 | E14: 7424140 | F14: 1359 | G14: 5111470 | H14: 1237 | I14: 869020 | J14: 60 | K14: =E14+G14+I14 -> 13404630 | L14: =K14/K13 -> 0.70219396 | M14: =K14/C14 -> 0.0054726449
B15: 9월 | C15: 2846491210 | D15: =K15/C15 -> 0.0039178586 | E15: 6428560 | F15: 1223 | G15: 4100120 | H15: 986 | I15: 623470 | J15: 32 | K15: =E15+G15+I15 -> 11152150 | L15: =K15/K14 -> 0.83196254
B16: 10월 | K16: =E16+G16+I16 -> 0 | L16: =K16/K15 -> 0
B17: 11월 | K17: =E17+G17+I17 -> 0 | L17: =K17/K16 -> #DIV/0!
B18: 12월 | K18: =E18+G18+I18 -> 0 | L18: =K18/K17 -> #DIV/0!
B19: 계 | C19: =SUM(C7:C18) -> 28099295964 | D19: =K19/C19 -> 0.0049114316 | E19: =SUM(E7:E18) -> 80497310 | F19: =SUM(F7:F18) -> 16633 | G19: =SUM(G7:G18) -> 49771050 | H19: =SUM(H7:H18) -> 12112 | I19: =SUM(I7:I18) -> 7739410 | J19: =SUM(J7:J18) -> 440 | K19: =SUM(K7:K18) -> 138007770
B22: * 2022년 매장 경비내역
C23: 매출 | D23: 매출대비 전체비율 | E23: 배송 택배비 | F23: 건수 | G23: 수평 택배비 | H23: 건수 | I23: 매장경비 | J23: 건수 | K23: 계 | L23: 전월대비
B24: 1월 | C24: 2953885856 | D24: =K24/C24 -> 0.0068047078 | E24: 10589790 | F24: 2270 | G24: 8339100 | H24: 2054 | I24: 1171440 | J24: 68 | K24: =I24+G24+E24 -> 20100330 | L24: 1
B25: 2월 | C25: 2785202870 | D25: =K25/C25 -> 0.0059016563 | E25: 9445890 | F25: 1735 | G25: 6396280 | H25: 1588 | I25: 595140 | J25: 52 | K25: =I25+G25+E25 -> 16437310 | L25: =K25/K24 -> 0.81776319
B26: 3월 | C26: 2934002332 | D26: =K26/C26 -> 0.0059417369 | E26: 9818140 | F26: 1912 | G26: 6949160 | H26: 1714 | I26: 665770 | J26: 48 | K26: =I26+G26+E26 -> 17433070 | L26: =K26/K25 -> 1.0605793
B27: 4월 | C27: 4040333992 | D27: =K27/C27 -> 0.0043786108 | E27: 11202250 | F27: 2201 | G27: 5692930 | H27: 1405 | I27: 795870 | J27: 52 | K27: =I27+G27+E27 -> 17691050 | L27: =K27/K26 -> 1.0147983
B28: 5월 | C28: 3901318362 | D28: =K28/C28 -> 0.0051977455 | E28: 12798240 | F28: 2642 | G28: 6475810 | H28: 1616 | I28: 1004010 | J28: 62 | K28: =I28+G28+E28 -> 20278060 | L28: =K28/K27 -> 1.1462327
B29: 6월 | C29: 4511894922 | D29: =K29/C29 -> 0.00502105 | E29: 13979690 | F29: 2907 | G29: 7751860 | H29: 1931 | I29: 922900 | J29: 72 | K29: =I29+G29+E29 -> 22654450 | L29: =K29/K28 -> 1.1171902
B30: 7월 | C30: 3318942648 | D30: =K30/C30 -> 0.0057682588 | E30: 10494730 | F30: 2324 | G30: 7945100 | H30: 1935 | I30: 704690 | J30: 58 | K30: =I30+G30+E30 -> 19144520 | L30: =K30/K29 -> 0.84506664
B31: 8월 | C31: 2581088176 | D31: =K31/C31 -> 0.0040108626 | E31: 6745850 | F31: 1471 | G31: 3341410 | H31: 841 | I31: 265130 | J31: 40 | K31: =I31+G31+E31 -> 10352390 | L31: =K31/K30 -> 0.54074952
B32: 9월 | C32: 3030980964 | D32: =K32/C32 -> 0.0036888585 | E32: 7393670 | F32: 1374 | G32: 2911150 | H32: 725 | I32: 876040 | J32: 53 | K32: =I32+G32+E32 -> 11180860 | L32: =K32/K31 -> 1.0800269
B33: 계 | C33: =SUM(C24:C32) -> 30057650122 | D33: =K33/C33 -> 0.0051658077 | E33: =SUM(E24:E32) -> 92468250 | F33: =SUM(F24:F32) -> 18836 | G33: =SUM(G24:G32) -> 55802800 | H33: =SUM(H24:H32) -> 13809 | I33: =SUM(I24:I32) -> 7000990 | J33: =SUM(J24:J32) -> 505 | K33: =SUM(K24:K32) -> 155272040
B34: 10월 | C34: 4229153430 | D34: =K34/C34 -> 0.0041734405 | E34: 11767220 | F34: 2426 | G34: 4518630 | H34: 1105 | I34: 1364270 | J34: 66 | K34: =I34+G34+E34 -> 17650120 | L34: =K34/K32 -> 1.5786013
B35: 11월 | C35: 2960965230 | D35: =K35/C35 -> 0.0047984251 | E35: 10073650 | F35: 1984 | G35: 3670270 | H35: 883 | I35: 464050 | J35: 51 | K35: =I35+G35+E35 -> 14207970 | L35: =K35/K34 -> 0.80497866
B36: 12월 | C36: 3073103549 | D36: =K36/C36 -> 0.0047334363 | E36: 10519780 | F36: 1988 | G36: 3152130 | H36: 781 | I36: 874430 | J36: 58 | K36: =I36+G36+E36 -> 14546340 | L36: =K36/K35 -> 1.0238155
B37: 계 | C37: =SUM(C24:C36) -> 70378522453 | D37: =K37/C37 -> 0.0050718386 | E37: =SUM(E24:E36) -> 217297150 | F37: =SUM(F24:F36) -> 44070 | G37: =SUM(G24:G36) -> 122946630 | H37: =SUM(H24:H36) -> 30387 | I37: =SUM(I24:I36) -> 16704730 | J37: =SUM(J24:J36) -> 1185 | K37: =SUM(K24:K36) -> 356948510

Sheet Sheet4
A1: 매장명 | B1: 수량 | C1: 운임비(v-) | F1: 매장명
A2: 롯데아울렛기흥점 | B2: 13 | C2: 60250 | F2: 코지네스트일산점 | G2: 김경훈 팀장
A3: 롯데아울렛김해점 | B3: 8 | C3: 33300 | F3: 롯데잠실점 | G3: 김경훈 팀장
A4: 롯데아울렛이천점 | B4: 42 | C4: 191100 | F4: 롯데창원점 | G4: 김경훈 팀장
A5: 현대아울렛남양주점 | B5: 98 | C5: 460100 | F5: 신세계마산점 | G5: 김경훈 팀장
A6: 현대아울렛대전점 | B6: 28 | C6: 122500 | F6: 신세계강남점 | G6: 김경훈 팀장
B7: =SUM(B2:B6) -> 189 | C7: =SUM(C2:D6) -> 867250 | F7: 신세계천안아산점 | G7: 김경훈 팀장
F8: 신세계김해점 | G8: 김경훈 팀장
F9: 갤러리아천안점 | G9: 김경훈 팀장
F10: 롯데아울렛김해점 | G10: 김경훈 팀장
F11: 롯데아울렛광명점 | G11: 김경훈 팀장
F12: (온)롯데잠실 | G12: 김경훈 팀장
F13: (온)롯데창원 | G13: 김경훈 팀장
F14: (온)신세계마산 | G14: 김경훈 팀장
F15: (온)신세계강남 | G15: 김경훈 팀장
F16: (온)신세계김해 | G16: 김경훈 팀장
F17: (온)갤러리아천안 | G17: 김경훈 팀장
F18: (온)롯데아울렛김해 | G18: 김경훈 팀장
F19: (온)롯데아울렛광명 | G19: 김경훈 팀장
... F107: 현대아울렛남양주점 | G107: 유정훈 대리

Sheet 26년 5월경비
F1: 4 | G1: 5 | H1: 6 | I1: 7 | J1: 8 | K1: 9 | L1: 10 | N1: 11 | O1: 12 | P1: 2 | Q1: 3 | R1: 4 | S1: 5 | T1: 6 | U1: 7 | V1: 8 | W1: 9 | X1: 11 | Y1: 22 | Z1: 23 | AA1: 24 | AB1: 25 | AC1: 26 | AD1: 27 | AE1: 28 | AF1: 29 | AG1: 30 | AH1: 31 | AI1: 32 | AJ1: 33 | AK1: 34 | AL1: 35 | AM1: 36 | AN1: 37 | AO1: 38
D2: 구 분 | E2: 26년 경 비 내 역 | P2: 25년 경 비 내 역 | Z2: 전년 대비 경 비 내 역
A3: 담당자 | B3: NO. | C3: 직택배 시행기간 | D3: 매장명 | E3: 26년 5월 매출 | F3: 고객배송 택배비 | G3: 건수 | H3: 매장 수평 택배비 | I3: 건수 | J3: 매장경비 | K3: 건수 | L3: 계 | M3: 매출대비 전체비율 | P3: 25년 5월 매출 | Q3: 고객배송 택배비 | R3: 건수 | S3: 매장 수평 택배비 | T3: 건수 | U3: 매장경비 | V3: 건수 | W3: 계 | X3: 매출대비 전체비율 | Z3: 전년 대비 매출 | AA3: 고객배송 택배비 | AB3: 건수 | AC3: 매장 수평 택배비 | AD3: 건수 | AE3: 매장경비 | AF3: 건수 | AG3: 계 | AH3: 확인 | AI3: 비고란 | AJ3: 근로계약서 | AL3: 고객배송 기본택배비 | AM3: 고객배송 택배업체 | AN3: 비고 | AO3: 수평,고객배송 과다체크
A4: 김경훈 팀장 | B4: 1 | C4: 45432 | D4: 신세계김해점 | E4: =VLOOKUP(D4,매출!C:J,8,0) -> 64638670 | F4: =IFERROR(VLOOKUP($D4,매장경비정리!$C:$K,F$1,FALSE),0) -> 190500 | G4: =IFERROR(VLOOKUP($D4,매장경비정리!$C:$K,G$1,FALSE),0) -> 58 | H4: =IFERROR(VLOOKUP($D4,매장경비정리!$C:$K,H$1,FALSE),0) -> 56000 | I4: =IFERROR(VLOOKUP($D4,매장경비정리!$C:$K,I$1,FALSE),0) -> 14 | J4: =IFERROR(VLOOKUP($D4,매장경비정리!$C:$K,J$1,FALSE),0) -> 76150 | K4: =IFERROR(VLOOKUP($D4,매장경비정리!$C:$K,K$1,FALSE),0) -> 2 | L4: =SUM(F4,H4,J4) -> 322650 | M4: =L4/E4 -> 0.004991594 | P4: =VLOOKUP($D4,'[1]25년 5월경비'!$D:$M,P$1,FALSE) -> 45572690 | Q4: =VLOOKUP($D4,'[1]25년 5월경비'!$D:$M,Q$1,FALSE) -> 19800 | R4: =VLOOKUP($D4,'[1]25년 5월경비'!$D:$M,R$1,FALSE) -> 4 | S4: =VLOOKUP($D4,'[1]25년 5월경비'!$D:$M,S$1,FALSE) -> 101000 | T4: =VLOOKUP($D4,'[1]25년 5월경비'!$D:$M,T$1,FALSE) -> 24 | U4: =VLOOKUP($D4,'[1]25년 5월경비'!$D:$M,U$1,FALSE) -> 3500 | V4: =VLOOKUP($D4,'[1]25년 5월경비'!$D:$M,V$1,FALSE) -> 1 | W4: =VLOOKUP($D4,'[1]25년 5월경비'!$D:$M,W$1,FALSE) -> 124300 | X4: =W4/P4 -> 0.0027275107 | Z4: =E4-P4 -> 19065980 | AA4: =F4-Q4 -> 170700 | AB4: =G4-R4 -> 54 | AC4: =H4-S4 -> -45000 | AD4: =I4-T4 -> -10 | AE4: =J4-U4 -> 72650 | AF4: =K4-V4 -> 1 | AG4: =L4-W4 -> 198350
B5: 2 | C5: 45357 | D5: 롯데아울렛김해점 | E5: =VLOOKUP(D5,매출!C:J,8,0) -> 119883530 | F5: =IFERROR(VLOOKUP($D5,매장경비정리!$C:$K,F$1,FALSE),0) -> 0 | G5: =IFERROR(VLOOKUP($D5,매장경비정리!$C:$K,G$1,FALSE),0) -> 0 | H5: =IFERROR(VLOOKUP($D5,매장경비정리!$C:$K,H$1,FALSE),0) -> 0 | I5: =IFERROR(VLOOKUP($D5,매장경비정리!$C:$K,I$1,FALSE),0) -> 0 | J5: =IFERROR(VLOOKUP($D5,매장경비정리!$C:$K,J$1,FALSE),0) -> 0 | K5: =IFERROR(VLOOKUP($D5,매장경비정리!$C:$K,K$1,FALSE),0) -> 0 | L5: =SUM(F5,H5,J5) -> 0 | M5: =L5/E5 -> 0 | P5: =VLOOKUP($D5,'[1]25년 5월경비'!$D:$M,P$1,FALSE) -> 76085360 | Q5: =VLOOKUP($D5,'[1]25년 5월경비'!$D:$M,Q$1,FALSE) -> 0 | R5: =VLOOKUP($D5,'[1]25년 5월경비'!$D:$M,R$1,FALSE) -> 0 | S5: =VLOOKUP($D5,'[1]25년 5월경비'!$D:$M,S$1,FALSE) -> 0 | T5: =VLOOKUP($D5,'[1]25년 5월경비'!$D:$M,T$1,FALSE) -> 0 | U5: =VLOOKUP($D5,'[1]25년 5월경비'!$D:$M,U$1,FALSE) -> 0 | V5: =VLOOKUP($D5,'[1]25년 5월경비'!$D:$M,V$1,FALSE) -> 0 | W5: =VLOOKUP($D5,'[1]25년 5월경비'!$D:$M,W$1,FALSE) -> 0 | X5: =W5/P5 -> 0 | Z5: =E5-P5 -> 43798170 | AA5: =F5-Q5 -> 0 | AB5: =G5-R5 -> 0 | AC5: =H5-S5 -> 0 | AD5: =I5-T5 -> 0 | AE5: =J5-U5 -> 0 | AF5: =K5-V5 -> 0 | AG5: =L5-W5 -> 0
B6: 3 | C6: 45357 | D6: 갤러리아진주점 | E6: =VLOOKUP(D6,매출!C:J,8,0) -> 24307440 | F6: =IFERROR(VLOOKUP($D6,매장경비정리!$C:$K,F$1,FALSE),0) -> 0 | G6: =IFERROR(VLOOKUP($D6,매장경비정리!$C:$K,G$1,FALSE),0) -> 0 | H6: =IFERROR(VLOOKUP($D6,매장경비정리!$C:$K,H$1,FALSE),0) -> 12500 | I6: =IFERROR(VLOOKUP($D6,매장경비정리!$C:$K,I$1,FALSE),0) -> 3 | J6: =IFERROR(VLOOKUP($D6,매장경비정리!$C:$K,J$1,FALSE),0) -> 0 | K6: =IFERROR(VLOOKUP($D6,매장경비정리!$C:$K,K$1,FALSE),0) -> 0 | L6: =SUM(F6,H6,J6) -> 12500 | M6: =L6/E6 -> 0.00051424584 | P6: =VLOOKUP($D6,'[1]25년 5월경비'!$D:$M,P$1,FALSE) -> 24241030 | Q6: =VLOOKUP($D6,'[1]25년 5월경비'!$D:$M,Q$1,FALSE) -> 0 | R6: =VLOOKUP($D6,'[1]25년 5월경비'!$D:$M,R$1,FALSE) -> 0 | S6: =VLOOKUP($D6,'[1]25년 5월경비'!$D:$M,S$1,FALSE) -> 83900 | T6: =VLOOKUP($D6,'[1]25년 5월경비'!$D:$M,T$1,FALSE) -> 19 | U6: =VLOOKUP($D6,'[1]25년 5월경비'!$D:$M,U$1,FALSE) -> 0 | V6: =VLOOKUP($D6,'[1]25년 5월경비'!$D:$M,V$1,FALSE) -> 0 | W6: =VLOOKUP($D6,'[1]25년 5월경비'!$D:$M,W$1,FALSE) -> 83900 | X6: =W6/P6 -> 0.0034610741 | Z6: =E6-P6 -> 66410 | AA6: =F6-Q6 -> 0 | AB6: =G6-R6 -> 0 | AC6: =H6-S6 -> -71400 | AD6: =I6-T6 -> -16 | AE6: =J6-U6 -> 0 | AF6: =K6-V6 -> 0 | AG6: =L6-W6 -> -71400
E7: =SUM(E4:E6) -> 208829640 | F7: =SUM(F4:F6) -> 190500 | G7: =SUM(G4:G6) -> 58 | H7: =SUM(H4:H6) -> 68500 | I7: =SUM(I4:I6) -> 17 | J7: =SUM(J4:J6) -> 76150 | K7: =SUM(K4:K6) -> 2 | L7: =SUM(L4:L6) -> 335150 | M7: =L7/E7 -> 0.0016048967 | P7: =SUM(P4:P6) -> 145899080 | Q7: =SUM(Q4:Q6) -> 19800 | R7: =SUM(R4:R6) -> 4 | S7: =SUM(S4:S6) -> 184900 | T7: =SUM(T4:T6) -> 43 | U7: =SUM(U4:U6) -> 3500 | V7: =SUM(V4:V6) -> 1 | W7: =SUM(W4:W6) -> 208200 | X7: =W7/P7 -> 0.0014270138 | Z7: =SUM(Z4:Z6) -> 62930560 | AA7: =SUM(AA4:AA6) -> 170700 | AB7: =SUM(AB4:AB6) -> 54 | AC7: =SUM(AC4:AC6) -> -116400 | AD7: =SUM(AD4:AD6) -> -26 | AE7: =SUM(AE4:AE6) -> 72650 | AF7: =SUM(AF4:AF6) -> 1 | AG7: =SUM(AG4:AG6) -> 126950
A9: 담당자 | B9: NO. | C9: 직택배 시행기간 | D9: 매장명 | E9: 26년 5월 매출 | F9: 고객배송 택배비 | G9: 건수 | H9: 매장 수평 택배비 | I9: 건수 | J9: 매장경비 | K9: 건수 | L9: 계 | M9: 매출대비 전체비율 | P9: 25년 5월 매출 | Q9: 고객배송 택배비 | R9: 건수 | S9: 매장 수평 택배비 | T9: 건수 | U9: 매장경비 | V9: 건수 | W9: 계 | X9: 매출대비 전체비율 | Z9: 전년 대비 매출 | AA9: 고객배송 택배비 | AB9: 건수 | AC9: 매장 수평 택배비 | AD9: 건수 | AE9: 매장경비 | AF9: 건수 | AG9: 계 | AH9: 확인 | AI9: 비고란 | AJ9: 근로계약서 | AL9: 고객배송 기본택배비 | AM9: 고객배송 택배업체 | AN9: 비고 | AO9: 수평,고객배송 과다체크
A10: 원태윤 차장 | B10: 1 | C10: 45425 | D10: 롯데수원점 | E10: =VLOOKUP(D10,매출!C:J,8,0) -> 38562070 | F10: =IFERROR(VLOOKUP($D10,매장경비정리!$C:$K,F$1,FALSE),0) -> 78000 | G10: =IFERROR(VLOOKUP($D10,매장경비정리!$C:$K,G$1,FALSE),0) -> 20 | H10: =IFERROR(VLOOKUP($D10,매장경비정리!$C:$K,H$1,FALSE),0) -> 57000 | I10: =IFERROR(VLOOKUP($D10,매장경비정리!$C:$K,I$1,FALSE),0) -> 14 | J10: =IFERROR(VLOOKUP($D10,매장경비정리!$C:$K,J$1,FALSE),0) -> 0 | K10: =IFERROR(VLOOKUP($D10,매장경비정리!$C:$K,K$1,FALSE),0) -> 0 | L10: =SUM(F10,H10,J10) -> 135000 | M10: =L10/E10 -> 0.0035008494 | P10: =VLOOKUP($D10,'[1]25년 5월경비'!$D:$M,P$1,FALSE) -> 44165350 | Q10: =VLOOKUP($D10,'[1]25년 5월경비'!$D:$M,Q$1,FALSE) -> 80000 | R10: =VLOOKUP($D10,'[1]25년 5월경비'!$D:$M,R$1,FALSE) -> 20 | S10: =VLOOKUP($D10,'[1]25년 5월경비'!$D:$M,S$1,FALSE) -> 152100 | T10: =VLOOKUP($D10,'[1]25년 5월경비'!$D:$M,T$1,FALSE) -> 38 | U10: =VLOOKUP($D10,'[1]25년 5월경비'!$D:$M,U$1,FALSE) -> 0 | V10: =VLOOKUP($D10,'[1]25년 5월경비'!$D:$M,V$1,FALSE) -> 0 | W10: =VLOOKUP($D10,'[1]25년 5월경비'!$D:$M,W$1,FALSE) -> 232100 | X10: =W10/P10 -> 0.005255251 | Z10: =E10-P10 -> -5603280 | AA10: =F10-Q10 -> -2000 | AB10: =G10-R10 -> 0 | AC10: =H10-S10 -> -95100 | AD10: =I10-T10 -> -24 | AE10: =J10-U10 -> 0 | AF10: =K10-V10 -> 0 | AG10: =L10-W10 -> -97100
B11: 2 | C11: 45425 | D11: 롯데안산점 | E11: =VLOOKUP(D11,매출!C:J,8,0) -> 45105140 | F11: =IFERROR(VLOOKUP($D11,매장경비정리!$C:$K,F$1,FALSE),0) -> 62000 | G11: =IFERROR(VLOOKUP($D11,매장경비정리!$C:$K,G$1,FALSE),0) -> 15 | H11: =IFERROR(VLOOKUP($D11,매장경비정리!$C:$K,H$1,FALSE),0) -> 90950 | I11: =IFERROR(VLOOKUP($D11,매장경비정리!$C:$K,I$1,FALSE),0) -> 22 | J11: =IFERROR(VLOOKUP($D11,매장경비정리!$C:$K,J$1,FALSE),0) -> 0 | K11: =IFERROR(VLOOKUP($D11,매장경비정리!$C:$K,K$1,FALSE),0) -> 0 | L11: =SUM(F11,H11,J11) -> 152950 | M11: =L11/E11 -> 0.0033909661 | P11: =VLOOKUP($D11,'[1]25년 5월경비'!$D:$M,P$1,FALSE) -> 34977600 | Q11: =VLOOKUP($D11,'[1]25년 5월경비'!$D:$M,Q$1,FALSE) -> 48000 | R11: =VLOOKUP($D11,'[1]25년 5월경비'!$D:$M,R$1,FALSE) -> 8 | S11: =VLOOKUP($D11,'[1]25년 5월경비'!$D:$M,S$1,FALSE) -> 63270 | T11: =VLOOKUP($D11,'[1]25년 5월경비'!$D:$M,T$1,FALSE) -> 16 | U11: =VLOOKUP($D11,'[1]25년 5월경비'!$D:$M,U$1,FALSE) -> 54500 | V11: =VLOOKUP($D11,'[1]25년 5월경비'!$D:$M,V$1,FALSE) -> 2 | W11: =VLOOKUP($D11,'[1]25년 5월경비'!$D:$M,W$1,FALSE) -> 165770 | X11: =W11/P11 -> 0.0047393189 | Z11: =E11-P11 -> 10127540 | AA11: =F11-Q11 -> 14000 | AB11: =G11-R11 -> 7 | AC11: =H11-S11 -> 27680 | AD11: =I11-T11 -> 6 | AE11: =J11-U11 -> -54500 | AF11: =K11-V11 -> -2 | AG11: =L11-W11 -> -12820
B12: 3 | C12: 45418 | D12: 신세계대전점 | E12: =VLOOKUP(D12,매출!C:J,8,0) -> 57171610 | F12: =IFERROR(VLOOKUP($D12,매장경비정리!$C:$K,F$1,FALSE),0) -> 140000 | G12: =IFERROR(VLOOKUP($D12,매장경비정리!$C:$K,G$1,FALSE),0) -> 13 | H12: =IFERROR(VLOOKUP($D12,매장경비정리!$C:$K,H$1,FALSE),0) -> 66400 | I12: =IFERROR(VLOOKUP($D12,매장경비정리!$C:$K,I$1,FALSE),0) -> 13 | J12: =IFERROR(VLOOKUP($D12,매장경비정리!$C:$K,J$1,FALSE),0) -> 0 | K12: =IFERROR(VLOOKUP($D12,매장경비정리!$C:$K,K$1,FALSE),0) -> 0 | L12: =SUM(F12,H12,J12) -> 206400 | M12: =L12/E12 -> 0.0036101834 | P12: =VLOOKUP($D12,'[1]25년 5월경비'!$D:$M,P$1,FALSE) -> 52541860 | Q12: =VLOOKUP($D12,'[1]25년 5월경비'!$D:$M,Q$1,FALSE) -> 152000 | R12: =VLOOKUP($D12,'[1]25년 5월경비'!$D:$M,R$1,FALSE) -> 14 | S12: =VLOOKUP($D12,'[1]25년 5월경비'!$D:$M,S$1,FALSE) -> 70900 | T12: =VLOOKUP($D12,'[1]25년 5월경비'!$D:$M,T$1,FALSE) -> 17 | U12: =VLOOKUP($D12,'[1]25년 5월경비'!$D:$M,U$1,FALSE) -> 0 | V12: =VLOOKUP($D12,'[1]25년 5월경비'!$D:$M,V$1,FALSE) -> 0 | W12: =VLOOKUP($D12,'[1]25년 5월경비'!$D:$M,W$1,FALSE) -> 222900 | X12: =W12/P12 -> 0.0042423317 | Z12: =E12-P12 -> 4629750 | AA12: =F12-Q12 -> -12000 | AB12: =G12-R12 -> -1 | AC12: =H12-S12 -> -4500 | AD12: =I12-T12 -> -4 | AE12: =J12-U12 -> 0 | AF12: =K12-V12 -> 0 | AG12: =L12-W12 -> -16500
B13: 4 | C13: 45357 | D13: 신세계천안아산점 | E13: =VLOOKUP(D13,매출!C:J,8,0) -> 38455850 | F13: =IFERROR(VLOOKUP($D13,매장경비정리!$C:$K,F$1,FALSE),0) -> 94000 | G13: =IFERROR(VLOOKUP($D13,매장경비정리!$C:$K,G$1,FALSE),0) -> 23 | H13: =IFERROR(VLOOKUP($D13,매장경비정리!$C:$K,H$1,FALSE),0) -> 43200 | I13: =IFERROR(VLOOKUP($D13,매장경비정리!$C:$K,I$1,FALSE),0) -> 11 | J13: =IFERROR(VLOOKUP($D13,매장경비정리!$C:$K,J$1,FALSE),0) -> 0 | K13: =IFERROR(VLOOKUP($D13,매장경비정리!$C:$K,K$1,FALSE),0) -> 0 | L13: =SUM(F13,H13,J13) -> 137200 | M13: =L13/E13 -> 0.0035677277 | P13: =VLOOKUP($D13,'[1]25년 5월경비'!$D:$M,P$1,FALSE) -> 25106730 | Q13: =VLOOKUP($D13,'[1]25년 5월경비'!$D:$M,Q$1,FALSE) -> 129000 | R13: =VLOOKUP($D13,'[1]25년 5월경비'!$D:$M,R$1,FALSE) -> 28 | S13: =VLOOKUP($D13,'[1]25년 5월경비'!$D:$M,S$1,FALSE) -> 41500 | T13: =VLOOKUP($D13,'[1]25년 5월경비'!$D:$M,T$1,FALSE) -> 10 | U13: =VLOOKUP($D13,'[1]25년 5월경비'!$D:$M,U$1,FALSE) -> 4000 | V13: =VLOOKUP($D13,'[1]25년 5월경비'!$D:$M,V$1,FALSE) -> 1 | W13: =VLOOKUP($D13,'[1]25년 5월경비'!$D:$M,W$1,FALSE) -> 174500 | X13: =W13/P13 -> 0.0069503277 | Z13: =E13-P13 -> 13349120 | AA13: =F13-Q13 -> -35000 | AB13: =G13-R13 -> -5 | AC13: =H13-S13 -> 1700 | AD13: =I13-T13 -> 1 | AE13: =J13-U13 -> -4000 | AF13: =K13-V13 -> -1 | AG13: =L13-W13 -> -37300
B14: 5 | C14: 45338 | D14: 갤러리아천안점 | E14: =VLOOKUP(D14,매출!C:J,8,0) -> 46885330 | F14: =IFERROR(VLOOKUP($D14,매장경비정리!$C:$K,F$1,FALSE),0) -> 200000 | G14: =IFERROR(VLOOKUP($D14,매장경비정리!$C:$K,G$1,FALSE),0) -> 40 | H14: =IFERROR(VLOOKUP($D14,매장경비정리!$C:$K,H$1,FALSE),0) -> 25500 | I14: =IFERROR(VLOOKUP($D14,매장경비정리!$C:$K,I$1,FALSE),0) -> 6 | J14: =IFERROR(VLOOKUP($D14,매장경비정리!$C:$K,J$1,FALSE),0) -> 0 | K14: =IFERROR(VLOOKUP($D14,매장경비정리!$C:$K,K$1,FALSE),0) -> 0 | L14: =SUM(F14,H14,J14) -> 225500 | M14: =L14/E14 -> 0.0048096068 | P14: =VLOOKUP($D14,'[1]25년 5월경비'!$D:$M,P$1,FALSE) -> 55817820 | Q14: =VLOOKUP($D14,'[1]25년 5월경비'!$D:$M,Q$1,FALSE) -> 98000 | R14: =VLOOKUP($D14,'[1]25년 5월경비'!$D:$M,R$1,FALSE) -> 19 | S14: =VLOOKUP($D14,'[1]25년 5월경비'!$D:$M,S$1,FALSE) -> 101650 | T14: =VLOOKUP($D14,'[1]25년 5월경비'!$D:$M,T$1,FALSE) -> 25 | U14: =VLOOKUP($D14,'[1]25년 5월경비'!$D:$M,U$1,FALSE) -> 0 | V14: =VLOOKUP($D14,'[1]25년 5월경비'!$D:$M,V$1,FALSE) -> 0 | W14: =VLOOKUP($D14,'[1]25년 5월경비'!$D:$M,W$1,FALSE) -> 199650 | X14: =W14/P14 -> 0.0035768147 | Z14: =E14-P14 -> -8932490 | AA14: =F14-Q14 -> 102000 | AB14: =G14-R14 -> 21 | AC14: =H14-S14 -> -76150 | AD14: =I14-T14 -> -19 | AE14: =J14-U14 -> 0 | AF14: =K14-V14 -> 0 | AG14: =L14-W14 -> 25850
B15: 6 | D15: AK프라자수원점 | E15: =VLOOKUP(D15,매출!C:J,8,0) -> 58176500 | F15: =IFERROR(VLOOKUP($D15,매장경비정리!$C:$K,F$1,FALSE),0) -> 374900 | G15: =IFERROR(VLOOKUP($D15,매장경비정리!$C:$K,G$1,FALSE),0) -> 92 | H15: =IFERROR(VLOOKUP($D15,매장경비정리!$C:$K,H$1,FALSE),0) -> 54100 | I15: =IFERROR(VLOOKUP($D15,매장경비정리!$C:$K,I$1,FALSE),0) -> 14 | J15: =IFERROR(VLOOKUP($D15,매장경비정리!$C:$K,J$1,FALSE),0) -> 0 | K15: =IFERROR(VLOOKUP($D15,매장경비정리!$C:$K,K$1,FALSE),0) -> 0 | L15: =SUM(F15,H15,J15) -> 429000 | M15: =L15/E15 -> 0.0073741115 | P15: 0 | Q15: 0 | R15: 0 | S15: 0 | T15: 0 | U15: 0 | V15: 0 | W15: 0 | X15: =IFERROR(W15/P15,"") | Z15: =E15-P15 -> 58176500 | AA15: =F15-Q15 -> 374900 | AB15: =G15-R15 -> 92 | AC15: =H15-S15 -> 54100 | AD15: =I15-T15 -> 14 | AE15: =J15-U15 -> 0 | AF15: =K15-V15 -> 0 | AG15: =L15-W15 -> 429000
B16: 7 | C16: 45425 | D16: 롯데아울렛광명점 | E16: =VLOOKUP(D16,매출!C:J,8,0) -> 44347650 | F16: =IFERROR(VLOOKUP($D16,매장경비정리!$C:$K,F$1,FALSE),0) -> 121500 | G16: =IFERROR(VLOOKUP($D16,매장경비정리!$C:$K,G$1,FALSE),0) -> 29 | H16: =IFERROR(VLOOKUP($D16,매장경비정리!$C:$K,H$1,FALSE),0) -> 37500 | I16: =IFERROR(VLOOKUP($D16,매장경비정리!$C:$K,I$1,FALSE),0) -> 9 | J16: =IFERROR(VLOOKUP($D16,매장경비정리!$C:$K,J$1,FALSE),0) -> 3500 | K16: =IFERROR(VLOOKUP($D16,매장경비정리!$C:$K,K$1,FALSE),0) -> 1 | L16: =SUM(F16,H16,J16) -> 162500 | M16: =L16/E16 -> 0.0036642302 | P16: =VLOOKUP($D16,'[1]25년 5월경비'!$D:$M,P$1,FALSE) -> 41370060 | Q16: =VLOOKUP($D16,'[1]25년 5월경비'!$D:$M,Q$1,FALSE) -> 140000 | R16: =VLOOKUP($D16,'[1]25년 5월경비'!$D:$M,R$1,FALSE) -> 31 | S16: =VLOOKUP($D16,'[1]25년 5월경비'!$D:$M,S$1,FALSE) -> 42300 | T16: =VLOOKUP($D16,'[1]25년 5월경비'!$D:$M,T$1,FALSE) -> 11 | U16: =VLOOKUP($D16,'[1]25년 5월경비'!$D:$M,U$1,FALSE) -> 62000 | V16: =VLOOKUP($D16,'[1]25년 5월경비'!$D:$M,V$1,FALSE) -> 3 | W16: =VLOOKUP($D16,'[1]25년 5월경비'!$D:$M,W$1,FALSE) -> 244300 | X16: =W16/P16 -> 0.0059052368 | Z16: =E16-P16 -> 2977590 | AA16: =F16-Q16 -> -18500 | AB16: =G16-R16 -> -2 | AC16: =H16-S16 -> -4800 | AD16: =I16-T16 -> -2 | AE16: =J16-U16 -> -58500 | AF16: =K16-V16 -> -2 | AG16: =L16-W16 -> -81800
B17: 8 | C17: 45323 | D17: 롯데아울렛군산점 | E17: =VLOOKUP(D17,매출!C:J,8,0) -> 38322990 | F17: =IFERROR(VLOOKUP($D17,매장경비정리!$C:$K,F$1,FALSE),0) -> 71400 | G17: =IFERROR(VLOOKUP($D17,매장경비정리!$C:$K,G$1,FALSE),0) -> 19 | H17: =IFERROR(VLOOKUP($D17,매장경비정리!$C:$K,H$1,FALSE),0) -> 32600 | I17: =IFERROR(VLOOKUP($D17,매장경비정리!$C:$K,I$1,FALSE),0) -> 7 | J17: =IFERROR(VLOOKUP($D17,매장경비정리!$C:$K,J$1,FALSE),0) -> 0 | K17: =IFERROR(VLOOKUP($D17,매장경비정리!$C:$K,K$1,FALSE),0) -> 0 | L17: =SUM(F17,H17,J17) -> 104000 | M17: =L17/E17 -> 0.0027137757 | P17: =VLOOKUP($D17,'[1]25년 5월경비'!$D:$M,P$1,FALSE) -> 29381510 | Q17: =VLOOKUP($D17,'[1]25년 5월경비'!$D:$M,Q$1,FALSE) -> 132600 | R17: =VLOOKUP($D17,'[1]25년 5월경비'!$D:$M,R$1,FALSE) -> 37 | S17: =VLOOKUP($D17,'[1]25년 5월경비'!$D:$M,S$1,FALSE) -> 86400 | T17: =VLOOKUP($D17,'[1]25년 5월경비'!$D:$M,T$1,FALSE) -> 21 | U17: =VLOOKUP($D17,'[1]25년 5월경비'!$D:$M,U$1,FALSE) -> 0 | V17: =VLOOKUP($D17,'[1]25년 5월경비'!$D:$M,V$1,FALSE) -> 0 | W17: =VLOOKUP($D17,'[1]25년 5월경비'!$D:$M,W$1,FALSE) -> 219000 | X17: =W17/P17 -> 0.0074536673 | Z17: =E17-P17 -> 8941480 | AA17: =F17-Q17 -> -61200 | AB17: =G17-R17 -> -18 | AC17: =H17-S17 -> -53800 | AD17: =I17-T17 -> -14 | AE17: =J17-U17 -> 0 | AF17: =K17-V17 -> 0 | AG17: =L17-W17 -> -115000
B18: 9 | C18: 45357 | D18: 현대아울렛대전점 | E18: =VLOOKUP(D18,매출!C:J,8,0) -> 112038310 | F18: =IFERROR(VLOOKUP($D18,매장경비정리!$C:$K,F$1,FALSE),0) -> 0 | G18: =IFERROR(VLOOKUP($D18,매장경비정리!$C:$K,G$1,FALSE),0) -> 0 | H18: =IFERROR(VLOOKUP($D18,매장경비정리!$C:$K,H$1,FALSE),0) -> 0 | I18: =IFERROR(VLOOKUP($D18,매장경비정리!$C:$K,I$1,FALSE),0) -> 0 | J18: =IFERROR(VLOOKUP($D18,매장경비정리!$C:$K,J$1,FALSE),0) -> 0 | K18: =IFERROR(VLOOKUP($D18,매장경비정리!$C:$K,K$1,FALSE),0) -> 0 | L18: =SUM(F18,H18,J18) -> 0 | M18: =L18/E18 -> 0 | P18: =VLOOKUP($D18,'[1]25년 5월경비'!$D:$M,P$1,FALSE) -> 96500780 | Q18: =VLOOKUP($D18,'[1]25년 5월경비'!$D:$M,Q$1,FALSE) -> 0 | R18: =VLOOKUP($D18,'[1]25년 5월경비'!$D:$M,R$1,FALSE) -> 0 | S18: =VLOOKUP($D18,'[1]25년 5월경비'!$D:$M,S$1,FALSE) -> 0 | T18: =VLOOKUP($D18,'[1]25년 5월경비'!$D:$M,T$1,FALSE) -> 0 | U18: =VLOOKUP($D18,'[1]25년 5월경비'!$D:$M,U$1,FALSE) -> 0 | V18: =VLOOKUP($D18,'[1]25년 5월경비'!$D:$M,V$1,FALSE) -> 0 | W18: =VLOOKUP($D18,'[1]25년 5월경비'!$D:$M,W$1,FALSE) -> 0 | Z18: =E18-P18 -> 15537530 | AA18: =F18-Q18 -> 0 | AB18: =G18-R18 -> 0 | AC18: =H18-S18 -> 0 | AD18: =I18-T18 -> 0 | AE18: =J18-U18 -> 0 | AF18: =K18-V18 -> 0 | AG18: =L18-W18 -> 0
B19: 10 | C19: 45404 | D19: LF스퀘어양주점 | E19: =VLOOKUP(D19,매출!C:J,8,0) -> 55264530 | F19: =IFERROR(VLOOKUP($D19,매장경비정리!$C:$K,F$1,FALSE),0) -> 165450 | G19: =IFERROR(VLOOKUP($D19,매장경비정리!$C:$K,G$1,FALSE),0) -> 42 | H19: =IFERROR(VLOOKUP($D19,매장경비정리!$C:$K,H$1,FALSE),0) -> 32500 | I19: =IFERROR(VLOOKUP($D19,매장경비정리!$C:$K,I$1,FALSE),0) -> 8 | J19: =IFERROR(VLOOKUP($D19,매장경비정리!$C:$K,J$1,FALSE),0) -> 0 | K19: =IFERROR(VLOOKUP($D19,매장경비정리!$C:$K,K$1,FALSE),0) -> 0 | L19: =SUM(F19,H19,J19) -> 197950 | M19: =L19/E19 -> 0.0035818634 | P19: =VLOOKUP($D19,'[1]25년 5월경비'!$D:$M,P$1,FALSE) -> 62599320 | Q19: =VLOOKUP($D19,'[1]25년 5월경비'!$D:$M,Q$1,FALSE) -> 322150 | R19: =VLOOKUP($D19,'[1]25년 5월경비'!$D:$M,R$1,FALSE) -> 78 | S19: =VLOOKUP($D19,'[1]25년 5월경비'!$D:$M,S$1,FALSE) -> 0 | T19: =VLOOKUP($D19,'[1]25년 5월경비'!$D:$M,T$1,FALSE) -> 0 | U19: =VLOOKUP($D19,'[1]25년 5월경비'!$D:$M,U$1,FALSE) -> 0 | V19: =VLOOKUP($D19,'[1]25년 5월경비'!$D:$M,V$1,FALSE) -> 0 | W19: =VLOOKUP($D19,'[1]25년 5월경비'!$D:$M,W$1,FALSE) -> 322150 | X19: =W19/P19 -> 0.005146222 | Z19: =E19-P19 -> -7334790 | AA19: =F19-Q19 -> -156700 | AB19: =G19-R19 -> -36 | AC19: =H19-S19 -> 32500 | AD19: =I19-T19 -> 8 | AE19: =J19-U19 -> 0 | AF19: =K19-V19 -> 0 | AG19: =L19-W19 -> -124200
E20: =SUM(E10:E19) -> 534329980 | F20: =SUM(F10:F19) -> 1307250 | G20: =SUM(G10:G19) -> 293 | H20: =SUM(H10:H19) -> 439750 | I20: =SUM(I10:I19) -> 104 | J20: =SUM(J10:J19) -> 3500 | K20: =SUM(K10:K19) -> 1 | L20: =SUM(L10:L19) -> 1750500 | M20: =L20/E20 -> 0.0032760655 | P20: =SUM(P10:P19) -> 442461030 | Q20: =SUM(Q10:Q19) -> 1101750 | R20: =SUM(R10:R19) -> 235 | S20: =SUM(S10:S19) -> 558120 | T20: =SUM(T10:T19) -> 138 | U20: =SUM(U10:U19) -> 120500 | V20: =SUM(V10:V19) -> 6 | W20: =SUM(W10:W19) -> 1780370 | X20: =W20/P20 -> 0.0040237894 | Z20: =SUM(Z10:Z19) -> 91868950 | AA20: =SUM(AA10:AA19) -> 205500 | AB20: =SUM(AB10:AB19) -> 58 | AC20: =SUM(AC10:AC19) -> -118370 | AD20: =SUM(AD10:AD19) -> -34 | AE20: =SUM(AE10:AE19) -> -117000 | AF20: =SUM(AF10:AF19) -> -5 | AG20: =SUM(AG10:AG19) -> -29870
A22: 담당자 | B22: NO. | C22: 직택배 시행기간 | D22: 매장명 | E22: 26년 5월 매출 | F22: 고객배송 택배비 | G22: 건수 | H22: 매장 수평 택배비 | I22: 건수 | J22: 매장경비 | K22: 건수 | L22: 계 | M22: 매출대비 전체비율 | P22: 25년 5월 매출 | Q22: 고객배송 택배비 | R22: 건수 | S22: 매장 수평 택배비 | T22: 건수 | U22: 매장경비 | V22: 건수 | W22: 계 | X22: 매출대비 전체비율 | Z22: 전년 대비 매출 | AA22: 고객배송 택배비 | AB22: 건수 | AC22: 매장 수평 택배비 | AD22: 건수 | AE22: 매장경비 | AF22: 건수 | AG22: 계 | AH22: 확인 | AI22: 비고란 | AJ22: 근로계약서 | AL22: 고객배송 기본택배비 | AM22: 고객배송 택배업체 | AN22: 비고 | AO22: 수평,고객배송 과다체크
A23: 안정우 팀장 | B23: 1 | C23: 45404 | D23: 롯데상인점 | E23: =VLOOKUP(D23,매출!C:J,8,0) -> 48142530 | F23: =IFERROR(VLOOKUP($D23,매장경비정리!$C:$K,F$1,FALSE),0) -> 70000 | G23: =IFERROR(VLOOKUP($D23,매장경비정리!$C:$K,G$1,FALSE),0) -> 15 | H23: =IFERROR(VLOOKUP($D23,매장경비정리!$C:$K,H$1,FALSE),0) -> 35500 | I23: =IFERROR(VLOOKUP($D23,매장경비정리!$C:$K,I$1,FALSE),0) -> 9 | J23: =IFERROR(VLOOKUP($D23,매장경비정리!$C:$K,J$1,FALSE),0) -> 0 | K23: =IFERROR(VLOOKUP($D23,매장경비정리!$C:$K,K$1,FALSE),0) -> 0 | L23: =SUM(F23,H23,J23) -> 105500 | M23: =L23/E23 -> 0.0021914095 | P23: =VLOOKUP($D23,'[1]25년 5월경비'!$D:$M,P$1,FALSE) -> 25730830 | Q23: =VLOOKUP($D23,'[1]25년 5월경비'!$D:$M,Q$1,FALSE) -> 24000 | R23: =VLOOKUP($D23,'[1]25년 5월경비'!$D:$M,R$1,FALSE) -> 3 | S23: =VLOOKUP($D23,'[1]25년 5월경비'!$D:$M,S$1,FALSE) -> 54000 | T23: =VLOOKUP($D23,'[1]25년 5월경비'!$D:$M,T$1,FALSE) -> 14 | U23: =VLOOKUP($D23,'[1]25년 5월경비'!$D:$M,U$1,FALSE) -> 0 | V23: =VLOOKUP($D23,'[1]25년 5월경비'!$D:$M,V$1,FALSE) -> 0 | W23: =VLOOKUP($D23,'[1]25년 5월경비'!$D:$M,W$1,FALSE) -> 78000 | X23: =W23/P23 -> 0.003031383 | Z23: =E23-P23 -> 22411700 | AA23: =F23-Q23 -> 46000 | AB23: =G23-R23 -> 12 | AC23: =H23-S23 -> -18500 | AD23: =I23-T23 -> -5 | AE23: =J23-U23 -> 0 | AF23: =K23-V23 -> 0 | AG23: =L23-W23 -> 27500
B24: 2 | C24: 45425 | D24: 롯데대구점 | E24: =VLOOKUP(D24,매출!C:J,8,0) -> 40477220 | F24: =IFERROR(VLOOKUP($D24,매장경비정리!$C:$K,F$1,FALSE),0) -> 134500 | G24: =IFERROR(VLOOKUP($D24,매장경비정리!$C:$K,G$1,FALSE),0) -> 18 | H24: =IFERROR(VLOOKUP($D24,매장경비정리!$C:$K,H$1,FALSE),0) -> 85500 | I24: =IFERROR(VLOOKUP($D24,매장경비정리!$C:$K,I$1,FALSE),0) -> 21 | J24: =IFERROR(VLOOKUP($D24,매장경비정리!$C:$K,J$1,FALSE),0) -> 0 | K24: =IFERROR(VLOOKUP($D24,매장경비정리!$C:$K,K$1,FALSE),0) -> 0 | L24: =SUM(F24,H24,J24) -> 220000 | M24: =L24/E24 -> 0.0054351559 | P24: =VLOOKUP($D24,'[1]25년 5월경비'!$D:$M,P$1,FALSE) -> 35200670 | Q24: =VLOOKUP($D24,'[1]25년 5월경비'!$D:$M,Q$1,FALSE) -> 80000 | R24: =VLOOKUP($D24,'[1]25년 5월경비'!$D:$M,R$1,FALSE) -> 12 | S24: =VLOOKUP($D24,'[1]25년 5월경비'!$D:$M,S$1,FALSE) -> 40670 | T24: =VLOOKUP($D24,'[1]25년 5월경비'!$D:$M,T$1,FALSE) -> 10 | U24: =VLOOKUP($D24,'[1]25년 5월경비'!$D:$M,U$1,FALSE) -> 0 | V24: =VLOOKUP($D24,'[1]25년 5월경비'!$D:$M,V$1,FALSE) -> 0 | W24: =VLOOKUP($D24,'[1]25년 5월경비'!$D:$M,W$1,FALSE) -> 120670 | X24: =W24/P24 -> 0.0034280597 | Z24: =E24-P24 -> 5276550 | AA24: =F24-Q24 -> 54500 | AB24: =G24-R24 -> 6 | AC24: =H24-S24 -> 44830 | AD24: =I24-T24 -> 11 | AE24: =J24-U24 -> 0 | AF24: =K24-V24 -> 0 | AG24: =L24-W24 -> 99330
B25: 3 | C25: 45418 | D25: 롯데인천터미널점 | E25: =VLOOKUP(D25,매출!C:J,8,0) -> 77019390 | F25: =IFERROR(VLOOKUP($D25,매장경비정리!$C:$K,F$1,FALSE),0) -> 66700 | G25: =IFERROR(VLOOKUP($D25,매장경비정리!$C:$K,G$1,FALSE),0) -> 15 | H25: =IFERROR(VLOOKUP($D25,매장경비정리!$C:$K,H$1,FALSE),0) -> 60500 | I25: =IFERROR(VLOOKUP($D25,매장경비정리!$C:$K,I$1,FALSE),0) -> 15 | J25: =IFERROR(VLOOKUP($D25,매장경비정리!$C:$K,J$1,FALSE),0) -> 4000 | K25: =IFERROR(VLOOKUP($D25,매장경비정리!$C:$K,K$1,FALSE),0) -> 1 | L25: =SUM(F25,H25,J25) -> 131200 | M25: =L25/E25 -> 0.0017034671 | P25: =VLOOKUP($D25,'[1]25년 5월경비'!$D:$M,P$1,FALSE) -> 117971560 | Q25: =VLOOKUP($D25,'[1]25년 5월경비'!$D:$M,Q$1,FALSE) -> 94400 | R25: =VLOOKUP($D25,'[1]25년 5월경비'!$D:$M,R$1,FALSE) -> 15 | S25: =VLOOKUP($D25,'[1]25년 5월경비'!$D:$M,S$1,FALSE) -> 113600 | T25: =VLOOKUP($D25,'[1]25년 5월경비'!$D:$M,T$1,FALSE) -> 28 | U25: =VLOOKUP($D25,'[1]25년 5월경비'!$D:$M,U$1,FALSE) -> 0 | V25: =VLOOKUP($D25,'[1]25년 5월경비'!$D:$M,V$1,FALSE) -> 0 | W25: =VLOOKUP($D25,'[1]25년 5월경비'!$D:$M,W$1,FALSE) -> 208000 | X25: =W25/P25 -> 0.0017631368 | Z25: =E25-P25 -> -40952170 | AA25: =F25-Q25 -> -27700 | AB25: =G25-R25 -> 0 | AC25: =H25-S25 -> -53100 | AD25: =I25-T25 -> -13 | AE25: =J25-U25 -> 4000 | AF25: =K25-V25 -> 1 | AG25: =L25-W25 -> -76800
B26: 4 | C26: 45418 | D26: 롯데동래점 | E26: =VLOOKUP(D26,매출!C:J,8,0) -> 31438100 | F26: =IFERROR(VLOOKUP($D26,매장경비정리!$C:$K,F$1,FALSE),0) -> 0 | G26: =IFERROR(VLOOKUP($D26,매장경비정리!$C:$K,G$1,FALSE),0) -> 0 | H26: =IFERROR(VLOOKUP($D26,매장경비정리!$C:$K,H$1,FALSE),0) -> 0 | I26: =IFERROR(VLOOKUP($D26,매장경비정리!$C:$K,I$1,FALSE),0) -> 0 | J26: =IFERROR(VLOOKUP($D26,매장경비정리!$C:$K,J$1,FALSE),0) -> 0 | K26: =IFERROR(VLOOKUP($D26,매장경비정리!$C:$K,K$1,FALSE),0) -> 0 | L26: =SUM(F26,H26,J26) -> 0 | M26: =L26/E26 -> 0 | P26: =VLOOKUP($D26,'[1]25년 5월경비'!$D:$M,P$1,FALSE) -> 27641950 | Q26: =VLOOKUP($D26,'[1]25년 5월경비'!$D:$M,Q$1,FALSE) -> 177000 | R26: =VLOOKUP($D26,'[1]25년 5월경비'!$D:$M,R$1,FALSE) -> 32 | S26: =VLOOKUP($D26,'[1]25년 5월경비'!$D:$M,S$1,FALSE) -> 54500 | T26: =VLOOKUP($D26,'[1]25년 5월경비'!$D:$M,T$1,FALSE) -> 13 | U26: =VLOOKUP($D26,'[1]25년 5월경비'!$D:$M,U$1,FALSE) -> 0 | V26: =VLOOKUP($D26,'[1]25년 5월경비'!$D:$M,V$1,FALSE) -> 0 | W26: =VLOOKUP($D26,'[1]25년 5월경비'!$D:$M,W$1,FALSE) -> 231500 | X26: =W26/P26 -> 0.0083749518 | Z26: =E26-P26 -> 3796150 | AA26: =F26-Q26 -> -177000 | AB26: =G26-R26 -> -32 | AC26: =H26-S26 -> -54500 | AD26: =I26-T26 -> -13 | AE26: =J26-U26 -> 0 | AF26: =K26-V26 -> 0 | AG26: =L26-W26 -> -231500
B27: 5 | C27: 45425 | D27: 롯데부산본점 | E27: =VLOOKUP(D27,매출!C:J,8,0) -> 128028400 | F27: =IFERROR(VLOOKUP($D27,매장경비정리!$C:$K,F$1,FALSE),0) -> 117000 | G27: =IFERROR(VLOOKUP($D27,매장경비정리!$C:$K,G$1,FALSE),0) -> 29 | H27: =IFERROR(VLOOKUP($D27,매장경비정리!$C:$K,H$1,FALSE),0) -> 108400 | I27: =IFERROR(VLOOKUP($D27,매장경비정리!$C:$K,I$1,FALSE),0) -> 27 | J27: =IFERROR(VLOOKUP($D27,매장경비정리!$C:$K,J$1,FALSE),0) -> 22000 | K27: =IFERROR(VLOOKUP($D27,매장경비정리!$C:$K,K$1,FALSE),0) -> 3 | L27: =SUM(F27,H27,J27) -> 247400 | M27: =L27/E27 -> 0.0019323838 | P27: =VLOOKUP($D27,'[1]25년 5월경비'!$D:$M,P$1,FALSE) -> 101004360 | Q27: =VLOOKUP($D27,'[1]25년 5월경비'!$D:$M,Q$1,FALSE) -> 166000 | R27: =VLOOKUP($D27,'[1]25년 5월경비'!$D:$M,R$1,FALSE) -> 29 | S27: =VLOOKUP($D27,'[1]25년 5월경비'!$D:$M,S$1,FALSE) -> 150100 | T27: =VLOOKUP($D27,'[1]25년 5월경비'!$D:$M,T$1,FALSE) -> 38 | U27: =VLOOKUP($D27,'[1]25년 5월경비'!$D:$M,U$1,FALSE) -> 62700 | V27: =VLOOKUP($D27,'[1]25년 5월경비'!$D:$M,V$1,FALSE) -> 4 | W27: =VLOOKUP($D27,'[1]25년 5월경비'!$D:$M,W$1,FALSE) -> 378800 | X27: =W27/P27 -> 0.0037503332 | Z27: =E27-P27 -> 27024040 | AA27: =F27-Q27 -> -49000 | AB27: =G27-R27 -> 0 | AC27: =H27-S27 -> -41700 | AD27: =I27-T27 -> -11 | AE27: =J27-U27 -> -40700 | AF27: =K27-V27 -> -1 | AG27: =L27-W27 -> -131400
B28: 6 | C28: 45411 | D28: 롯데광복점 | E28: =VLOOKUP(D28,매출!C:J,8,0) -> 53860630 | F28: =IFERROR(VLOOKUP($D28,매장경비정리!$C:$K,F$1,FALSE),0) -> 87000 | G28: =IFERROR(VLOOKUP($D28,매장경비정리!$C:$K,G$1,FALSE),0) -> 22 | H28: =IFERROR(VLOOKUP($D28,매장경비정리!$C:$K,H$1,FALSE),0) -> 42000 | I28: =IFERROR(VLOOKUP($D28,매장경비정리!$C:$K,I$1,FALSE),0) -> 11 | J28: =IFERROR(VLOOKUP($D28,매장경비정리!$C:$K,J$1,FALSE),0) -> 15900 | K28: =IFERROR(VLOOKUP($D28,매장경비정리!$C:$K,K$1,FALSE),0) -> 1 | L28: =SUM(F28,H28,J28) -> 144900 | M28: =L28/E28 -> 0.0026902767 | P28: =VLOOKUP($D28,'[1]25년 5월경비'!$D:$M,P$1,FALSE) -> 41503950 | Q28: =VLOOKUP($D28,'[1]25년 5월경비'!$D:$M,Q$1,FALSE) -> 85050 | R28: =VLOOKUP($D28,'[1]25년 5월경비'!$D:$M,R$1,FALSE) -> 22 | S28: =VLOOKUP($D28,'[1]25년 5월경비'!$D:$M,S$1,FALSE) -> 96500 | T28: =VLOOKUP($D28,'[1]25년 5월경비'!$D:$M,T$1,FALSE) -> 19 | U28: =VLOOKUP($D28,'[1]25년 5월경비'!$D:$M,U$1,FALSE) -> 0 | V28: =VLOOKUP($D28,'[1]25년 5월경비'!$D:$M,V$1,FALSE) -> 0 | W28: =VLOOKUP($D28,'[1]25년 5월경비'!$D:$M,W$1,FALSE) -> 181550 | X28: =W28/P28 -> 0.0043742824 | Z28: =E28-P28 -> 12356680 | AA28: =F28-Q28 -> 1950 | AB28: =G28-R28 -> 0 | AC28: =H28-S28 -> -54500 | AD28: =I28-T28 -> -8 | AE28: =J28-U28 -> 15900 | AF28: =K28-V28 -> 1 | AG28: =L28-W28 -> -36650
B29: 7 | C29: 45411 | D29: 롯데포항점 | E29: =VLOOKUP(D29,매출!C:J,8,0) -> 73635020 | F29: =IFERROR(VLOOKUP($D29,매장경비정리!$C:$K,F$1,FALSE),0) -> 0 | G29: =IFERROR(VLOOKUP($D29,매장경비정리!$C:$K,G$1,FALSE),0) -> 0 | H29: =IFERROR(VLOOKUP($D29,매장경비정리!$C:$K,H$1,FALSE),0) -> 0 | I29: =IFERROR(VLOOKUP($D29,매장경비정리!$C:$K,I$1,FALSE),0) -> 0 | J29: =IFERROR(VLOOKUP($D29,매장경비정리!$C:$K,J$1,FALSE),0) -> 0 | K29: =IFERROR(VLOOKUP($D29,매장경비정리!$C:$K,K$1,FALSE),0) -> 0 | L29: =SUM(F29,H29,J29) -> 0 | M29: =L29/E29 -> 0 | P29: =VLOOKUP($D29,'[1]25년 5월경비'!$D:$M,P$1,FALSE) -> 66528480 | Q29: =VLOOKUP($D29,'[1]25년 5월경비'!$D:$M,Q$1,FALSE) -> 0 | R29: =VLOOKUP($D29,'[1]25년 5월경비'!$D:$M,R$1,FALSE) -> 0 | S29: =VLOOKUP($D29,'[1]25년 5월경비'!$D:$M,S$1,FALSE) -> 0 | T29: =VLOOKUP($D29,'[1]25년 5월경비'!$D:$M,T$1,FALSE) -> 0 | U29: =VLOOKUP($D29,'[1]25년 5월경비'!$D:$M,U$1,FALSE) -> 0 | V29: =VLOOKUP($D29,'[1]25년 5월경비'!$D:$M,V$1,FALSE) -> 0 | W29: =VLOOKUP($D29,'[1]25년 5월경비'!$D:$M,W$1,FALSE) -> 0 | X29: =W29/P29 -> 0 | Z29: =E29-P29 -> 7106540 | AA29: =F29-Q29 -> 0 | AB29: =G29-R29 -> 0 | AC29: =H29-S29 -> 0 | AD29: =I29-T29 -> 0 | AE29: =J29-U29 -> 0 | AF29: =K29-V29 -> 0 | AG29: =L29-W29 -> 0
B30: 8 | C30: 45432 | D30: 롯데평촌점 | E30: =VLOOKUP(D30,매출!C:J,8,0) -> 83647550 | F30: =IFERROR(VLOOKUP($D30,매장경비정리!$C:$K,F$1,FALSE),0) -> 0 | G30: =IFERROR(VLOOKUP($D30,매장경비정리!$C:$K,G$1,FALSE),0) -> 0 | H30: =IFERROR(VLOOKUP($D30,매장경비정리!$C:$K,H$1,FALSE),0) -> 0 | I30: =IFERROR(VLOOKUP($D30,매장경비정리!$C:$K,I$1,FALSE),0) -> 0 | J30: =IFERROR(VLOOKUP($D30,매장경비정리!$C:$K,J$1,FALSE),0) -> 0 | K30: =IFERROR(VLOOKUP($D30,매장경비정리!$C:$K,K$1,FALSE),0) -> 0 | L30: =SUM(F30,H30,J30) -> 0 | M30: =L30/E30 -> 0 | P30: =VLOOKUP($D30,'[1]25년 5월경비'!$D:$M,P$1,FALSE) -> 62783580 | Q30: =VLOOKUP($D30,'[1]25년 5월경비'!$D:$M,Q$1,FALSE) -> 0 | R30: =VLOOKUP($D30,'[1]25년 5월경비'!$D:$M,R$1,FALSE) -> 0 | S30: =VLOOKUP($D30,'[1]25년 5월경비'!$D:$M,S$1,FALSE) -> 0 | T30: =VLOOKUP($D30,'[1]25년 5월경비'!$D:$M,T$1,FALSE) -> 0 | U30: =VLOOKUP($D30,'[1]25년 5월경비'!$D:$M,U$1,FALSE) -> 0 | V30: =VLOOKUP($D30,'[1]25년 5월경비'!$D:$M,V$1,FALSE) -> 0 | W30: =VLOOKUP($D30,'[1]25년 5월경비'!$D:$M,W$1,FALSE) -> 0 | X30: =W30/P30 -> 0 | Z30: =E30-P30 -> 20863970 | AA30: =F30-Q30 -> 0 | AB30: =G30-R30 -> 0 | AC30: =H30-S30 -> 0 | AD30: =I30-T30 -> 0 | AE30: =J30-U30 -> 0 | AF30: =K30-V30 -> 0 | AG30: =L30-W30 -> 0
B31: 9 | C31: 45404 | D31: 신세계대구점 | E31: =VLOOKUP(D31,매출!C:J,8,0) -> 128665630 | F31: =IFERROR(VLOOKUP($D31,매장경비정리!$C:$K,F$1,FALSE),0) -> 0 | G31: =IFERROR(VLOOKUP($D31,매장경비정리!$C:$K,G$1,FALSE),0) -> 0 | H31: =IFERROR(VLOOKUP($D31,매장경비정리!$C:$K,H$1,FALSE),0) -> 0 | I31: =IFERROR(VLOOKUP($D31,매장경비정리!$C:$K,I$1,FALSE),0) -> 0 | J31: =IFERROR(VLOOKUP($D31,매장경비정리!$C:$K,J$1,FALSE),0) -> 0 | K31: =IFERROR(VLOOKUP($D31,매장경비정리!$C:$K,K$1,FALSE),0) -> 0 | L31: =SUM(F31,H31,J31) -> 0 | M31: =L31/E31 -> 0 | P31: =VLOOKUP($D31,'[1]25년 5월경비'!$D:$M,P$1,FALSE) -> 104992240 | Q31: =VLOOKUP($D31,'[1]25년 5월경비'!$D:$M,Q$1,FALSE) -> 60500 | R31: =VLOOKUP($D31,'[1]25년 5월경비'!$D:$M,R$1,FALSE) -> 13 | S31: =VLOOKUP($D31,'[1]25년 5월경비'!$D:$M,S$1,FALSE) -> 66000 | T31: =VLOOKUP($D31,'[1]25년 5월경비'!$D:$M,T$1,FALSE) -> 15 | U31: =VLOOKUP($D31,'[1]25년 5월경비'!$D:$M,U$1,FALSE) -> 0 | V31: =VLOOKUP($D31,'[1]25년 5월경비'!$D:$M,V$1,FALSE) -> 0 | W31: =VLOOKUP($D31,'[1]25년 5월경비'!$D:$M,W$1,FALSE) -> 126500 | X31: =W31/P31 -> 0.0012048509 | Z31: =E31-P31 -> 23673390 | AA31: =F31-Q31 -> -60500 | AB31: =G31-R31 -> -13 | AC31: =H31-S31 -> -66000 | AD31: =I31-T31 -> -15 | AE31: =J31-U31 -> 0 | AF31: =K31-V31 -> 0 | AG31: =L31-W31 -> -126500
B32: 10 | C32: 45411 | D32: 현대천호점 | E32: =VLOOKUP(D32,매출!C:J,8,0) -> 100163700 | F32: =IFERROR(VLOOKUP($D32,매장경비정리!$C:$K,F$1,FALSE),0) -> 0 | G32: =IFERROR(VLOOKUP($D32,매장경비정리!$C:$K,G$1,FALSE),0) -> 0 | H32: =IFERROR(VLOOKUP($D32,매장경비정리!$C:$K,H$1,FALSE),0) -> 0 | I32: =IFERROR(VLOOKUP($D32,매장경비정리!$C:$K,I$1,FALSE),0) -> 0 | J32: =IFERROR(VLOOKUP($D32,매장경비정리!$C:$K,J$1,FALSE),0) -> 0 | K32: =IFERROR(VLOOKUP($D32,매장경비정리!$C:$K,K$1,FALSE),0) -> 0 | L32: =SUM(F32,H32,J32) -> 0 | M32: =L32/E32 -> 0 | P32: =VLOOKUP($D32,'[1]25년 5월경비'!$D:$M,P$1,FALSE) -> 80394050 | Q32: =VLOOKUP($D32,'[1]25년 5월경비'!$D:$M,Q$1,FALSE) -> 0 | R32: =VLOOKUP($D32,'[1]25년 5월경비'!$D:$M,R$1,FALSE) -> 0 | S32: =VLOOKUP($D32,'[1]25년 5월경비'!$D:$M,S$1,FALSE) -> 0 | T32: =VLOOKUP($D32,'[1]25년 5월경비'!$D:$M,T$1,FALSE) -> 0 | U32: =VLOOKUP($D32,'[1]25년 5월경비'!$D:$M,U$1,FALSE) -> 0 | V32: =VLOOKUP($D32,'[1]25년 5월경비'!$D:$M,V$1,FALSE) -> 0 | W32: =VLOOKUP($D32,'[1]25년 5월경비'!$D:$M,W$1,FALSE) -> 0 | X32: =W32/P32 -> 0 | Z32: =E32-P32 -> 19769650 | AA32: =F32-Q32 -> 0 | AB32: =G32-R32 -> 0 | AC32: =H32-S32 -> 0 | AD32: =I32-T32 -> 0 | AE32: =J32-U32 -> 0 | AF32: =K32-V32 -> 0 | AG32: =L32-W32 -> 0
B33: 11 | C33: 45425 | D33: 현대대구점 | E33: =VLOOKUP(D33,매출!C:J,8,0) -> 140435320 | F33: =IFERROR(VLOOKUP($D33,매장경비정리!$C:$K,F$1,FALSE),0) -> 0 | G33: =IFERROR(VLOOKUP($D33,매장경비정리!$C:$K,G$1,FALSE),0) -> 0 | H33: =IFERROR(VLOOKUP($D33,매장경비정리!$C:$K,H$1,FALSE),0) -> 0 | I33: =IFERROR(VLOOKUP($D33,매장경비정리!$C:$K,I$1,FALSE),0) -> 0 | J33: =IFERROR(VLOOKUP($D33,매장경비정리!$C:$K,J$1,FALSE),0) -> 0 | K33: =IFERROR(VLOOKUP($D33,매장경비정리!$C:$K,K$1,FALSE),0) -> 0 | L33: =SUM(F33,H33,J33) -> 0 | M33: =L33/E33 -> 0 | P33: =VLOOKUP($D33,'[1]25년 5월경비'!$D:$M,P$1,FALSE) -> 120767583 | Q33: =VLOOKUP($D33,'[1]25년 5월경비'!$D:$M,Q$1,FALSE) -> 0 | R33: =VLOOKUP($D33,'[1]25년 5월경비'!$D:$M,R$1,FALSE) -> 0 | S33: =VLOOKUP($D33,'[1]25년 5월경비'!$D:$M,S$1,FALSE) -> 0 | T33: =VLOOKUP($D33,'[1]25년 5월경비'!$D:$M,T$1,FALSE) -> 0 | U33: =VLOOKUP($D33,'[1]25년 5월경비'!$D:$M,U$1,FALSE) -> 0 | V33: =VLOOKUP($D33,'[1]25년 5월경비'!$D:$M,V$1,FALSE) -> 0 | W33: =VLOOKUP($D33,'[1]25년 5월경비'!$D:$M,W$1,FALSE) -> 0 | X33: =W33/P33 -> 0 | Z33: =E33-P33 -> 19667737 | AA33: =F33-Q33 -> 0 | AB33: =G33-R33 -> 0 | AC33: =H33-S33 -> 0 | AD33: =I33-T33 -> 0 | AE33: =J33-U33 -> 0 | AF33: =K33-V33 -> 0 | AG33: =L33-W33 -> 0
B34: 12 | C34: 45411 | D34: 현대판교점 | E34: =VLOOKUP(D34,매출!C:J,8,0) -> 115875950 | F34: =IFERROR(VLOOKUP($D34,매장경비정리!$C:$K,F$1,FALSE),0) -> 0 | G34: =IFERROR(VLOOKUP($D34,매장경비정리!$C:$K,G$1,FALSE),0) -> 0 | H34: =IFERROR(VLOOKUP($D34,매장경비정리!$C:$K,H$1,FALSE),0) -> 0 | I34: =IFERROR(VLOOKUP($D34,매장경비정리!$C:$K,I$1,FALSE),0) -> 0 | J34: =IFERROR(VLOOKUP($D34,매장경비정리!$C:$K,J$1,FALSE),0) -> 0 | K34: =IFERROR(VLOOKUP($D34,매장경비정리!$C:$K,K$1,FALSE),0) -> 0 | L34: =SUM(F34,H34,J34) -> 0 | M34: =L34/E34 -> 0 | P34: =VLOOKUP($D34,'[1]25년 5월경비'!$D:$M,P$1,FALSE) -> 91924790 | Q34: =VLOOKUP($D34,'[1]25년 5월경비'!$D:$M,Q$1,FALSE) -> 0 | R34: =VLOOKUP($D34,'[1]25년 5월경비'!$D:$M,R$1,FALSE) -> 0 | S34: =VLOOKUP($D34,'[1]25년 5월경비'!$D:$M,S$1,FALSE) -> 0 | T34: =VLOOKUP($D34,'[1]25년 5월경비'!$D:$M,T$1,FALSE) -> 0 | U34: =VLOOKUP($D34,'[1]25년 5월경비'!$D:$M,U$1,FALSE) -> 0 | V34: =VLOOKUP($D34,'[1]25년 5월경비'!$D:$M,V$1,FALSE) -> 0 | W34: =VLOOKUP($D34,'[1]25년 5월경비'!$D:$M,W$1,FALSE) -> 0 | X34: =W34/P34 -> 0 | Z34: =E34-P34 -> 23951160 | AA34: =F34-Q34 -> 0 | AB34: =G34-R34 -> 0 | AC34: =H34-S34 -> 0 | AD34: =I34-T34 -> 0 | AE34: =J34-U34 -> 0 | AF34: =K34-V34 -> 0 | AG34: =L34-W34 -> 0
B35: 13 | C35: 45425 | D35: 현대중동점 | E35: =VLOOKUP(D35,매출!C:J,8,0) -> 65219490 | F35: =IFERROR(VLOOKUP($D35,매장경비정리!$C:$K,F$1,FALSE),0) -> 247000 | G35: =IFERROR(VLOOKUP($D35,매장경비정리!$C:$K,G$1,FALSE),0) -> 58 | H35: =IFERROR(VLOOKUP($D35,매장경비정리!$C:$K,H$1,FALSE),0) -> 84500 | I35: =IFERROR(VLOOKUP($D35,매장경비정리!$C:$K,I$1,FALSE),0) -> 21 | J35: =IFERROR(VLOOKUP($D35,매장경비정리!$C:$K,J$1,FALSE),0) -> 0 | K35: =IFERROR(VLOOKUP($D35,매장경비정리!$C:$K,K$1,FALSE),0) -> 0 | L35: =SUM(F35,H35,J35) -> 331500 | M35: =L35/E35 -> 0.0050828364 | P35: =VLOOKUP($D35,'[1]25년 5월경비'!$D:$M,P$1,FALSE) -> 41384350 | Q35: =VLOOKUP($D35,'[1]25년 5월경비'!$D:$M,Q$1,FALSE) -> 183400 | R35: =VLOOKUP($D35,'[1]25년 5월경비'!$D:$M,R$1,FALSE) -> 39 | S35: =VLOOKUP($D35,'[1]25년 5월경비'!$D:$M,S$1,FALSE) -> 79000 | T35: =VLOOKUP($D35,'[1]25년 5월경비'!$D:$M,T$1,FALSE) -> 19 | U35: =VLOOKUP($D35,'[1]25년 5월경비'!$D:$M,U$1,FALSE) -> 6000 | V35: =VLOOKUP($D35,'[1]25년 5월경비'!$D:$M,V$1,FALSE) -> 1 | W35: =VLOOKUP($D35,'[1]25년 5월경비'!$D:$M,W$1,FALSE) -> 268400 | X35: =W35/P35 -> 0.0064855434 | Z35: =E35-P35 -> 23835140 | AA35: =F35-Q35 -> 63600 | AB35: =G35-R35 -> 19 | AC35: =H35-S35 -> 5500 | AD35: =I35-T35 -> 2 | AE35: =J35-U35 -> -6000 | AF35: =K35-V35 -> -1 | AG35: =L35-W35 -> 63100
B36: 14 | D36: 현대신촌점 | E36: =VLOOKUP(D36,매출!C:J,8,0) -> 57987500 | F36: =IFERROR(VLOOKUP($D36,매장경비정리!$C:$K,F$1,FALSE),0) -> 187000 | G36: =IFERROR(VLOOKUP($D36,매장경비정리!$C:$K,G$1,FALSE),0) -> 39 | H36: =IFERROR(VLOOKUP($D36,매장경비정리!$C:$K,H$1,FALSE),0) -> 140500 | I36: =IFERROR(VLOOKUP($D36,매장경비정리!$C:$K,I$1,FALSE),0) -> 34 | J36: =IFERROR(VLOOKUP($D36,매장경비정리!$C:$K,J$1,FALSE),0) -> 13000 | K36: =IFERROR(VLOOKUP($D36,매장경비정리!$C:$K,K$1,FALSE),0) -> 2 | L36: =SUM(F36,H36,J36) -> 340500 | M36: =L36/E36 -> 0.0058719552 | P36: =VLOOKUP($D36,'[1]25년 5월경비'!$D:$M,P$1,FALSE) -> 28330030 | Q36: =VLOOKUP($D36,'[1]25년 5월경비'!$D:$M,Q$1,FALSE) -> 54000 | R36: =VLOOKUP($D36,'[1]25년 5월경비'!$D:$M,R$1,FALSE) -> 13 | S36: =VLOOKUP($D36,'[1]25년 5월경비'!$D:$M,S$1,FALSE) -> 138800 | T36: =VLOOKUP($D36,'[1]25년 5월경비'!$D:$M,T$1,FALSE) -> 31 | U36: =VLOOKUP($D36,'[1]25년 5월경비'!$D:$M,U$1,FALSE) -> 22900 | V36: =VLOOKUP($D36,'[1]25년 5월경비'!$D:$M,V$1,FALSE) -> 2 | W36: =VLOOKUP($D36,'[1]25년 5월경비'!$D:$M,W$1,FALSE) -> 215700 | X36: =W36/P36 -> 0.0076138289 | Z36: =E36-P36 -> 29657470 | AA36: =F36-Q36 -> 133000 | AB36: =G36-R36 -> 26 | AC36: =H36-S36 -> 1700 | AD36: =I36-T36 -> 3 | AE36: =J36-U36 -> -9900 | AF36: =K36-V36 -> 0 | AG36: =L36-W36 -> 124800
B37: 15 | C37: 45338 | D37: 롯데아울렛동부산점 | E37: =VLOOKUP(D37,매출!C:J,8,0) -> 54807810 | F37: =IFERROR(VLOOKUP($D37,매장경비정리!$C:$K,F$1,FALSE),0) -> 472000 | G37: =IFERROR(VLOOKUP($D37,매장경비정리!$C:$K,G$1,FALSE),0) -> 91 | H37: =IFERROR(VLOOKUP($D37,매장경비정리!$C:$K,H$1,FALSE),0) -> 46000 | I37: =IFERROR(VLOOKUP($D37,매장경비정리!$C:$K,I$1,FALSE),0) -> 12 | J37: =IFERROR(VLOOKUP($D37,매장경비정리!$C:$K,J$1,FALSE),0) -> 24000 | K37: =IFERROR(VLOOKUP($D37,매장경비정리!$C:$K,K$1,FALSE),0) -> 1 | L37: =SUM(F37,H37,J37) -> 542000 | M37: =L37/E37 -> 0.0098891016 | P37: =VLOOKUP($D37,'[1]25년 5월경비'!$D:$M,P$1,FALSE) -> 47166320 | Q37: =VLOOKUP($D37,'[1]25년 5월경비'!$D:$M,Q$1,FALSE) -> 437000 | R37: =VLOOKUP($D37,'[1]25년 5월경비'!$D:$M,R$1,FALSE) -> 73 | S37: =VLOOKUP($D37,'[1]25년 5월경비'!$D:$M,S$1,FALSE) -> 95000 | T37: =VLOOKUP($D37,'[1]25년 5월경비'!$D:$M,T$1,FALSE) -> 23 | U37: =VLOOKUP($D37,'[1]25년 5월경비'!$D:$M,U$1,FALSE) -> 0 | V37: =VLOOKUP($D37,'[1]25년 5월경비'!$D:$M,V$1,FALSE) -> 0 | W37: =VLOOKUP($D37,'[1]25년 5월경비'!$D:$M,W$1,FALSE) -> 532000 | X37: =W37/P37 -> 0.011279235 | Z37: =E37-P37 -> 7641490 | AA37: =F37-Q37 -> 35000 | AB37: =G37-R37 -> 18 | AC37: =H37-S37 -> -49000 | AD37: =I37-T37 -> -11 | AE37: =J37-U37 -> 24000 | AF37: =K37-V37 -> 1 | AG37: =L37-W37 -> 10000
B38: 16 | C38: 45404 | D38: 롯데노원점 | E38: =VLOOKUP(D38,매출!C:J,8,0) -> 44564230 | F38: =IFERROR(VLOOKUP($D38,매장경비정리!$C:$K,F$1,FALSE),0) -> 0 | G38: =IFERROR(VLOOKUP($D38,매장경비정리!$C:$K,G$1,FALSE),0) -> 0 | H38: =IFERROR(VLOOKUP($D38,매장경비정리!$C:$K,H$1,FALSE),0) -> 0 | I38: =IFERROR(VLOOKUP($D38,매장경비정리!$C:$K,I$1,FALSE),0) -> 0 | J38: =IFERROR(VLOOKUP($D38,매장경비정리!$C:$K,J$1,FALSE),0) -> 0 | K38: =IFERROR(VLOOKUP($D38,매장경비정리!$C:$K,K$1,FALSE),0) -> 0 | L38: =SUM(F38,H38,J38) -> 0 | M38: =L38/E38 -> 0 | P38: =VLOOKUP($D38,'[1]25년 5월경비'!$D:$M,P$1,FALSE) -> 34423650 | Q38: =VLOOKUP($D38,'[1]25년 5월경비'!$D:$M,Q$1,FALSE) -> 0 | R38: =VLOOKUP($D38,'[1]25년 5월경비'!$D:$M,R$1,FALSE) -> 0 | S38: =VLOOKUP($D38,'[1]25년 5월경비'!$D:$M,S$1,FALSE) -> 0 | T38: =VLOOKUP($D38,'[1]25년 5월경비'!$D:$M,T$1,FALSE) -> 0 | U38: =VLOOKUP($D38,'[1]25년 5월경비'!$D:$M,U$1,FALSE) -> 0 | V38: =VLOOKUP($D38,'[1]25년 5월경비'!$D:$M,V$1,FALSE) -> 0 | W38: =VLOOKUP($D38,'[1]25년 5월경비'!$D:$M,W$1,FALSE) -> 0 | X38: =W38/P38 -> 0 | Z38: =E38-P38 -> 10140580 | AA38: =F38-Q38 -> 0 | AB38: =G38-R38 -> 0 | AC38: =H38-S38 -> 0 | AD38: =I38-T38 -> 0 | AE38: =J38-U38 -> 0 | AF38: =K38-V38 -> 0 | AG38: =L38-W38 -> 0
B39: 17 | C39: 45425 | D39: 신세계센텀점 | E39: =VLOOKUP(D39,매출!C:J,8,0) -> 131578880 | F39: =IFERROR(VLOOKUP($D39,매장경비정리!$C:$K,F$1,FALSE),0) -> 0 | G39: =IFERROR(VLOOKUP($D39,매장경비정리!$C:$K,G$1,FALSE),0) -> 0 | H39: =IFERROR(VLOOKUP($D39,매장경비정리!$C:$K,H$1,FALSE),0) -> 0 | I39: =IFERROR(VLOOKUP($D39,매장경비정리!$C:$K,I$1,FALSE),0) -> 0 | J39: =IFERROR(VLOOKUP($D39,매장경비정리!$C:$K,J$1,FALSE),0) -> 0 | K39: =IFERROR(VLOOKUP($D39,매장경비정리!$C:$K,K$1,FALSE),0) -> 0 | L39: =SUM(F39,H39,J39) -> 0 | M39: =L39/E39 -> 0 | P39: =VLOOKUP($D39,'[1]25년 5월경비'!$D:$M,P$1,FALSE) -> 134501410 | Q39: =VLOOKUP($D39,'[1]25년 5월경비'!$D:$M,Q$1,FALSE) -> 0 | R39: =VLOOKUP($D39,'[1]25년 5월경비'!$D:$M,R$1,FALSE) -> 0 | S39: =VLOOKUP($D39,'[1]25년 5월경비'!$D:$M,S$1,FALSE) -> 0 | T39: =VLOOKUP($D39,'[1]25년 5월경비'!$D:$M,T$1,FALSE) -> 0 | U39: =VLOOKUP($D39,'[1]25년 5월경비'!$D:$M,U$1,FALSE) -> 0 | V39: =VLOOKUP($D39,'[1]25년 5월경비'!$D:$M,V$1,FALSE) -> 0 | W39: =VLOOKUP($D39,'[1]25년 5월경비'!$D:$M,W$1,FALSE) -> 0 | X39: =W39/P39 -> 0 | Z39: =E39-P39 -> -2922530 | AA39: =F39-Q39 -> 0 | AB39: =G39-R39 -> 0 | AC39: =H39-S39 -> 0 | AD39: =I39-T39 -> 0 | AE39: =J39-U39 -> 0 | AF39: =K39-V39 -> 0 | AG39: =L39-W39 -> 0
B40: 18 | C40: 45432 | D40: 신세계강남점 | E40: =VLOOKUP(D40,매출!C:J,8,0) -> 109556570 | F40: =IFERROR(VLOOKUP($D40,매장경비정리!$C:$K,F$1,FALSE),0) -> 220600 | G40: =IFERROR(VLOOKUP($D40,매장경비정리!$C:$K,G$1,FALSE),0) -> 37 | H40: =IFERROR(VLOOKUP($D40,매장경비정리!$C:$K,H$1,FALSE),0) -> 77200 | I40: =IFERROR(VLOOKUP($D40,매장경비정리!$C:$K,I$1,FALSE),0) -> 18 | J40: =IFERROR(VLOOKUP($D40,매장경비정리!$C:$K,J$1,FALSE),0) -> 20000 | K40: =IFERROR(VLOOKUP($D40,매장경비정리!$C:$K,K$1,FALSE),0) -> 1 | L40: =SUM(F40,H40,J40) -> 317800 | M40: =L40/E40 -> 0.0029007845 | P40: =VLOOKUP($D40,'[1]25년 5월경비'!$D:$M,P$1,FALSE) -> 103625400 | Q40: =VLOOKUP($D40,'[1]25년 5월경비'!$D:$M,Q$1,FALSE) -> 85300 | R40: =VLOOKUP($D40,'[1]25년 5월경비'!$D:$M,R$1,FALSE) -> 12 | S40: =VLOOKUP($D40,'[1]25년 5월경비'!$D:$M,S$1,FALSE) -> 194500 | T40: =VLOOKUP($D40,'[1]25년 5월경비'!$D:$M,T$1,FALSE) -> 48 | U40: =VLOOKUP($D40,'[1]25년 5월경비'!$D:$M,U$1,FALSE) -> 10000 | V40: =VLOOKUP($D40,'[1]25년 5월경비'!$D:$M,V$1,FALSE) -> 1 | W40: =VLOOKUP($D40,'[1]25년 5월경비'!$D:$M,W$1,FALSE) -> 289800 | X40: =W40/P40 -> 0.0027966116 | Z40: =E40-P40 -> 5931170 | AA40: =F40-Q40 -> 135300 | AB40: =G40-R40 -> 25 | AC40: =H40-S40 -> -117300 | AD40: =I40-T40 -> -30 | AE40: =J40-U40 -> 10000 | AF40: =K40-V40 -> 0 | AG40: =L40-W40 -> 28000
B41: 19 | C41: 45411 | D41: 신세계의정부점 | E41: =VLOOKUP(D41,매출!C:J,8,0) -> 56748840 | F41: =IFERROR(VLOOKUP($D41,매장경비정리!$C:$K,F$1,FALSE),0) -> 211000 | G41: =IFERROR(VLOOKUP($D41,매장경비정리!$C:$K,G$1,FALSE),0) -> 48 | H41: =IFERROR(VLOOKUP($D41,매장경비정리!$C:$K,H$1,FALSE),0) -> 42000 | I41: =IFERROR(VLOOKUP($D41,매장경비정리!$C:$K,I$1,FALSE),0) -> 10 | J41: =IFERROR(VLOOKUP($D41,매장경비정리!$C:$K,J$1,FALSE),0) -> 19900 | K41: =IFERROR(VLOOKUP($D41,매장경비정리!$C:$K,K$1,FALSE),0) -> 2 | L41: =SUM(F41,H41,J41) -> 272900 | M41: =L41/E41 -> 0.0048089089 | P41: =VLOOKUP($D41,'[1]25년 5월경비'!$D:$M,P$1,FALSE) -> 47372530 | Q41: =VLOOKUP($D41,'[1]25년 5월경비'!$D:$M,Q$1,FALSE) -> 0 | R41: =VLOOKUP($D41,'[1]25년 5월경비'!$D:$M,R$1,FALSE) -> 0 | S41: =VLOOKUP($D41,'[1]25년 5월경비'!$D:$M,S$1,FALSE) -> 63500 | T41: =VLOOKUP($D41,'[1]25년 5월경비'!$D:$M,T$1,FALSE) -> 16 | U41: =VLOOKUP($D41,'[1]25년 5월경비'!$D:$M,U$1,FALSE) -> 29100 | V41: =VLOOKUP($D41,'[1]25년 5월경비'!$D:$M,V$1,FALSE) -> 2 | W41: =VLOOKUP($D41,'[1]25년 5월경비'!$D:$M,W$1,FALSE) -> 92600 | X41: =W41/P41 -> 0.0019547193 | Z41: =E41-P41 -> 9376310 | AA41: =F41-Q41 -> 211000 | AB41: =G41-R41 -> 48 | AC41: =H41-S41 -> -21500 | AD41: =I41-T41 -> -6 | AE41: =J41-U41 -> -9200 | AF41: =K41-V41 -> 0 | AG41: =L41-W41 -> 180300
B42: 20 | C42: 45418 | D42: 롯데영등포점 | E42: =VLOOKUP(D42,매출!C:J,8,0) -> 44937200 | F42: =IFERROR(VLOOKUP($D42,매장경비정리!$C:$K,F$1,FALSE),0) -> 0 | G42: =IFERROR(VLOOKUP($D42,매장경비정리!$C:$K,G$1,FALSE),0) -> 0 | H42: =IFERROR(VLOOKUP($D42,매장경비정리!$C:$K,H$1,FALSE),0) -> 0 | I42: =IFERROR(VLOOKUP($D42,매장경비정리!$C:$K,I$1,FALSE),0) -> 0 | J42: =IFERROR(VLOOKUP($D42,매장경비정리!$C:$K,J$1,FALSE),0) -> 0 | K42: =IFERROR(VLOOKUP($D42,매장경비정리!$C:$K,K$1,FALSE),0) -> 0 | L42: =SUM(F42,H42,J42) -> 0 | M42: =L42/E42 -> 0 | P42: =VLOOKUP($D42,'[1]25년 5월경비'!$D:$M,P$1,FALSE) -> 36369300 | Q42: =VLOOKUP($D42,'[1]25년 5월경비'!$D:$M,Q$1,FALSE) -> 0 | R42: =VLOOKUP($D42,'[1]25년 5월경비'!$D:$M,R$1,FALSE) -> 0 | S42: =VLOOKUP($D42,'[1]25년 5월경비'!$D:$M,S$1,FALSE) -> 0 | T42: =VLOOKUP($D42,'[1]25년 5월경비'!$D:$M,T$1,FALSE) -> 0 | U42: =VLOOKUP($D42,'[1]25년 5월경비'!$D:$M,U$1,FALSE) -> 0 | V42: =VLOOKUP($D42,'[1]25년 5월경비'!$D:$M,V$1,FALSE) -> 0 | W42: =VLOOKUP($D42,'[1]25년 5월경비'!$D:$M,W$1,FALSE) -> 0 | X42: =W42/P42 -> 0 | Z42: =E42-P42 -> 8567900 | AA42: =F42-Q42 -> 0 | AB42: =G42-R42 -> 0 | AC42: =H42-S42 -> 0 | AD42: =I42-T42 -> 0 | AE42: =J42-U42 -> 0 | AF42: =K42-V42 -> 0 | AG42: =L42-W42 -> 0
B43: 21 | C43: 45425 | D43: 신세계타임스퀘어점 | E43: =VLOOKUP(D43,매출!C:J,8,0) -> 56037950 | F43: =IFERROR(VLOOKUP($D43,매장경비정리!$C:$K,F$1,FALSE),0) -> 0 | G43: =IFERROR(VLOOKUP($D43,매장경비정리!$C:$K,G$1,FALSE),0) -> 0 | H43: =IFERROR(VLOOKUP($D43,매장경비정리!$C:$K,H$1,FALSE),0) -> 0 | I43: =IFERROR(VLOOKUP($D43,매장경비정리!$C:$K,I$1,FALSE),0) -> 0 | J43: =IFERROR(VLOOKUP($D43,매장경비정리!$C:$K,J$1,FALSE),0) -> 0 | K43: =IFERROR(VLOOKUP($D43,매장경비정리!$C:$K,K$1,FALSE),0) -> 0 | L43: =SUM(F43,H43,J43) -> 0 | M43: =L43/E43 -> 0 | P43: =VLOOKUP($D43,'[1]25년 5월경비'!$D:$M,P$1,FALSE) -> 51802400 | Q43: =VLOOKUP($D43,'[1]25년 5월경비'!$D:$M,Q$1,FALSE) -> 0 | R43: =VLOOKUP($D43,'[1]25년 5월경비'!$D:$M,R$1,FALSE) -> 0 | S43: =VLOOKUP($D43,'[1]25년 5월경비'!$D:$M,S$1,FALSE) -> 0 | T43: =VLOOKUP($D43,'[1]25년 5월경비'!$D:$M,T$1,FALSE) -> 0 | U43: =VLOOKUP($D43,'[1]25년 5월경비'!$D:$M,U$1,FALSE) -> 0 | V43: =VLOOKUP($D43,'[1]25년 5월경비'!$D:$M,V$1,FALSE) -> 0 | W43: =VLOOKUP($D43,'[1]25년 5월경비'!$D:$M,W$1,FALSE) -> 0 | X43: =W43/P43 -> 0 | Z43: =E43-P43 -> 4235550 | AA43: =F43-Q43 -> 0 | AB43: =G43-R43 -> 0 | AC43: =H43-S43 -> 0 | AD43: =I43-T43 -> 0 | AE43: =J43-U43 -> 0 | AF43: =K43-V43 -> 0 | AG43: =L43-W43 -> 0
B44: 22 | C44: 45418 | D44: 신세계본점 | E44: =VLOOKUP(D44,매출!C:J,8,0) -> 90644770 | F44: =IFERROR(VLOOKUP($D44,매장경비정리!$C:$K,F$1,FALSE),0) -> 0 | G44: =IFERROR(VLOOKUP($D44,매장경비정리!$C:$K,G$1,FALSE),0) -> 0 | H44: =IFERROR(VLOOKUP($D44,매장경비정리!$C:$K,H$1,FALSE),0) -> 0 | I44: =IFERROR(VLOOKUP($D44,매장경비정리!$C:$K,I$1,FALSE),0) -> 0 | J44: =IFERROR(VLOOKUP($D44,매장경비정리!$C:$K,J$1,FALSE),0) -> 0 | K44: =IFERROR(VLOOKUP($D44,매장경비정리!$C:$K,K$1,FALSE),0) -> 0 | L44: =SUM(F44,H44,J44) -> 0 | M44: =L44/E44 -> 0 | P44: =VLOOKUP($D44,'[1]25년 5월경비'!$D:$M,P$1,FALSE) -> 90570540 | Q44: =VLOOKUP($D44,'[1]25년 5월경비'!$D:$M,Q$1,FALSE) -> 0 | R44: =VLOOKUP($D44,'[1]25년 5월경비'!$D:$M,R$1,FALSE) -> 0 | S44: =VLOOKUP($D44,'[1]25년 5월경비'!$D:$M,S$1,FALSE) -> 0 | T44: =VLOOKUP($D44,'[1]25년 5월경비'!$D:$M,T$1,FALSE) -> 0 | U44: =VLOOKUP($D44,'[1]25년 5월경비'!$D:$M,U$1,FALSE) -> 0 | V44: =VLOOKUP($D44,'[1]25년 5월경비'!$D:$M,V$1,FALSE) -> 0 | W44: =VLOOKUP($D44,'[1]25년 5월경비'!$D:$M,W$1,FALSE) -> 0 | X44: =W44/P44 -> 0 | Z44: =E44-P44 -> 74230 | AA44: =F44-Q44 -> 0 | AB44: =G44-R44 -> 0 | AC44: =H44-S44 -> 0 | AD44: =I44-T44 -> 0 | AE44: =J44-U44 -> 0 | AF44: =K44-V44 -> 0 | AG44: =L44-W44 -> 0
E45: =SUM(E23:E44) -> 1733472680 | F45: =SUM(F23:F44) -> 1812800 | G45: =SUM(G23:G44) -> 372 | H45: =SUM(H23:H44) -> 722100 | I45: =SUM(I23:I44) -> 178 | J45: =SUM(J23:J44) -> 118800 | K45: =SUM(K23:K44) -> 11 | L45: =SUM(L23:L44) -> 2653700 | M45: =L45/E45 -> 0.0015308577 | P45: =SUM(P23:P44) -> 1491989973 | Q45: =SUM(Q23:Q44) -> 1446650 | R45: =SUM(R23:R44) -> 263 | S45: =SUM(S23:S44) -> 1146170 | T45: =SUM(T23:T44) -> 274 | U45: =SUM(U23:U44) -> 130700 | V45: =SUM(V23:V44) -> 10 | W45: =SUM(W23:W44) -> 2723520 | X45: =W45/P45 -> 0.0018254278 | Z45: =SUM(Z23:Z44) -> 241482707 | AA45: =SUM(AA23:AA44) -> 366150 | AB45: =SUM(AB23:AB44) -> 109 | AC45: =SUM(AC23:AC44) -> -424070 | AD45: =SUM(AD23:AD44) -> -96 | AE45: =SUM(AE23:AE44) -> -11900 | AF45: =SUM(AF23:AF44) -> 1 | AG45: =SUM(AG23:AG44) -> -69820
A47: 담당자 | B47: NO. | C47: 직택배 시행기간 | D47: 매장명 | E47: 26년 5월 매출 | F47: 고객배송 택배비 | G47: 건수 | H47: 매장 수평 택배비 | I47: 건수 | J47: 매장경비 | K47: 건수 | L47: 계 | M47: 매출대비 전체비율 | P47: 25년 5월 매출 | Q47: 고객배송 택배비 | R47: 건수 | S47: 매장 수평 택배비 | T47: 건수 | U47: 매장경비 | V47: 건수 | W47: 계 | X47: 매출대비 전체비율 | Z47: 전년 대비 매출 | AA47: 고객배송 택배비 | AB47: 건수 | AC47: 매장 수평 택배비 | AD47: 건수 | AE47: 매장경비 | AF47: 건수 | AG47: 계 | AH47: 확인 | AI47: 비고란 | AJ47: 근로계약서 | AL47: 고객배송 기본택배비 | AM47: 고객배송 택배업체 | AN47: 비고 | AO47: 수평,고객배송 과다체크
A48: 유동혁 과장 | B48: 1 | C48: 45418 | D48: 롯데광주점 | E48: =VLOOKUP(D48,매출!C:J,8,0) -> 57108710 | F48: =IFERROR(VLOOKUP($D48,매장경비정리!$C:$K,F$1,FALSE),0) -> 0 | G48: =IFERROR(VLOOKUP($D48,매장경비정리!$C:$K,G$1,FALSE),0) -> 0 | H48: =IFERROR(VLOOKUP($D48,매장경비정리!$C:$K,H$1,FALSE),0) -> 0 | I48: =IFERROR(VLOOKUP($D48,매장경비정리!$C:$K,I$1,FALSE),0) -> 0 | J48: =IFERROR(VLOOKUP($D48,매장경비정리!$C:$K,J$1,FALSE),0) -> 0 | K48: =IFERROR(VLOOKUP($D48,매장경비정리!$C:$K,K$1,FALSE),0) -> 0 | L48: =SUM(F48,H48,J48) -> 0 | M48: =L48/E48 -> 0 | P48: =VLOOKUP($D48,'[1]25년 5월경비'!$D:$M,P$1,FALSE) -> 50358830 | Q48: =VLOOKUP($D48,'[1]25년 5월경비'!$D:$M,Q$1,FALSE) -> 0 | R48: =VLOOKUP($D48,'[1]25년 5월경비'!$D:$M,R$1,FALSE) -> 0 | S48: =VLOOKUP($D48,'[1]25년 5월경비'!$D:$M,S$1,FALSE) -> 0 | T48: =VLOOKUP($D48,'[1]25년 5월경비'!$D:$M,T$1,FALSE) -> 0 | U48: =VLOOKUP($D48,'[1]25년 5월경비'!$D:$M,U$1,FALSE) -> 0 | V48: =VLOOKUP($D48,'[1]25년 5월경비'!$D:$M,V$1,FALSE) -> 0 | W48: =VLOOKUP($D48,'[1]25년 5월경비'!$D:$M,W$1,FALSE) -> 0 | X48: =W48/P48 -> 0 | Z48: =E48-P48 -> 6749880 | AA48: =F48-Q48 -> 0 | AB48: =G48-R48 -> 0 | AC48: =H48-S48 -> 0 | AD48: =I48-T48 -> 0 | AE48: =J48-U48 -> 0 | AF48: =K48-V48 -> 0 | AG48: =L48-W48 -> 0
B49: 2 | C49: 45357 | D49: 롯데구리점 | E49: =VLOOKUP(D49,매출!C:J,8,0) -> 47415170 | F49: =IFERROR(VLOOKUP($D49,매장경비정리!$C:$K,F$1,FALSE),0) -> 49000 | G49: =IFERROR(VLOOKUP($D49,매장경비정리!$C:$K,G$1,FALSE),0) -> 13 | H49: =IFERROR(VLOOKUP($D49,매장경비정리!$C:$K,H$1,FALSE),0) -> 91500 | I49: =IFERROR(VLOOKUP($D49,매장경비정리!$C:$K,I$1,FALSE),0) -> 22 | J49: =IFERROR(VLOOKUP($D49,매장경비정리!$C:$K,J$1,FALSE),0) -> 0 | K49: =IFERROR(VLOOKUP($D49,매장경비정리!$C:$K,K$1,FALSE),0) -> 0 | L49: =SUM(F49,H49,J49) -> 140500 | M49: =L49/E49 -> 0.0029631867 | P49: =VLOOKUP($D49,'[1]25년 5월경비'!$D:$M,P$1,FALSE) -> 35185850 | Q49: =VLOOKUP($D49,'[1]25년 5월경비'!$D:$M,Q$1,FALSE) -> 54000 | R49: =VLOOKUP($D49,'[1]25년 5월경비'!$D:$M,R$1,FALSE) -> 13 | S49: =VLOOKUP($D49,'[1]25년 5월경비'!$D:$M,S$1,FALSE) -> 111170 | T49: =VLOOKUP($D49,'[1]25년 5월경비'!$D:$M,T$1,FALSE) -> 28 | U49: =VLOOKUP($D49,'[1]25년 5월경비'!$D:$M,U$1,FALSE) -> 0 | V49: =VLOOKUP($D49,'[1]25년 5월경비'!$D:$M,V$1,FALSE) -> 0 | W49: =VLOOKUP($D49,'[1]25년 5월경비'!$D:$M,W$1,FALSE) -> 165170 | X49: =W49/P49 -> 0.0046942166 | Z49: =E49-P49 -> 12229320 | AA49: =F49-Q49 -> -5000 | AB49: =G49-R49 -> 0 | AC49: =H49-S49 -> -19670 | AD49: =I49-T49 -> -6 | AE49: =J49-U49 -> 0 | AF49: =K49-V49 -> 0 | AG49: =L49-W49 -> -24670
B50: 3 | C50: 45357 | D50: 롯데동탄점 | E50: =VLOOKUP(D50,매출!C:J,8,0) -> 80829040 | F50: =IFERROR(VLOOKUP($D50,매장경비정리!$C:$K,F$1,FALSE),0) -> 137500 | G50: =IFERROR(VLOOKUP($D50,매장경비정리!$C:$K,G$1,FALSE),0) -> 0 | H50: =IFERROR(VLOOKUP($D50,매장경비정리!$C:$K,H$1,FALSE),0) -> 53500 | I50: =IFERROR(VLOOKUP($D50,매장경비정리!$C:$K,I$1,FALSE),0) -> 12 | J50: =IFERROR(VLOOKUP($D50,매장경비정리!$C:$K,J$1,FALSE),0) -> 5000 | K50: =IFERROR(VLOOKUP($D50,매장경비정리!$C:$K,K$1,FALSE),0) -> 1 | L50: =SUM(F50,H50,J50) -> 196000 | M50: =L50/E50 -> 0.0024248711 | P50: =VLOOKUP($D50,'[1]25년 5월경비'!$D:$M,P$1,FALSE) -> 57999990 | Q50: =VLOOKUP($D50,'[1]25년 5월경비'!$D:$M,Q$1,FALSE) -> 129000 | R50: =VLOOKUP($D50,'[1]25년 5월경비'!$D:$M,R$1,FALSE) -> 26 | S50: =VLOOKUP($D50,'[1]25년 5월경비'!$D:$M,S$1,FALSE) -> 81500 | T50: =VLOOKUP($D50,'[1]25년 5월경비'!$D:$M,T$1,FALSE) -> 19 | U50: =VLOOKUP($D50,'[1]25년 5월경비'!$D:$M,U$1,FALSE) -> 5000 | V50: =VLOOKUP($D50,'[1]25년 5월경비'!$D:$M,V$1,FALSE) -> 1 | W50: =VLOOKUP($D50,'[1]25년 5월경비'!$D:$M,W$1,FALSE) -> 215500 | X50: =W50/P50 -> 0.0037155179 | Z50: =E50-P50 -> 22829050 | AA50: =F50-Q50 -> 8500 | AB50: =G50-R50 -> -26 | AC50: =H50-S50 -> -28000 | AD50: =I50-T50 -> -7 | AE50: =J50-U50 -> 0 | AF50: =K50-V50 -> 0 | AG50: =L50-W50 -> -19500 | AI50: 대도지물 예단포장지 구매
B51: 4 | C51: 45338 | D51: 롯데미아점 | E51: =VLOOKUP(D51,매출!C:J,8,0) -> 19497740 | F51: =IFERROR(VLOOKUP($D51,매장경비정리!$C:$K,F$1,FALSE),0) -> 9500 | G51: =IFERROR(VLOOKUP($D51,매장경비정리!$C:$K,G$1,FALSE),0) -> 2 | H51: =IFERROR(VLOOKUP($D51,매장경비정리!$C:$K,H$1,FALSE),0) -> 98000 | I51: =IFERROR(VLOOKUP($D51,매장경비정리!$C:$K,I$1,FALSE),0) -> 20 | J51: =IFERROR(VLOOKUP($D51,매장경비정리!$C:$K,J$1,FALSE),0) -> 3500 | K51: =IFERROR(VLOOKUP($D51,매장경비정리!$C:$K,K$1,FALSE),0) -> 1 | L51: =SUM(F51,H51,J51) -> 111000 | M51: =L51/E51 -> 0.0056929675 | P51: =VLOOKUP($D51,'[1]25년 5월경비'!$D:$M,P$1,FALSE) -> 24860060 | Q51: =VLOOKUP($D51,'[1]25년 5월경비'!$D:$M,Q$1,FALSE) -> 4200 | R51: =VLOOKUP($D51,'[1]25년 5월경비'!$D:$M,R$1,FALSE) -> 1 | S51: =VLOOKUP($D51,'[1]25년 5월경비'!$D:$M,S$1,FALSE) -> 66100 | T51: =VLOOKUP($D51,'[1]25년 5월경비'!$D:$M,T$1,FALSE) -> 16 | U51: =VLOOKUP($D51,'[1]25년 5월경비'!$D:$M,U$1,FALSE) -> 3700 | V51: =VLOOKUP($D51,'[1]25년 5월경비'!$D:$M,V$1,FALSE) -> 1 | W51: =VLOOKUP($D51,'[1]25년 5월경비'!$D:$M,W$1,FALSE) -> 74000 | X51: =W51/P51 -> 0.0029766622 | Z51: =E51-P51 -> -5362320 | AA51: =F51-Q51 -> 5300 | AB51: =G51-R51 -> 1 | AC51: =H51-S51 -> 31900 | AD51: =I51-T51 -> 4 | AE51: =J51-U51 -> -200 | AF51: =K51-V51 -> 0 | AG51: =L51-W51 -> 37000
B52: 5 | C52: 45411 | D52: 롯데전주점 | E52: =VLOOKUP(D52,매출!C:J,8,0) -> 47025330 | F52: =IFERROR(VLOOKUP($D52,매장경비정리!$C:$K,F$1,FALSE),0) -> 49400 | G52: =IFERROR(VLOOKUP($D52,매장경비정리!$C:$K,G$1,FALSE),0) -> 13 | H52: =IFERROR(VLOOKUP($D52,매장경비정리!$C:$K,H$1,FALSE),0) -> 30500 | I52: =IFERROR(VLOOKUP($D52,매장경비정리!$C:$K,I$1,FALSE),0) -> 8 | J52: =IFERROR(VLOOKUP($D52,매장경비정리!$C:$K,J$1,FALSE),0) -> 0 | K52: =IFERROR(VLOOKUP($D52,매장경비정리!$C:$K,K$1,FALSE),0) -> 0 | L52: =SUM(F52,H52,J52) -> 79900 | M52: =L52/E52 -> 0.0016990843 | P52: =VLOOKUP($D52,'[1]25년 5월경비'!$D:$M,P$1,FALSE) -> 42165390 | Q52: =VLOOKUP($D52,'[1]25년 5월경비'!$D:$M,Q$1,FALSE) -> 88000 | R52: =VLOOKUP($D52,'[1]25년 5월경비'!$D:$M,R$1,FALSE) -> 22 | S52: =VLOOKUP($D52,'[1]25년 5월경비'!$D:$M,S$1,FALSE) -> 102670 | T52: =VLOOKUP($D52,'[1]25년 5월경비'!$D:$M,T$1,FALSE) -> 24 | U52: =VLOOKUP($D52,'[1]25년 5월경비'!$D:$M,U$1,FALSE) -> 0 | V52: =VLOOKUP($D52,'[1]25년 5월경비'!$D:$M,V$1,FALSE) -> 0 | W52: =VLOOKUP($D52,'[1]25년 5월경비'!$D:$M,W$1,FALSE) -> 190670 | X52: =W52/P52 -> 0.0045219551 | Z52: =E52-P52 -> 4859940 | AA52: =F52-Q52 -> -38600 | AB52: =G52-R52 -> -9 | AC52: =H52-S52 -> -72170 | AD52: =I52-T52 -> -16 | AE52: =J52-U52 -> 0 | AF52: =K52-V52 -> 0 | AG52: =L52-W52 -> -110770
B53: 6 | C53: 45418 | D53: 신세계경기점 | E53: =VLOOKUP(D53,매출!C:J,8,0) -> 92603710 | F53: =IFERROR(VLOOKUP($D53,매장경비정리!$C:$K,F$1,FALSE),0) -> 0 | G53: =IFERROR(VLOOKUP($D53,매장경비정리!$C:$K,G$1,FALSE),0) -> 0 | H53: =IFERROR(VLOOKUP($D53,매장경비정리!$C:$K,H$1,FALSE),0) -> 0 | I53: =IFERROR(VLOOKUP($D53,매장경비정리!$C:$K,I$1,FALSE),0) -> 0 | J53: =IFERROR(VLOOKUP($D53,매장경비정리!$C:$K,J$1,FALSE),0) -> 0 | K53: =IFERROR(VLOOKUP($D53,매장경비정리!$C:$K,K$1,FALSE),0) -> 0 | L53: =SUM(F53,H53,J53) -> 0 | M53: =L53/E53 -> 0 | P53: =VLOOKUP($D53,'[1]25년 5월경비'!$D:$M,P$1,FALSE) -> 89934950 | Q53: =VLOOKUP($D53,'[1]25년 5월경비'!$D:$M,Q$1,FALSE) -> 0 | R53: =VLOOKUP($D53,'[1]25년 5월경비'!$D:$M,R$1,FALSE) -> 0 | S53: =VLOOKUP($D53,'[1]25년 5월경비'!$D:$M,S$1,FALSE) -> 0 | T53: =VLOOKUP($D53,'[1]25년 5월경비'!$D:$M,T$1,FALSE) -> 0 | U53: =VLOOKUP($D53,'[1]25년 5월경비'!$D:$M,U$1,FALSE) -> 0 | V53: =VLOOKUP($D53,'[1]25년 5월경비'!$D:$M,V$1,FALSE) -> 0 | W53: =VLOOKUP($D53,'[1]25년 5월경비'!$D:$M,W$1,FALSE) -> 0 | X53: =W53/P53 -> 0 | Z53: =E53-P53 -> 2668760 | AA53: =F53-Q53 -> 0 | AB53: =G53-R53 -> 0 | AC53: =H53-S53 -> 0 | AD53: =I53-T53 -> 0 | AE53: =J53-U53 -> 0 | AF53: =K53-V53 -> 0 | AG53: =L53-W53 -> 0
B54: 7 | C54: 45418 | D54: 신세계광주점 | E54: =VLOOKUP(D54,매출!C:J,8,0) -> 113884530 | F54: =IFERROR(VLOOKUP($D54,매장경비정리!$C:$K,F$1,FALSE),0) -> 0 | G54: =IFERROR(VLOOKUP($D54,매장경비정리!$C:$K,G$1,FALSE),0) -> 0 | H54: =IFERROR(VLOOKUP($D54,매장경비정리!$C:$K,H$1,FALSE),0) -> 0 | I54: =IFERROR(VLOOKUP($D54,매장경비정리!$C:$K,I$1,FALSE),0) -> 0 | J54: =IFERROR(VLOOKUP($D54,매장경비정리!$C:$K,J$1,FALSE),0) -> 0 | K54: =IFERROR(VLOOKUP($D54,매장경비정리!$C:$K,K$1,FALSE),0) -> 0 | L54: =SUM(F54,H54,J54) -> 0 | M54: =L54/E54 -> 0 | P54: =VLOOKUP($D54,'[1]25년 5월경비'!$D:$M,P$1,FALSE) -> 110837850 | Q54: =VLOOKUP($D54,'[1]25년 5월경비'!$D:$M,Q$1,FALSE) -> 0 | R54: =VLOOKUP($D54,'[1]25년 5월경비'!$D:$M,R$1,FALSE) -> 0 | S54: =VLOOKUP($D54,'[1]25년 5월경비'!$D:$M,S$1,FALSE) -> 0 | T54: =VLOOKUP($D54,'[1]25년 5월경비'!$D:$M,T$1,FALSE) -> 0 | U54: =VLOOKUP($D54,'[1]25년 5월경비'!$D:$M,U$1,FALSE) -> 0 | V54: =VLOOKUP($D54,'[1]25년 5월경비'!$D:$M,V$1,FALSE) -> 0 | W54: =VLOOKUP($D54,'[1]25년 5월경비'!$D:$M,W$1,FALSE) -> 0 | X54: =W54/P54 -> 0 | Z54: =E54-P54 -> 3046680 | AA54: =F54-Q54 -> 0 | AB54: =G54-R54 -> 0 | AC54: =H54-S54 -> 0 | AD54: =I54-T54 -> 0 | AE54: =J54-U54 -> 0 | AF54: =K54-V54 -> 0 | AG54: =L54-W54 -> 0
B55: 8 | C55: 45432 | D55: 신세계스타필드하남점 | E55: =VLOOKUP(D55,매출!C:J,8,0) -> 36733150 | F55: =IFERROR(VLOOKUP($D55,매장경비정리!$C:$K,F$1,FALSE),0) -> 119500 | G55: =IFERROR(VLOOKUP($D55,매장경비정리!$C:$K,G$1,FALSE),0) -> 34 | H55: =IFERROR(VLOOKUP($D55,매장경비정리!$C:$K,H$1,FALSE),0) -> 33800 | I55: =IFERROR(VLOOKUP($D55,매장경비정리!$C:$K,I$1,FALSE),0) -> 9 | J55: =IFERROR(VLOOKUP($D55,매장경비정리!$C:$K,J$1,FALSE),0) -> 103100 | K55: =IFERROR(VLOOKUP($D55,매장경비정리!$C:$K,K$1,FALSE),0) -> 2 | L55: =SUM(F55,H55,J55) -> 256400 | M55: =L55/E55 -> 0.0069800711 | P55: =VLOOKUP($D55,'[1]25년 5월경비'!$D:$M,P$1,FALSE) -> 33434150 | Q55: =VLOOKUP($D55,'[1]25년 5월경비'!$D:$M,Q$1,FALSE) -> 0 | R55: =VLOOKUP($D55,'[1]25년 5월경비'!$D:$M,R$1,FALSE) -> 0 | S55: =VLOOKUP($D55,'[1]25년 5월경비'!$D:$M,S$1,FALSE) -> 26000 | T55: =VLOOKUP($D55,'[1]25년 5월경비'!$D:$M,T$1,FALSE) -> 6 | U55: =VLOOKUP($D55,'[1]25년 5월경비'!$D:$M,U$1,FALSE) -> 18000 | V55: =VLOOKUP($D55,'[1]25년 5월경비'!$D:$M,V$1,FALSE) -> 2 | W55: =VLOOKUP($D55,'[1]25년 5월경비'!$D:$M,W$1,FALSE) -> 44000 | X55: =W55/P55 -> 0.0013160197 | Z55: =E55-P55 -> 3299000 | AA55: =F55-Q55 -> 119500 | AB55: =G55-R55 -> 34 | AC55: =H55-S55 -> 7800 | AD55: =I55-T55 -> 3 | AE55: =J55-U55 -> 85100 | AF55: =K55-V55 -> 0 | AG55: =L55-W55 -> 212400
B56: 9 | C56: 45425 | D56: 현대미아점 | E56: =VLOOKUP(D56,매출!C:J,8,0) -> 43425790 | F56: =IFERROR(VLOOKUP($D56,매장경비정리!$C:$K,F$1,FALSE),0) -> 204500 | G56: =IFERROR(VLOOKUP($D56,매장경비정리!$C:$K,G$1,FALSE),0) -> 37 | H56: =IFERROR(VLOOKUP($D56,매장경비정리!$C:$K,H$1,FALSE),0) -> 37200 | I56: =IFERROR(VLOOKUP($D56,매장경비정리!$C:$K,I$1,FALSE),0) -> 9 | J56: =IFERROR(VLOOKUP($D56,매장경비정리!$C:$K,J$1,FALSE),0) -> 0 | K56: =IFERROR(VLOOKUP($D56,매장경비정리!$C:$K,K$1,FALSE),0) -> 0 | L56: =SUM(F56,H56,J56) -> 241700 | M56: =L56/E56 -> 0.005565817 | P56: =VLOOKUP($D56,'[1]25년 5월경비'!$D:$M,P$1,FALSE) -> 32426830 | Q56: =VLOOKUP($D56,'[1]25년 5월경비'!$D:$M,Q$1,FALSE) -> 0 | R56: =VLOOKUP($D56,'[1]25년 5월경비'!$D:$M,R$1,FALSE) -> 0 | S56: =VLOOKUP($D56,'[1]25년 5월경비'!$D:$M,S$1,FALSE) -> 0 | T56: =VLOOKUP($D56,'[1]25년 5월경비'!$D:$M,T$1,FALSE) -> 0 | U56: =VLOOKUP($D56,'[1]25년 5월경비'!$D:$M,U$1,FALSE) -> 0 | V56: =VLOOKUP($D56,'[1]25년 5월경비'!$D:$M,V$1,FALSE) -> 0 | W56: =VLOOKUP($D56,'[1]25년 5월경비'!$D:$M,W$1,FALSE) -> 0 | X56: =W56/P56 -> 0 | Z56: =E56-P56 -> 10998960 | AA56: =F56-Q56 -> 204500 | AB56: =G56-R56 -> 37 | AC56: =H56-S56 -> 37200 | AD56: =I56-T56 -> 9 | AE56: =J56-U56 -> 0 | AF56: =K56-V56 -> 0 | AG56: =L56-W56 -> 241700
B57: 10 | C57: 45357 | D57: 현대아울렛남양주점 | E57: =VLOOKUP(D57,매출!C:J,8,0) -> 125031550 | F57: =IFERROR(VLOOKUP($D57,매장경비정리!$C:$K,F$1,FALSE),0) -> 0 | G57: =IFERROR(VLOOKUP($D57,매장경비정리!$C:$K,G$1,FALSE),0) -> 0 | H57: =IFERROR(VLOOKUP($D57,매장경비정리!$C:$K,H$1,FALSE),0) -> 0 | I57: =IFERROR(VLOOKUP($D57,매장경비정리!$C:$K,I$1,FALSE),0) -> 0 | J57: =IFERROR(VLOOKUP($D57,매장경비정리!$C:$K,J$1,FALSE),0) -> 0 | K57: =IFERROR(VLOOKUP($D57,매장경비정리!$C:$K,K$1,FALSE),0) -> 0 | L57: =SUM(F57,H57,J57) -> 0 | M57: =L57/E57 -> 0 | P57: =VLOOKUP($D57,'[1]25년 5월경비'!$D:$M,P$1,FALSE) -> 104625940 | Q57: =VLOOKUP($D57,'[1]25년 5월경비'!$D:$M,Q$1,FALSE) -> 0 | R57: =VLOOKUP($D57,'[1]25년 5월경비'!$D:$M,R$1,FALSE) -> 0 | S57: =VLOOKUP($D57,'[1]25년 5월경비'!$D:$M,S$1,FALSE) -> 0 | T57: =VLOOKUP($D57,'[1]25년 5월경비'!$D:$M,T$1,FALSE) -> 0 | U57: =VLOOKUP($D57,'[1]25년 5월경비'!$D:$M,U$1,FALSE) -> 0 | V57: =VLOOKUP($D57,'[1]25년 5월경비'!$D:$M,V$1,FALSE) -> 0 | W57: =VLOOKUP($D57,'[1]25년 5월경비'!$D:$M,W$1,FALSE) -> 0 | X57: =W57/P57 -> 0 | Z57: =E57-P57 -> 20405610 | AA57: =F57-Q57 -> 0 | AB57: =G57-R57 -> 0 | AC57: =H57-S57 -> 0 | AD57: =I57-T57 -> 0 | AE57: =J57-U57 -> 0 | AF57: =K57-V57 -> 0 | AG57: =L57-W57 -> 0
B58: 11 | C58: 45338 | D58: 현대충청점 | E58: =VLOOKUP(D58,매출!C:J,8,0) -> 62000000 | F58: =IFERROR(VLOOKUP($D58,매장경비정리!$C:$K,F$1,FALSE),0) -> 128000 | G58: =IFERROR(VLOOKUP($D58,매장경비정리!$C:$K,G$1,FALSE),0) -> 31 | H58: =IFERROR(VLOOKUP($D58,매장경비정리!$C:$K,H$1,FALSE),0) -> 79700 | I58: =IFERROR(VLOOKUP($D58,매장경비정리!$C:$K,I$1,FALSE),0) -> 18 | J58: =IFERROR(VLOOKUP($D58,매장경비정리!$C:$K,J$1,FALSE),0) -> 0 | K58: =IFERROR(VLOOKUP($D58,매장경비정리!$C:$K,K$1,FALSE),0) -> 0 | L58: =SUM(F58,H58,J58) -> 207700 | M58: =L58/E58 -> 0.00335 | P58: =VLOOKUP($D58,'[1]25년 5월경비'!$D:$M,P$1,FALSE) -> 45744570 | Q58: =VLOOKUP($D58,'[1]25년 5월경비'!$D:$M,Q$1,FALSE) -> 142500 | R58: =VLOOKUP($D58,'[1]25년 5월경비'!$D:$M,R$1,FALSE) -> 32 | S58: =VLOOKUP($D58,'[1]25년 5월경비'!$D:$M,S$1,FALSE) -> 119400 | T58: =VLOOKUP($D58,'[1]25년 5월경비'!$D:$M,T$1,FALSE) -> 26 | U58: =VLOOKUP($D58,'[1]25년 5월경비'!$D:$M,U$1,FALSE) -> 10000 | V58: =VLOOKUP($D58,'[1]25년 5월경비'!$D:$M,V$1,FALSE) -> 1 | W58: =VLOOKUP($D58,'[1]25년 5월경비'!$D:$M,W$1,FALSE) -> 271900 | X58: =W58/P58 -> 0.0059438749 | Z58: =E58-P58 -> 16255430 | AA58: =F58-Q58 -> -14500 | AB58: =G58-R58 -> -1 | AC58: =H58-S58 -> -39700 | AD58: =I58-T58 -> -8 | AE58: =J58-U58 -> -10000 | AF58: =K58-V58 -> -1 | AG58: =L58-W58 -> -64200
B59: 12 | C59: 45411 | D59: 갤러리아광교점 | E59: =VLOOKUP(D59,매출!C:J,8,0) -> 113477660 | F59: =IFERROR(VLOOKUP($D59,매장경비정리!$C:$K,F$1,FALSE),0) -> 0 | G59: =IFERROR(VLOOKUP($D59,매장경비정리!$C:$K,G$1,FALSE),0) -> 0 | H59: =IFERROR(VLOOKUP($D59,매장경비정리!$C:$K,H$1,FALSE),0) -> 0 | I59: =IFERROR(VLOOKUP($D59,매장경비정리!$C:$K,I$1,FALSE),0) -> 0 | J59: =IFERROR(VLOOKUP($D59,매장경비정리!$C:$K,J$1,FALSE),0) -> 0 | K59: =IFERROR(VLOOKUP($D59,매장경비정리!$C:$K,K$1,FALSE),0) -> 0 | L59: =SUM(F59,H59,J59) -> 0 | M59: =L59/E59 -> 0 | P59: =VLOOKUP($D59,'[1]25년 5월경비'!$D:$M,P$1,FALSE) -> 104027390 | Q59: =VLOOKUP($D59,'[1]25년 5월경비'!$D:$M,Q$1,FALSE) -> 0 | R59: =VLOOKUP($D59,'[1]25년 5월경비'!$D:$M,R$1,FALSE) -> 0 | S59: =VLOOKUP($D59,'[1]25년 5월경비'!$D:$M,S$1,FALSE) -> 0 | T59: =VLOOKUP($D59,'[1]25년 5월경비'!$D:$M,T$1,FALSE) -> 0 | U59: =VLOOKUP($D59,'[1]25년 5월경비'!$D:$M,U$1,FALSE) -> 0 | V59: =VLOOKUP($D59,'[1]25년 5월경비'!$D:$M,V$1,FALSE) -> 0 | W59: =VLOOKUP($D59,'[1]25년 5월경비'!$D:$M,W$1,FALSE) -> 0 | X59: =W59/P59 -> 0 | Z59: =E59-P59 -> 9450270 | AA59: =F59-Q59 -> 0 | AB59: =G59-R59 -> 0 | AC59: =H59-S59 -> 0 | AD59: =I59-T59 -> 0 | AE59: =J59-U59 -> 0 | AF59: =K59-V59 -> 0 | AG59: =L59-W59 -> 0
B60: 13 | C60: 45432 | D60: 갤러리아타임월드점 | E60: =VLOOKUP(D60,매출!C:J,8,0) -> 43238250 | F60: =IFERROR(VLOOKUP($D60,매장경비정리!$C:$K,F$1,FALSE),0) -> 154495 | G60: =IFERROR(VLOOKUP($D60,매장경비정리!$C:$K,G$1,FALSE),0) -> 35 | H60: =IFERROR(VLOOKUP($D60,매장경비정리!$C:$K,H$1,FALSE),0) -> 68495 | I60: =IFERROR(VLOOKUP($D60,매장경비정리!$C:$K,I$1,FALSE),0) -> 16 | J60: =IFERROR(VLOOKUP($D60,매장경비정리!$C:$K,J$1,FALSE),0) -> 0 | K60: =IFERROR(VLOOKUP($D60,매장경비정리!$C:$K,K$1,FALSE),0) -> 0 | L60: =SUM(F60,H60,J60) -> 222990 | M60: =L60/E60 -> 0.0051572392 | P60: =VLOOKUP($D60,'[1]25년 5월경비'!$D:$M,P$1,FALSE) -> 40317340 | Q60: =VLOOKUP($D60,'[1]25년 5월경비'!$D:$M,Q$1,FALSE) -> 100265 | R60: =VLOOKUP($D60,'[1]25년 5월경비'!$D:$M,R$1,FALSE) -> 22 | S60: =VLOOKUP($D60,'[1]25년 5월경비'!$D:$M,S$1,FALSE) -> 47020 | T60: =VLOOKUP($D60,'[1]25년 5월경비'!$D:$M,T$1,FALSE) -> 12 | U60: =VLOOKUP($D60,'[1]25년 5월경비'!$D:$M,U$1,FALSE) -> 44000 | V60: =VLOOKUP($D60,'[1]25년 5월경비'!$D:$M,V$1,FALSE) -> 2 | W60: =VLOOKUP($D60,'[1]25년 5월경비'!$D:$M,W$1,FALSE) -> 191285 | X60: =W60/P60 -> 0.0047444846 | Z60: =E60-P60 -> 2920910 | AA60: =F60-Q60 -> 54230 | AB60: =G60-R60 -> 13 | AC60: =H60-S60 -> 21475 | AD60: =I60-T60 -> 4 | AE60: =J60-U60 -> -44000 | AF60: =K60-V60 -> -2 | AG60: =L60-W60 -> 31705
B61: 14 | C61: 45357 | D61: 롯데아울렛광교점 | E61: =VLOOKUP(D61,매출!C:J,8,0) -> 51827930 | F61: =IFERROR(VLOOKUP($D61,매장경비정리!$C:$K,F$1,FALSE),0) -> 195000 | G61: =IFERROR(VLOOKUP($D61,매장경비정리!$C:$K,G$1,FALSE),0) -> 35 | H61: =IFERROR(VLOOKUP($D61,매장경비정리!$C:$K,H$1,FALSE),0) -> 54000 | I61: =IFERROR(VLOOKUP($D61,매장경비정리!$C:$K,I$1,FALSE),0) -> 13 | J61: =IFERROR(VLOOKUP($D61,매장경비정리!$C:$K,J$1,FALSE),0) -> 0 | K61: =IFERROR(VLOOKUP($D61,매장경비정리!$C:$K,K$1,FALSE),0) -> 0 | L61: =SUM(F61,H61,J61) -> 249000 | M61: =L61/E61 -> 0.0048043593 | P61: =VLOOKUP($D61,'[1]25년 5월경비'!$D:$M,P$1,FALSE) -> 48585120 | Q61: =VLOOKUP($D61,'[1]25년 5월경비'!$D:$M,Q$1,FALSE) -> 132000 | R61: =VLOOKUP($D61,'[1]25년 5월경비'!$D:$M,R$1,FALSE) -> 23 | S61: =VLOOKUP($D61,'[1]25년 5월경비'!$D:$M,S$1,FALSE) -> 48000 | T61: =VLOOKUP($D61,'[1]25년 5월경비'!$D:$M,T$1,FALSE) -> 12 | U61: =VLOOKUP($D61,'[1]25년 5월경비'!$D:$M,U$1,FALSE) -> 0 | V61: =VLOOKUP($D61,'[1]25년 5월경비'!$D:$M,V$1,FALSE) -> 0 | W61: =VLOOKUP($D61,'[1]25년 5월경비'!$D:$M,W$1,FALSE) -> 180000 | X61: =W61/P61 -> 0.003704838 | Z61: =E61-P61 -> 3242810 | AA61: =F61-Q61 -> 63000 | AB61: =G61-R61 -> 12 | AC61: =H61-S61 -> 6000 | AD61: =I61-T61 -> 1 | AE61: =J61-U61 -> 0 | AF61: =K61-V61 -> 0 | AG61: =L61-W61 -> 69000
B62: 15 | C62: 45404 | D62: 롯데아울렛이천점 | E62: =VLOOKUP(D62,매출!C:J,8,0) -> 73026250 | F62: =IFERROR(VLOOKUP($D62,매장경비정리!$C:$K,F$1,FALSE),0) -> 0 | G62: =IFERROR(VLOOKUP($D62,매장경비정리!$C:$K,G$1,FALSE),0) -> 0 | H62: =IFERROR(VLOOKUP($D62,매장경비정리!$C:$K,H$1,FALSE),0) -> 0 | I62: =IFERROR(VLOOKUP($D62,매장경비정리!$C:$K,I$1,FALSE),0) -> 0 | J62: =IFERROR(VLOOKUP($D62,매장경비정리!$C:$K,J$1,FALSE),0) -> 0 | K62: =IFERROR(VLOOKUP($D62,매장경비정리!$C:$K,K$1,FALSE),0) -> 0 | L62: =SUM(F62,H62,J62) -> 0 | M62: =L62/E62 -> 0 | P62: =VLOOKUP($D62,'[1]25년 5월경비'!$D:$M,P$1,FALSE) -> 58837250 | Q62: =VLOOKUP($D62,'[1]25년 5월경비'!$D:$M,Q$1,FALSE) -> 0 | R62: =VLOOKUP($D62,'[1]25년 5월경비'!$D:$M,R$1,FALSE) -> 0 | S62: =VLOOKUP($D62,'[1]25년 5월경비'!$D:$M,S$1,FALSE) -> 0 | T62: =VLOOKUP($D62,'[1]25년 5월경비'!$D:$M,T$1,FALSE) -> 0 | U62: =VLOOKUP($D62,'[1]25년 5월경비'!$D:$M,U$1,FALSE) -> 0 | V62: =VLOOKUP($D62,'[1]25년 5월경비'!$D:$M,V$1,FALSE) -> 0 | W62: =VLOOKUP($D62,'[1]25년 5월경비'!$D:$M,W$1,FALSE) -> 0 | X62: =W62/P62 -> 0 | Z62: =E62-P62 -> 14189000 | AA62: =F62-Q62 -> 0 | AB62: =G62-R62 -> 0 | AC62: =H62-S62 -> 0 | AD62: =I62-T62 -> 0 | AE62: =J62-U62 -> 0 | AF62: =K62-V62 -> 0 | AG62: =L62-W62 -> 0
E63: =SUM(E48:E62) -> 1007124810 | F63: =SUM(F48:F62) -> 1046895 | G63: =SUM(G48:G62) -> 200 | H63: =SUM(H48:H62) -> 546695 | I63: =SUM(I48:I62) -> 127 | J63: =SUM(J48:J62) -> 111600 | K63: =SUM(K48:K62) -> 4 | L63: =SUM(L48:L62) -> 1705190 | M63: =L63/E63 -> 0.0016931268 | P63: =SUM(P48:P62) -> 879341510 | Q63: =SUM(Q48:Q62) -> 649965 | R63: =SUM(R48:R62) -> 139 | S63: =SUM(S48:S62) -> 601860 | T63: =SUM(T48:T62) -> 143 | U63: =SUM(U48:U62) -> 80700 | V63: =SUM(V48:V62) -> 7 | W63: =SUM(W48:W62) -> 1332525 | X63: =W63/P63 -> 0.0015153669 | Z63: =SUM(Z48:Z62) -> 127783300 | AA63: =SUM(AA48:AA62) -> 396930 | AB63: =SUM(AB48:AB62) -> 61 | AC63: =SUM(AC48:AC62) -> -55165 | AD63: =SUM(AD48:AD62) -> -16 | AE63: =SUM(AE48:AE62) -> 30900 | AF63: =SUM(AF48:AF62) -> -3 | AG63: =SUM(AG48:AG62) -> 372665
A65: 담당자 | B65: NO. | C65: 직택배 시행기간 | D65: 매장명 | E65: 26년 5월 매출 | F65: 고객배송 택배비 | G65: 건수 | H65: 매장 수평 택배비 | I65: 건수 | J65: 매장경비 | K65: 건수 | L65: 계 | M65: 매출대비 전체비율 | P65: 25년 5월 매출 | Q65: 고객배송 택배비 | R65: 건수 | S65: 매장 수평 택배비 | T65: 건수 | U65: 매장경비 | V65: 건수 | W65: 계 | X65: 매출대비 전체비율 | Z65: 전년 대비 매출 | AA65: 고객배송 택배비 | AB65: 건수 | AC65: 매장 수평 택배비 | AD65: 건수 | AE65: 매장경비 | AF65: 건수 | AG65: 계 | AH65: 확인 | AI65: 비고란 | AJ65: 근로계약서 | AL65: 고객배송 기본택배비 | AM65: 고객배송 택배업체 | AN65: 비고 | AO65: 수평,고객배송 과다체크
A66: 김영완 과장 | B66: 1 | C66: 45404 | D66: 롯데강남점 | E66: =VLOOKUP(D66,매출!C:J,8,0) -> 39681790 | F66: =IFERROR(VLOOKUP($D66,매장경비정리!$C:$K,F$1,FALSE),0) -> 46000 | G66: =IFERROR(VLOOKUP($D66,매장경비정리!$C:$K,G$1,FALSE),0) -> 8 | H66: =IFERROR(VLOOKUP($D66,매장경비정리!$C:$K,H$1,FALSE),0) -> 60500 | I66: =IFERROR(VLOOKUP($D66,매장경비정리!$C:$K,I$1,FALSE),0) -> 15 | J66: =IFERROR(VLOOKUP($D66,매장경비정리!$C:$K,J$1,FALSE),0) -> 22000 | K66: =IFERROR(VLOOKUP($D66,매장경비정리!$C:$K,K$1,FALSE),0) -> 1 | L66: =SUM(F66,H66,J66) -> 128500 | M66: =L66/E66 -> 0.0032382612 | P66: =VLOOKUP($D66,'[1]25년 5월경비'!$D:$M,P$1,FALSE) -> 39779970 | Q66: =VLOOKUP($D66,'[1]25년 5월경비'!$D:$M,Q$1,FALSE) -> 24000 | R66: =VLOOKUP($D66,'[1]25년 5월경비'!$D:$M,R$1,FALSE) -> 6 | S66: =VLOOKUP($D66,'[1]25년 5월경비'!$D:$M,S$1,FALSE) -> 75500 | T66: =VLOOKUP($D66,'[1]25년 5월경비'!$D:$M,T$1,FALSE) -> 19 | U66: =VLOOKUP($D66,'[1]25년 5월경비'!$D:$M,U$1,FALSE) -> 0 | V66: =VLOOKUP($D66,'[1]25년 5월경비'!$D:$M,V$1,FALSE) -> 0 | W66: =VLOOKUP($D66,'[1]25년 5월경비'!$D:$M,W$1,FALSE) -> 99500 | X66: =W66/P66 -> 0.0025012588 | Z66: =E66-P66 -> -98180 | AA66: =F66-Q66 -> 22000 | AB66: =G66-R66 -> 2 | AC66: =H66-S66 -> -15000 | AD66: =I66-T66 -> -4 | AE66: =J66-U66 -> 22000 | AF66: =K66-V66 -> 1 | AG66: =L66-W66 -> 29000
B67: 2 | C67: 45404 | D67: 롯데잠실점 | E67: =VLOOKUP(D67,매출!C:J,8,0) -> 90833470 | F67: =IFERROR(VLOOKUP($D67,매장경비정리!$C:$K,F$1,FALSE),0) -> 231600 | G67: =IFERROR(VLOOKUP($D67,매장경비정리!$C:$K,G$1,FALSE),0) -> 47 | H67: =IFERROR(VLOOKUP($D67,매장경비정리!$C:$K,H$1,FALSE),0) -> 56000 | I67: =IFERROR(VLOOKUP($D67,매장경비정리!$C:$K,I$1,FALSE),0) -> 14 | J67: =IFERROR(VLOOKUP($D67,매장경비정리!$C:$K,J$1,FALSE),0) -> 0 | K67: =IFERROR(VLOOKUP($D67,매장경비정리!$C:$K,K$1,FALSE),0) -> 0 | L67: =SUM(F67,H67,J67) -> 287600 | M67: =L67/E67 -> 0.0031662338 | P67: =VLOOKUP($D67,'[1]25년 5월경비'!$D:$M,P$1,FALSE) -> 63247500 | Q67: =VLOOKUP($D67,'[1]25년 5월경비'!$D:$M,Q$1,FALSE) -> 67500 | R67: =VLOOKUP($D67,'[1]25년 5월경비'!$D:$M,R$1,FALSE) -> 8 | S67: =VLOOKUP($D67,'[1]25년 5월경비'!$D:$M,S$1,FALSE) -> 101500 | T67: =VLOOKUP($D67,'[1]25년 5월경비'!$D:$M,T$1,FALSE) -> 20 | U67: =VLOOKUP($D67,'[1]25년 5월경비'!$D:$M,U$1,FALSE) -> 0 | V67: =VLOOKUP($D67,'[1]25년 5월경비'!$D:$M,V$1,FALSE) -> 0 | W67: =VLOOKUP($D67,'[1]25년 5월경비'!$D:$M,W$1,FALSE) -> 169000 | X67: =W67/P67 -> 0.0026720424 | Z67: =E67-P67 -> 27585970 | AA67: =F67-Q67 -> 164100 | AB67: =G67-R67 -> 39 | AC67: =H67-S67 -> -45500 | AD67: =I67-T67 -> -6 | AE67: =J67-U67 -> 0 | AF67: =K67-V67 -> 0 | AG67: =L67-W67 -> 118600
B68: 3 | C68: 45418 | D68: 롯데관악점 | E68: =VLOOKUP(D68,매출!C:J,8,0) -> 28664640 | F68: =IFERROR(VLOOKUP($D68,매장경비정리!$C:$K,F$1,FALSE),0) -> 21000 | G68: =IFERROR(VLOOKUP($D68,매장경비정리!$C:$K,G$1,FALSE),0) -> 2 | H68: =IFERROR(VLOOKUP($D68,매장경비정리!$C:$K,H$1,FALSE),0) -> 38500 | I68: =IFERROR(VLOOKUP($D68,매장경비정리!$C:$K,I$1,FALSE),0) -> 10 | J68: =IFERROR(VLOOKUP($D68,매장경비정리!$C:$K,J$1,FALSE),0) -> 6500 | K68: =IFERROR(VLOOKUP($D68,매장경비정리!$C:$K,K$1,FALSE),0) -> 2 | L68: =SUM(F68,H68,J68) -> 66000 | M68: =L68/E68 -> 0.0023024884 | P68: =VLOOKUP($D68,'[1]25년 5월경비'!$D:$M,P$1,FALSE) -> 28347300 | Q68: =VLOOKUP($D68,'[1]25년 5월경비'!$D:$M,Q$1,FALSE) -> 20000 | R68: =VLOOKUP($D68,'[1]25년 5월경비'!$D:$M,R$1,FALSE) -> 3 | S68: =VLOOKUP($D68,'[1]25년 5월경비'!$D:$M,S$1,FALSE) -> 12000 | T68: =VLOOKUP($D68,'[1]25년 5월경비'!$D:$M,T$1,FALSE) -> 3 | U68: =VLOOKUP($D68,'[1]25년 5월경비'!$D:$M,U$1,FALSE) -> 45300 | V68: =VLOOKUP($D68,'[1]25년 5월경비'!$D:$M,V$1,FALSE) -> 3 | W68: =VLOOKUP($D68,'[1]25년 5월경비'!$D:$M,W$1,FALSE) -> 77300 | X68: =W68/P68 -> 0.0027268911 | Z68: =E68-P68 -> 317340 | AA68: =F68-Q68 -> 1000 | AB68: =G68-R68 -> -1 | AC68: =H68-S68 -> 26500 | AD68: =I68-T68 -> 7 | AE68: =J68-U68 -> -38800 | AF68: =K68-V68 -> -1 | AG68: =L68-W68 -> -11300
B69: 4 | C69: 45432 | D69: 롯데창원점 | E69: =VLOOKUP(D69,매출!C:J,8,0) -> 53086040 | F69: =IFERROR(VLOOKUP($D69,매장경비정리!$C:$K,F$1,FALSE),0) -> 125500 | G69: =IFERROR(VLOOKUP($D69,매장경비정리!$C:$K,G$1,FALSE),0) -> 30 | H69: =IFERROR(VLOOKUP($D69,매장경비정리!$C:$K,H$1,FALSE),0) -> 23500 | I69: =IFERROR(VLOOKUP($D69,매장경비정리!$C:$K,I$1,FALSE),0) -> 6 | J69: =IFERROR(VLOOKUP($D69,매장경비정리!$C:$K,J$1,FALSE),0) -> 0 | K69: =IFERROR(VLOOKUP($D69,매장경비정리!$C:$K,K$1,FALSE),0) -> 0 | L69: =SUM(F69,H69,J69) -> 149000 | M69: =L69/E69 -> 0.0028067643 | P69: =VLOOKUP($D69,'[1]25년 5월경비'!$D:$M,P$1,FALSE) -> 64459740 | Q69: =VLOOKUP($D69,'[1]25년 5월경비'!$D:$M,Q$1,FALSE) -> 257500 | R69: =VLOOKUP($D69,'[1]25년 5월경비'!$D:$M,R$1,FALSE) -> 56 | S69: =VLOOKUP($D69,'[1]25년 5월경비'!$D:$M,S$1,FALSE) -> 18500 | T69: =VLOOKUP($D69,'[1]25년 5월경비'!$D:$M,T$1,FALSE) -> 4 | U69: =VLOOKUP($D69,'[1]25년 5월경비'!$D:$M,U$1,FALSE) -> 0 | V69: =VLOOKUP($D69,'[1]25년 5월경비'!$D:$M,V$1,FALSE) -> 0 | W69: =VLOOKUP($D69,'[1]25년 5월경비'!$D:$M,W$1,FALSE) -> 276000 | X69: =W69/P69 -> 0.0042817424 | Z69: =E69-P69 -> -11373700 | AA69: =F69-Q69 -> -132000 | AB69: =G69-R69 -> -26 | AC69: =H69-S69 -> 5000 | AD69: =I69-T69 -> 2 | AE69: =J69-U69 -> 0 | AF69: =K69-V69 -> 0 | AG69: =L69-W69 -> -127000
B70: 5 | C70: 45432 | D70: 신세계마산점 | E70: =VLOOKUP(D70,매출!C:J,8,0) -> 61873400 | F70: =IFERROR(VLOOKUP($D70,매장경비정리!$C:$K,F$1,FALSE),0) -> 476000 | G70: =IFERROR(VLOOKUP($D70,매장경비정리!$C:$K,G$1,FALSE),0) -> 116 | H70: =IFERROR(VLOOKUP($D70,매장경비정리!$C:$K,H$1,FALSE),0) -> 34000 | I70: =IFERROR(VLOOKUP($D70,매장경비정리!$C:$K,I$1,FALSE),0) -> 9 | J70: =IFERROR(VLOOKUP($D70,매장경비정리!$C:$K,J$1,FALSE),0) -> 0 | K70: =IFERROR(VLOOKUP($D70,매장경비정리!$C:$K,K$1,FALSE),0) -> 0 | L70: =SUM(F70,H70,J70) -> 510000 | M70: =L70/E70 -> 0.0082426374 | P70: =VLOOKUP($D70,'[1]25년 5월경비'!$D:$M,P$1,FALSE) -> 60001130 | Q70: =VLOOKUP($D70,'[1]25년 5월경비'!$D:$M,Q$1,FALSE) -> 0 | R70: =VLOOKUP($D70,'[1]25년 5월경비'!$D:$M,R$1,FALSE) -> 0 | S70: =VLOOKUP($D70,'[1]25년 5월경비'!$D:$M,S$1,FALSE) -> 55670 | T70: =VLOOKUP($D70,'[1]25년 5월경비'!$D:$M,T$1,FALSE) -> 14 | U70: =VLOOKUP($D70,'[1]25년 5월경비'!$D:$M,U$1,FALSE) -> 0 | V70: =VLOOKUP($D70,'[1]25년 5월경비'!$D:$M,V$1,FALSE) -> 0 | W70: =VLOOKUP($D70,'[1]25년 5월경비'!$D:$M,W$1,FALSE) -> 55670 | X70: =W70/P70 -> 0.00092781586 | Z70: =E70-P70 -> 1872270 | AA70: =F70-Q70 -> 476000 | AB70: =G70-R70 -> 116 | AC70: =H70-S70 -> -21670 | AD70: =I70-T70 -> -5 | AE70: =J70-U70 -> 0 | AF70: =K70-V70 -> 0 | AG70: =L70-W70 -> 454330
B71: 6 | C71: 45425 | D71: 롯데울산점 | E71: =VLOOKUP(D71,매출!C:J,8,0) -> 35035430 | F71: =IFERROR(VLOOKUP($D71,매장경비정리!$C:$K,F$1,FALSE),0) -> 0 | G71: =IFERROR(VLOOKUP($D71,매장경비정리!$C:$K,G$1,FALSE),0) -> 0 | H71: =IFERROR(VLOOKUP($D71,매장경비정리!$C:$K,H$1,FALSE),0) -> 0 | I71: =IFERROR(VLOOKUP($D71,매장경비정리!$C:$K,I$1,FALSE),0) -> 0 | J71: =IFERROR(VLOOKUP($D71,매장경비정리!$C:$K,J$1,FALSE),0) -> 0 | K71: =IFERROR(VLOOKUP($D71,매장경비정리!$C:$K,K$1,FALSE),0) -> 0 | L71: =SUM(F71,H71,J71) -> 0 | M71: =L71/E71 -> 0 | P71: =VLOOKUP($D71,'[1]25년 5월경비'!$D:$M,P$1,FALSE) -> 32635190 | Q71: =VLOOKUP($D71,'[1]25년 5월경비'!$D:$M,Q$1,FALSE) -> 103200 | R71: =VLOOKUP($D71,'[1]25년 5월경비'!$D:$M,R$1,FALSE) -> 26 | S71: =VLOOKUP($D71,'[1]25년 5월경비'!$D:$M,S$1,FALSE) -> 30500 | T71: =VLOOKUP($D71,'[1]25년 5월경비'!$D:$M,T$1,FALSE) -> 7 | U71: =VLOOKUP($D71,'[1]25년 5월경비'!$D:$M,U$1,FALSE) -> 0 | V71: =VLOOKUP($D71,'[1]25년 5월경비'!$D:$M,V$1,FALSE) -> 0 | W71: =VLOOKUP($D71,'[1]25년 5월경비'!$D:$M,W$1,FALSE) -> 133700 | X71: =W71/P71 -> 0.0040968047 | Z71: =E71-P71 -> 2400240 | AA71: =F71-Q71 -> -103200 | AB71: =G71-R71 -> -26 | AC71: =H71-S71 -> -30500 | AD71: =I71-T71 -> -7 | AE71: =J71-U71 -> 0 | AF71: =K71-V71 -> 0 | AG71: =L71-W71 -> -133700
B72: 7 | C72: 45404 | D72: 현대울산점 | E72: =VLOOKUP(D72,매출!C:J,8,0) -> 91347890 | F72: =IFERROR(VLOOKUP($D72,매장경비정리!$C:$K,F$1,FALSE),0) -> 108640 | G72: =IFERROR(VLOOKUP($D72,매장경비정리!$C:$K,G$1,FALSE),0) -> 24 | H72: =IFERROR(VLOOKUP($D72,매장경비정리!$C:$K,H$1,FALSE),0) -> 61700 | I72: =IFERROR(VLOOKUP($D72,매장경비정리!$C:$K,I$1,FALSE),0) -> 15 | J72: =IFERROR(VLOOKUP($D72,매장경비정리!$C:$K,J$1,FALSE),0) -> 99550 | K72: =IFERROR(VLOOKUP($D72,매장경비정리!$C:$K,K$1,FALSE),0) -> 1 | L72: =SUM(F72,H72,J72) -> 269890 | M72: =L72/E72 -> 0.0029545291 | P72: =VLOOKUP($D72,'[1]25년 5월경비'!$D:$M,P$1,FALSE) -> 86437610 | Q72: =VLOOKUP($D72,'[1]25년 5월경비'!$D:$M,Q$1,FALSE) -> 204000 | R72: =VLOOKUP($D72,'[1]25년 5월경비'!$D:$M,R$1,FALSE) -> 39 | S72: =VLOOKUP($D72,'[1]25년 5월경비'!$D:$M,S$1,FALSE) -> 147700 | T72: =VLOOKUP($D72,'[1]25년 5월경비'!$D:$M,T$1,FALSE) -> 26 | U72: =VLOOKUP($D72,'[1]25년 5월경비'!$D:$M,U$1,FALSE) -> 0 | V72: =VLOOKUP($D72,'[1]25년 5월경비'!$D:$M,V$1,FALSE) -> 0 | W72: =VLOOKUP($D72,'[1]25년 5월경비'!$D:$M,W$1,FALSE) -> 351700 | X72: =W72/P72 -> 0.0040688307 | Z72: =E72-P72 -> 4910280 | AA72: =F72-Q72 -> -95360 | AB72: =G72-R72 -> -15 | AC72: =H72-S72 -> -86000 | AD72: =I72-T72 -> -11 | AE72: =J72-U72 -> 99550 | AF72: =K72-V72 -> 1 | AG72: =L72-W72 -> -81810
B73: 8 | C73: 45432 | D73: 현대동구점 | E73: =VLOOKUP(D73,매출!C:J,8,0) -> 21019440 | F73: =IFERROR(VLOOKUP($D73,매장경비정리!$C:$K,F$1,FALSE),0) -> 258000 | G73: =IFERROR(VLOOKUP($D73,매장경비정리!$C:$K,G$1,FALSE),0) -> 52 | H73: =IFERROR(VLOOKUP($D73,매장경비정리!$C:$K,H$1,FALSE),0) -> 18000 | I73: =IFERROR(VLOOKUP($D73,매장경비정리!$C:$K,I$1,FALSE),0) -> 4 | J73: =IFERROR(VLOOKUP($D73,매장경비정리!$C:$K,J$1,FALSE),0) -> 4000 | K73: =IFERROR(VLOOKUP($D73,매장경비정리!$C:$K,K$1,FALSE),0) -> 1 | L73: =SUM(F73,H73,J73) -> 280000 | M73: =L73/E73 -> 0.013321002 | P73: =VLOOKUP($D73,'[1]25년 5월경비'!$D:$M,P$1,FALSE) -> 26130790 | Q73: =VLOOKUP($D73,'[1]25년 5월경비'!$D:$M,Q$1,FALSE) -> 314500 | R73: =VLOOKUP($D73,'[1]25년 5월경비'!$D:$M,R$1,FALSE) -> 74 | S73: =VLOOKUP($D73,'[1]25년 5월경비'!$D:$M,S$1,FALSE) -> 28500 | T73: =VLOOKUP($D73,'[1]25년 5월경비'!$D:$M,T$1,FALSE) -> 7 | U73: =VLOOKUP($D73,'[1]25년 5월경비'!$D:$M,U$1,FALSE) -> 0 | V73: =VLOOKUP($D73,'[1]25년 5월경비'!$D:$M,V$1,FALSE) -> 0 | W73: =VLOOKUP($D73,'[1]25년 5월경비'!$D:$M,W$1,FALSE) -> 343000 | X73: =W73/P73 -> 0.013126277 | Z73: =E73-P73 -> -5111350 | AA73: =F73-Q73 -> -56500 | AB73: =G73-R73 -> -22 | AC73: =H73-S73 -> -10500 | AD73: =I73-T73 -> -3 | AE73: =J73-U73 -> 4000 | AF73: =K73-V73 -> 1 | AG73: =L73-W73 -> -63000
B74: 9 | D74: 현대킨텍스점 | E74: =VLOOKUP(D74,매출!C:J,8,0) -> 45808730 | F74: =IFERROR(VLOOKUP($D74,매장경비정리!$C:$K,F$1,FALSE),0) -> 152500 | G74: =IFERROR(VLOOKUP($D74,매장경비정리!$C:$K,G$1,FALSE),0) -> 33 | H74: =IFERROR(VLOOKUP($D74,매장경비정리!$C:$K,H$1,FALSE),0) -> 73600 | I74: =IFERROR(VLOOKUP($D74,매장경비정리!$C:$K,I$1,FALSE),0) -> 18 | J74: =IFERROR(VLOOKUP($D74,매장경비정리!$C:$K,J$1,FALSE),0) -> 0 | K74: =IFERROR(VLOOKUP($D74,매장경비정리!$C:$K,K$1,FALSE),0) -> 0 | L74: =SUM(F74,H74,J74) -> 226100 | M74: =L74/E74 -> 0.0049357404 | P74: 0 | Q74: 0 | R74: 0 | S74: 0 | T74: 0 | U74: 0 | V74: 0 | W74: 0 | X74: =IFERROR(W74/P74,"") | Z74: =E74-P74 -> 45808730 | AA74: =F74-Q74 -> 152500 | AB74: =G74-R74 -> 33 | AC74: =H74-S74 -> 73600 | AD74: =I74-T74 -> 18 | AE74: =J74-U74 -> 0 | AF74: =K74-V74 -> 0 | AG74: =L74-W74 -> 226100
B75: 10 | C75: 45357 | D75: AK프라자분당점 | E75: =VLOOKUP(D75,매출!C:J,8,0) -> 45179020 | F75: =IFERROR(VLOOKUP($D75,매장경비정리!$C:$K,F$1,FALSE),0) -> 145000 | G75: =IFERROR(VLOOKUP($D75,매장경비정리!$C:$K,G$1,FALSE),0) -> 29 | H75: =IFERROR(VLOOKUP($D75,매장경비정리!$C:$K,H$1,FALSE),0) -> 73500 | I75: =IFERROR(VLOOKUP($D75,매장경비정리!$C:$K,I$1,FALSE),0) -> 17 | J75: =IFERROR(VLOOKUP($D75,매장경비정리!$C:$K,J$1,FALSE),0) -> 0 | K75: =IFERROR(VLOOKUP($D75,매장경비정리!$C:$K,K$1,FALSE),0) -> 0 | L75: =SUM(F75,H75,J75) -> 218500 | M75: =L75/E75 -> 0.0048363156 | P75: =VLOOKUP($D75,'[1]25년 5월경비'!$D:$M,P$1,FALSE) -> 32059540 | Q75: =VLOOKUP($D75,'[1]25년 5월경비'!$D:$M,Q$1,FALSE) -> 206000 | R75: =VLOOKUP($D75,'[1]25년 5월경비'!$D:$M,R$1,FALSE) -> 43 | S75: =VLOOKUP($D75,'[1]25년 5월경비'!$D:$M,S$1,FALSE) -> 47200 | T75: =VLOOKUP($D75,'[1]25년 5월경비'!$D:$M,T$1,FALSE) -> 12 | U75: =VLOOKUP($D75,'[1]25년 5월경비'!$D:$M,U$1,FALSE) -> 0 | V75: =VLOOKUP($D75,'[1]25년 5월경비'!$D:$M,V$1,FALSE) -> 0 | W75: =VLOOKUP($D75,'[1]25년 5월경비'!$D:$M,W$1,FALSE) -> 253200 | X75: =W75/P75 -> 0.0078978051 | Z75: =E75-P75 -> 13119480 | AA75: =F75-Q75 -> -61000 | AB75: =G75-R75 -> -14 | AC75: =H75-S75 -> 26300 | AD75: =I75-T75 -> 5 | AE75: =J75-U75 -> 0 | AF75: =K75-V75 -> 0 | AG75: =L75-W75 -> -34700
B76: 11 | C76: 45328 | D76: 롯데아울렛고양점 | E76: =VLOOKUP(D76,매출!C:J,8,0) -> 29325890 | F76: =IFERROR(VLOOKUP($D76,매장경비정리!$C:$K,F$1,FALSE),0) -> 121100 | G76: =IFERROR(VLOOKUP($D76,매장경비정리!$C:$K,G$1,FALSE),0) -> 30 | H76: =IFERROR(VLOOKUP($D76,매장경비정리!$C:$K,H$1,FALSE),0) -> 49000 | I76: =IFERROR(VLOOKUP($D76,매장경비정리!$C:$K,I$1,FALSE),0) -> 13 | J76: =IFERROR(VLOOKUP($D76,매장경비정리!$C:$K,J$1,FALSE),0) -> 0 | K76: =IFERROR(VLOOKUP($D76,매장경비정리!$C:$K,K$1,FALSE),0) -> 0 | L76: =SUM(F76,H76,J76) -> 170100 | M76: =L76/E76 -> 0.0058003355 | P76: =VLOOKUP($D76,'[1]25년 5월경비'!$D:$M,P$1,FALSE) -> 27051170 | Q76: =VLOOKUP($D76,'[1]25년 5월경비'!$D:$M,Q$1,FALSE) -> 102600 | R76: =VLOOKUP($D76,'[1]25년 5월경비'!$D:$M,R$1,FALSE) -> 22 | S76: =VLOOKUP($D76,'[1]25년 5월경비'!$D:$M,S$1,FALSE) -> 24000 | T76: =VLOOKUP($D76,'[1]25년 5월경비'!$D:$M,T$1,FALSE) -> 6 | U76: =VLOOKUP($D76,'[1]25년 5월경비'!$D:$M,U$1,FALSE) -> 0 | V76: =VLOOKUP($D76,'[1]25년 5월경비'!$D:$M,V$1,FALSE) -> 0 | W76: =VLOOKUP($D76,'[1]25년 5월경비'!$D:$M,W$1,FALSE) -> 126600 | X76: =W76/P76 -> 0.0046800194 | Z76: =E76-P76 -> 2274720 | AA76: =F76-Q76 -> 18500 | AB76: =G76-R76 -> 8 | AC76: =H76-S76 -> 25000 | AD76: =I76-T76 -> 7 | AE76: =J76-U76 -> 0 | AF76: =K76-V76 -> 0 | AG76: =L76-W76 -> 43500
B77: 12 | C77: 45353 | D77: 신세계아울렛파주점 | E77: =VLOOKUP(D77,매출!C:J,8,0) -> 31776960 | F77: =IFERROR(VLOOKUP($D77,매장경비정리!$C:$K,F$1,FALSE),0) -> 172000 | G77: =IFERROR(VLOOKUP($D77,매장경비정리!$C:$K,G$1,FALSE),0) -> 38 | H77: =IFERROR(VLOOKUP($D77,매장경비정리!$C:$K,H$1,FALSE),0) -> 189000 | I77: =IFERROR(VLOOKUP($D77,매장경비정리!$C:$K,I$1,FALSE),0) -> 44 | J77: =IFERROR(VLOOKUP($D77,매장경비정리!$C:$K,J$1,FALSE),0) -> 0 | K77: =IFERROR(VLOOKUP($D77,매장경비정리!$C:$K,K$1,FALSE),0) -> 0 | L77: =F77+H77 -> 361000 | M77: =L77/E77 -> 0.011360432 | P77: =VLOOKUP($D77,'[1]25년 5월경비'!$D:$M,P$1,FALSE) -> 24955450 | Q77: =VLOOKUP($D77,'[1]25년 5월경비'!$D:$M,Q$1,FALSE) -> 131000 | R77: =VLOOKUP($D77,'[1]25년 5월경비'!$D:$M,R$1,FALSE) -> 34 | S77: =VLOOKUP($D77,'[1]25년 5월경비'!$D:$M,S$1,FALSE) -> 40500 | T77: =VLOOKUP($D77,'[1]25년 5월경비'!$D:$M,T$1,FALSE) -> 10 | U77: =VLOOKUP($D77,'[1]25년 5월경비'!$D:$M,U$1,FALSE) -> 0 | V77: =VLOOKUP($D77,'[1]25년 5월경비'!$D:$M,V$1,FALSE) -> 0 | W77: =VLOOKUP($D77,'[1]25년 5월경비'!$D:$M,W$1,FALSE) -> 171500 | X77: =W77/P77 -> 0.0068722463 | Z77: =E77-P77 -> 6821510 | AA77: =F77-Q77 -> 41000 | AB77: =G77-R77 -> 4 | AC77: =H77-S77 -> 148500 | AD77: =I77-T77 -> 34 | AE77: =J77-U77 -> 0 | AF77: =K77-V77 -> 0 | AG77: =L77-W77 -> 189500
E78: =SUM(E66:E77) -> 573632700 | F78: =SUM(F66:F77) -> 1857340 | G78: =SUM(G66:G77) -> 409 | H78: =SUM(H66:H77) -> 677300 | I78: =SUM(I66:I77) -> 165 | J78: =SUM(J66:J77) -> 132050 | K78: =SUM(K66:K77) -> 5 | L78: =SUM(L66:L77) -> 2666690 | M78: =L78/E78 -> 0.0046487761 | P78: =SUM(P66:P77) -> 485105390 | Q78: =SUM(Q66:Q77) -> 1430300 | R78: =SUM(R66:R77) -> 311 | S78: =SUM(S66:S77) -> 581570 | T78: =SUM(T66:T77) -> 128 | U78: =SUM(U66:U77) -> 45300 | V78: =SUM(V66:V77) -> 3 | W78: =SUM(W66:W77) -> 2057170 | X78: =W78/P78 -> 0.0042406661 | Z78: =SUM(Z66:Z77) -> 88527310 | AA78: =SUM(AA66:AA77) -> 427040 | AB78: =SUM(AB66:AB77) -> 98 | AC78: =SUM(AC66:AC77) -> 95730 | AD78: =SUM(AD66:AD77) -> 37 | AE78: =SUM(AE66:AE77) -> 86750 | AF78: =SUM(AF66:AF77) -> 2 | AG78: =SUM(AG66:AG77) -> 609520
D79: 5월 합 계 | E79: =SUM(E78+E45+E20+E7+E63) -> 4057389810 | F79: =SUM(F78+F45+F20+F7+F63) -> 6214785 | G79: =SUM(G78+G45+G20+G7+G63) -> 1332 | H79: =SUM(H78+H45+H20+H7+H63) -> 2454345 | I79: =SUM(I78+I45+I20+I7+I63) -> 591 | J79: =SUM(J78+J45+J20+J7+J63) -> 442100 | K79: =SUM(K78+K45+K20+K7+K63) -> 23 | L79: =SUM(L78+L45+L20+L7+L63) -> 9111230 | M79: =L79/E79 -> 0.002245589 | P79: =SUM(P78+P45+P20+P7+P63) -> 3444796983 | Q79: =SUM(Q78+Q45+Q20+Q7+Q63) -> 4648465 | R79: =SUM(R78+R45+R20+R7+R63) -> 952 | S79: =SUM(S78+S45+S20+S7+S63) -> 3072620 | T79: =SUM(T78+T45+T20+T7+T63) -> 726 | U79: =SUM(U78+U45+U20+U7+U63) -> 380700 | V79: =SUM(V78+V45+V20+V7+V63) -> 27 | W79: =SUM(W78+W45+W20+W7+W63) -> 8101785 | X79: =W79/P79 -> 0.0023518904 | Z79: =SUM(Z78+Z45+Z20+Z7+Z63) -> 612592827 | AA79: =SUM(AA78+AA45+AA20+AA7+AA63) -> 1566320 | AB79: =SUM(AB78+AB45+AB20+AB7+AB63) -> 380 | AC79: =SUM(AC78+AC45+AC20+AC7+AC63) -> -618275 | AD79: =SUM(AD78+AD45+AD20+AD7+AD63) -> -135 | AE79: =SUM(AE78+AE45+AE20+AE7+AE63) -> 61400 | AF79: =SUM(AF78+AF45+AF20+AF7+AF63) -> -4 | AG79: =SUM(AG78+AG45+AG20+AG7+AG63) -> 1009445
D81: 2026년 연 간 누 적 | E81: 총 매출 | F81: 고객배송 택배비 | G81: 건수 | H81: 매장 수평 택배비 | I81: 건수 | J81: 매장경비 | K81: 건수 | L81: 계 | M81: 매출대비 전체비율 | P81: 2024년 연 간 누 적 | Q81: 고객배송 택배비 | R81: 건수 | S81: 매장 수평 택배비 | T81: 건수 | U81: 매장경비 | V81: 건수 | W81: 계 | X81: 매출대비 전체비율 | Z81: 전년대비 | AA81: 고객배송 택배비 | AB81: 건수 | AC81: 매장 수평 택배비 | AD81: 건수 | AE81: 매장경비 | AF81: 건수 | AG81: 계
E82: =SUM(E83:E94) -> 12635740080 | F82: =SUM(F83:F94) -> 24646595 | G82: =SUM(G83:G94) -> 5326 | H82: =SUM(H83:H94) -> 10765800 | I82: =SUM(I83:I94) -> 2683 | J82: =SUM(J83:J94) -> 1630910 | K82: =SUM(K83:K94) -> 78 | L82: =SUM(L83:L94) -> 37043305 | M82: 0.0060037523 | P82: =SUM(P83:P94) -> 38486729381 | Q82: =SUM(Q83:Q94) -> 65612995 | R82: =SUM(R83:R94) -> 13499 | S82: =SUM(S83:S94) -> 41580924 | T82: =SUM(T83:T94) -> 10137 | U82: =SUM(U83:U94) -> 6764645 | V82: =SUM(V83:V94) -> 374 | W82: =SUM(W83:W94) -> 113958564 | X82: =W82/P82 -> 0.0029609833 | Z82: =SUM(Z83:Z94) -> -25850989301 | AA82: =SUM(AA83:AA94) -> -40966400 | AB82: =SUM(AB83:AB94) -> -8173 | AC82: =SUM(AC83:AC94) -> -30815124 | AD82: =SUM(AD83:AD94) -> -7454 | AE82: =SUM(AE83:AE94) -> -5133735 | AF82: =SUM(AF83:AF94) -> -296 | AG82: =SUM(AG83:AG94) -> -76915259
D83: 1월 합 계 | E83: 2915902280 | F83: 5624740 | G83: 1281 | H83: 3353030 | I83: 803 | J83: 257880 | K83: 15 | L83: 9235650 | M83: =L83/E83 -> 0.0031673387 | P83: 2489987720 | Q83: 4511145 | R83: 869 | S83: 3481210 | T83: 839 | U83: 188400 | V83: 17 | W83: 8180755 | X83: =W83/P83 -> 0.00328546 | Z83: =E83-P83 -> 425914560 | AA83: =F83-Q83 -> 1113595 | AB83: =G83-R83 -> 412 | AC83: =H83-S83 -> -128180 | AD83: =I83-T83 -> -36 | AE83: =J83-U83 -> 69480 | AF83: =K83-V83 -> -2 | AG83: =L83-W83 -> 1054895
D84: 2월 합 계 | E84: 2783380710 | F84: 5492670 | G84: 1171 | H84: 2417870 | I84: 575 | J84: 472990 | K84: 14 | L84: 8383530 | M84: =L84/E84 -> 0.0030119954 | P84: 2579486460 | Q84: 4408050 | R84: 887 | S84: 3876320 | T84: 931 | U84: 350550 | V84: 20 | W84: 8634920 | X84: =W84/P84 -> 0.0033475345 | Z84: =E84-P84 -> 203894250 | AA84: =F84-Q84 -> 1084620 | AB84: =G84-R84 -> 284 | AC84: =H84-S84 -> -1458450 | AD84: =I84-T84 -> -356 | AE84: =J84-U84 -> 122440 | AF84: =K84-V84 -> -6 | AG84: =L84-W84 -> -251390
D85: 3월 합 계 | E85: 3102208400 | F85: 6017000 | G85: 1251 | H85: 2492400 | I85: 599 | J85: 228260 | K85: 17 | L85: 8737660 | M85: =L85/E85 -> 0.0028165935 | P85: 2971797680 | Q85: 4749545 | R85: 962 | S85: 3610660 | T85: 881 | U85: 673530 | V85: 30 | W85: 9033735 | X85: =W85/P85 -> 0.0030398217 | Z85: =E85-P85 -> 130410720 | AA85: =F85-Q85 -> 1267455 | AB85: =G85-R85 -> 289 | AC85: =H85-S85 -> -1118260 | AD85: =I85-T85 -> -282 | AE85: =J85-U85 -> -445270 | AF85: =K85-V85 -> -13 | AG85: =L85-W85 -> -296075
D86: 4월 합 계 | E86: 3260615990 | F86: 5654845 | G86: 1214 | H86: 1825200 | I86: 541 | J86: 539730 | K86: 27 | L86: 8019775 | M86: =L86/E86 -> 0.0024595889 | P86: 3298460461 | Q86: 4807940 | R86: 958 | S86: 2589140 | T86: 626 | U86: 438710 | V86: 47 | W86: 7835790 | X86: =W86/P86 -> 0.0023755901 | Z86: =E86-P86 -> -37844471 | AA86: =F86-Q86 -> 846905 | AB86: =G86-R86 -> 256 | AC86: =H86-S86 -> -763940 | AD86: =I86-T86 -> -85 | AE86: =J86-U86 -> 101020 | AF86: =K86-V86 -> -20 | AG86: =L86-W86 -> 183985
D87: 5월 합 계 | E87: =E78 -> 573632700 | F87: =F78 -> 1857340 | G87: =G78 -> 409 | H87: =H78 -> 677300 | I87: =I78 -> 165 | J87: =J78 -> 132050 | K87: =K78 -> 5 | L87: =L78 -> 2666690 | M87: =L87/E87 -> 0.0046487761 | P87: 3552841513 | Q87: 5058465 | R87: 1031 | S87: 3256020 | T87: 771 | U87: 380700 | V87: 27 | W87: 8695185 | X87: =W87/P87 -> 0.0024473889 | Z87: =E87-P87 -> -2979208813 | AA87: =F87-Q87 -> -3201125 | AB87: =G87-R87 -> -622 | AC87: =H87-S87 -> -2578720 | AD87: =I87-T87 -> -606 | AE87: =J87-U87 -> -248650 | AF87: =K87-V87 -> -22 | AG87: =L87-W87 -> -6028495
D88: 6월 합 계 | M88: =L88/E88 -> #DIV/0! | P88: 4105249210 | Q88: 5195770 | R88: 1073 | S88: 3641930 | T88: 955 | U88: 676690 | V88: 35 | W88: 9514390 | X88: =W88/P88 -> 0.0023176157 | Z88: =E88-P88 -> -4105249210 | AA88: =F88-Q88 -> -5195770 | AB88: =G88-R88 -> -1073 | AC88: =H88-S88 -> -3641930 | AD88: =I88-T88 -> -955 | AE88: =J88-U88 -> -676690 | AF88: =K88-V88 -> -35 | AG88: =L88-W88 -> -9514390
D89: 7월 합 계 | M89: =L89/E89 -> #DIV/0! | P89: 3343989540 | Q89: 5696690 | R89: 1249 | S89: 4420517 | T89: 1096 | U89: 667100 | V89: 32 | W89: 10784307 | X89: =W89/P89 -> 0.0032249823 | Z89: =E89-P89 -> -3343989540 | AA89: =F89-Q89 -> -5696690 | AB89: =G89-R89 -> -1249 | AC89: =H89-S89 -> -4420517 | AD89: =I89-T89 -> -1096 | AE89: =J89-U89 -> -667100 | AF89: =K89-V89 -> -32 | AG89: =L89-W89 -> -10784307
D90: 8월 합 계 | M90: =L90/E90 -> #DIV/0! | P90: 2304136315 | Q90: 4022550 | R90: 843 | S90: 2231440 | T90: 545 | U90: 533130 | V90: 32 | W90: 6787120 | X90: =W90/P90 -> 0.0029456243 | Z90: =E90-P90 -> -2304136315 | AA90: =F90-Q90 -> -4022550 | AB90: =G90-R90 -> -843 | AC90: =H90-S90 -> -2231440 | AD90: =I90-T90 -> -545 | AE90: =J90-U90 -> -533130 | AF90: =K90-V90 -> -32 | AG90: =L90-W90 -> -6787120
D91: 9월 합 계 | M91: =L91/E91 -> #DIV/0! | P91: 2739329122 | Q91: 4390370 | R91: 924 | S91: 1948397 | T91: 479 | U91: 1297360 | V91: 49 | W91: 7636127 | X91: =W91/P91 -> 0.0027875902 | Z91: =E91-P91 -> -2739329122 | AA91: =F91-Q91 -> -4390370 | AB91: =G91-R91 -> -924 | AC91: =H91-S91 -> -1948397 | AD91: =I91-T91 -> -479 | AE91: =J91-U91 -> -1297360 | AF91: =K91-V91 -> -49 | AG91: =L91-W91 -> -7636127
D92: 10월 합 계 | M92: =L92/E92 -> #DIV/0! | P92: 4333193830 | Q92: 7607475 | R92: 1577 | S92: 4078670 | T92: 970 | U92: 692275 | V92: 28 | W92: 12378420 | X92: =W92/P92 -> 0.0028566504 | Z92: =E93-P92 -> -4333193830 | AA92: =F93-Q92 -> -7607475 | AB92: =G93-R92 -> -1577 | AC92: =H93-S92 -> -4078670 | AD92: =I93-T92 -> -970 | AE92: =J93-U92 -> -692275 | AF92: =K93-V92 -> -28 | AG92: =L92-W92 -> -12378420
D93: 11월 합 계 | M93: =L93/E93 -> #DIV/0! | P93: 3572246660 | Q93: 8732670 | R93: 1829 | S93: 5158350 | T93: 1256 | U93: 269150 | V93: 27 | W93: 14160170 | X93: =W93/P93 -> 0.0039639396 | Z93: =E94-P93 -> -3572246660 | AA93: =F94-Q93 -> -8732670 | AB93: =G94-R93 -> -1829 | AC93: =H94-S93 -> -5158350 | AD93: =I94-T93 -> -1256 | AE93: =J94-U93 -> -269150 | AF93: =K94-V93 -> -27 | AG93: =L93-W93 -> -14160170
D94: 12월 합 계 | M94: =L94/E94 -> #DIV/0! | P94: 3196010870 | Q94: 6432325 | R94: 1297 | S94: 3288270 | T94: 788 | U94: 597050 | V94: 30 | W94: 10317645 | X94: =W94/P94 -> 0.0032282885 | Z94: =E94-P94 -> -3196010870 | AA94: =F94-Q94 -> -6432325 | AB94: =G94-R94 -> -1297 | AC94: =H94-S94 -> -3288270 | AD94: =I94-T94 -> -788 | AE94: =J94-U94 -> -597050 | AF94: =K94-V94 -> -30 | AG94: =L94-W94 -> -10317645
F97: =매장경비정리!F5 -> 6214785 | G97: =매장경비정리!G5 -> 1332 | H97: =매장경비정리!H5 -> 2454345 | I97: =매장경비정리!I5 -> 591 | J97: =매장경비정리!J5 -> 442100 | K97: =매장경비정리!K5 -> 23 | L97: =매장경비정리!L5 -> 9111230 | P97: 3444796983 | Q97: 4648465 | R97: 952 | S97: 3072620 | T97: 726 | U97: 380700 | V97: 27 | W97: 8101785 | X97: 0.0023222794
F98: =F97-F79 -> 0 | G98: =G97-G79 -> 0 | H98: =H97-H79 -> 0 | I98: =I97-I79 -> 0 | J98: =J97-J79 -> 0 | K98: =K97-K79 -> 0 | L98: =L97-L79 -> 0 | P98: =P97-P79 -> 0 | Q98: =Q97-Q79 -> 0 | R98: =R97-R79 -> 0 | S98: =S97-S79 -> 0 | T98: =T97-T79 -> 0 | U98: =U97-U79 -> 0 | V98: =V97-V79 -> 0 | W98: =W97-W79 -> 0

Sheet 매출
A2: No. | B2: 매장코드 | C2: 매장명 | D2: 일매출26-05-31 | E2: 카드매출 | F2: 현금매출 | H2: 기간매출26-05-01 ~ 26-05-31 | J2: 월 누적 매출26-05-01~ 26-05-31 | K2: 전년 동월대비진행률 | M2: 년 누적 매출26-01-01~ 26-05-31 | N2: 전년대비진행률 | P2: 전년 동월매출25-05-31 | Q2: 전년누적 매출25년 01월~12월 | S2: 목표매출 | T2: 매출차트
A3: 1 | B3: 213 | C3: 현대대구점 | D3: 4813150 | E3: 4813150 | F3: 0 | H3: 140435320 | I3: =IF(ISERROR(VLOOKUP(C3,'26년 5월경비'!$D:$D,1,FALSE)),"X","○") -> ○ | J3: 140435320 | K3: 1.163 | M3: 558204440 | N3: 0.438 | P3: 120767583 | Q3: 1273708803
A4: 2 | B4: 307 | C4: 신세계센텀점 | D4: 6654450 | E4: 6654450 | F4: 0 | H4: 131578880 | I4: =IF(ISERROR(VLOOKUP(C4,'26년 5월경비'!$D:$D,1,FALSE)),"X","○") -> ○ | J4: 131578880 | K4: 0.978 | M4: 544718680 | N4: 0.406 | P4: 134501410 | Q4: 1341303410
A5: 3 | B5: 314 | C5: 신세계대구점 | D5: 1913500 | E5: 1913500 | F5: 0 | H5: 128665630 | I5: =IF(ISERROR(VLOOKUP(C5,'26년 5월경비'!$D:$D,1,FALSE)),"X","○") -> ○ | J5: 128665630 | K5: 1.225 | M5: 383554610 | N5: 0.411 | P5: 104992240 | Q5: 934235540
A6: 4 | B6: 128 | C6: 롯데부산본점 | D6: 16232600 | E6: 16232600 | F6: 0 | H6: 128028400 | I6: =IF(ISERROR(VLOOKUP(C6,'26년 5월경비'!$D:$D,1,FALSE)),"X","○") -> ○ | J6: 128028400 | K6: 1.268 | M6: 341686200 | N6: 0.427 | P6: 101004360 | Q6: 800273270
A7: 5 | B7: 5602 | C7: 현대아울렛남양주점 | D7: 6189550 | E7: 6189550 | F7: 0 | H7: 125031550 | I7: =IF(ISERROR(VLOOKUP(C7,'26년 5월경비'!$D:$D,1,FALSE)),"X","○") -> ○ | J7: 125031550 | K7: 1.195 | M7: 480212540 | N7: 0.436 | P7: 104625940 | Q7: 1102576200
A8: 6 | B8: 5002 | C8: 롯데아울렛김해점 | D8: 4906040 | E8: 4906040 | F8: 0 | H8: 119883530 | I8: =IF(ISERROR(VLOOKUP(C8,'26년 5월경비'!$D:$D,1,FALSE)),"X","○") -> ○ | J8: 119883530 | K8: 1.576 | M8: 368846030 | N8: 0.392 | P8: 76085360 | Q8: 941268620
A9: 7 | B9: 219 | C9: 현대판교점 | D9: 8197450 | E9: 8197450 | F9: 0 | H9: 115875950 | I9: =IF(ISERROR(VLOOKUP(C9,'26년 5월경비'!$D:$D,1,FALSE)),"X","○") -> ○ | J9: 115875950 | K9: 1.261 | M9: 420179870 | N9: 0.41 | P9: 91924790 | Q9: 1023636610
A10: 8 | B10: 301 | C10: 신세계광주점 | D10: 3022800 | E10: 3022800 | F10: 0 | H10: 113884530 | I10: =IF(ISERROR(VLOOKUP(C10,'26년 5월경비'!$D:$D,1,FALSE)),"X","○") -> ○ | J10: 113884530 | K10: 1.027 | M10: 457978260 | N10: 0.441 | P10: 110837850 | Q10: 1037354400
A11: 9 | B11: 504 | C11: 갤러리아광교점 | D11: 3280900 | E11: 3280900 | F11: 0 | H11: 113477660 | I11: =IF(ISERROR(VLOOKUP(C11,'26년 5월경비'!$D:$D,1,FALSE)),"X","○") -> ○ | J11: 113477660 | K11: 1.091 | M11: 435458830 | N11: 0.424 | P11: 104027390 | Q11: 1026248830
A12: 10 | B12: 5601 | C12: 현대아울렛대전점 | D12: 8039150 | E12: 8039150 | F12: 0 | H12: 112038310 | I12: =IF(ISERROR(VLOOKUP(C12,'26년 5월경비'!$D:$D,1,FALSE)),"X","○") -> ○ | J12: 112038310 | K12: 1.161 | M12: 440031600 | N12: 0.428 | P12: 96500780 | Q12: 1029305560
A13: 11 | B13: 304 | C13: 신세계강남점 | D13: 1242950 | E13: 1242950 | F13: 0 | H13: 109556570 | I13: =IF(ISERROR(VLOOKUP(C13,'26년 5월경비'!$D:$D,1,FALSE)),"X","○") -> ○ | J13: 109556570 | K13: 1.057 | M13: 493837350 | N13: 0.478 | P13: 103625400 | Q13: 1033645690
A14: 12 | B14: 201 | C14: 현대천호점 | D14: 2919800 | E14: 2919800 | F14: 0 | H14: 100163700 | I14: =IF(ISERROR(VLOOKUP(C14,'26년 5월경비'!$D:$D,1,FALSE)),"X","○") -> ○ | J14: 100163700 | K14: 1.246 | M14: 429974100 | N14: 0.392 | P14: 80394050 | Q14: 1097810240
... A90: 88 | B90: 143 | C90: 롯데잠실캐슬프라자점 | D90: 0 | E90: 0 | F90: 0 | H90: -580500 | I90: =IF(ISERROR(VLOOKUP(C90,'26년 5월경비'!$D:$D,1,FALSE)),"X","○") -> X | J90: -580500 | K90: 0 | M90: 22855800 | N90: 0 | P90: 0 | Q90: 0
A91: Total | D91: 194782440 | E91: 194408620 | F91: 373820 | H91: 4160583510 | J91: 4160583510 | M91: 16326702590 | P91: 3750832513 | Q91: 39782628421
H94: =SUMIF($I$3:$I$90,"○",$H$3:$H$90) -> 4057389810
H95: =H94-'26년 5월경비'!E79 -> 0

Sheet 매장경비정리
C1: 1 | D1: 2 | E1: 3 | F1: 4 | G1: 5 | H1: 6 | I1: 7 | J1: 8 | K1: 9 | L1: 10
F2: 26년 5월
A3: =COUNTIF($D$7:$D$68,B3) -> 41 | B3: 본사지급 | C3: 근로소득매장및직영점 | L3: 경비 미입력매장
A4: =COUNTIF($D$7:$D$68,B4) -> 21 | B4: 지급안함 | C4: 중간관리 | L4: =COUNTIFS($D$7:$D$68,"본사지급",$L$7:$L$68,0)+COUNTIFS($D$7:$D$68,"본사지급",$L$7:$L$68,"") -> 0
E5: SUM | F5: =SUM(F7:F68) -> 6214785 | G5: =SUM(G7:G68) -> 1332 | H5: =SUM(H7:H68) -> 2454345 | I5: =SUM(I7:I68) -> 591 | J5: =SUM(J7:J68) -> 442100 | K5: =SUM(K7:K68) -> 23 | L5: =SUM(L7:L68) -> 9111230
B6: 담 당 자 | C6: 매 장 명 | D6: 비 고 1 | E6: 비 고 2 | F6: 고객배송 택배비 | G6: 건수 | H6: 매장 수평 택배비 | I6: 건수 | J6: 매장경비 | K6: 건수 | L6: 계 | M6: 도착 | N6: 비고
A7: 1 | B7: 김영완과장 | C7: AK프라자분당점 | D7: 본사지급 | E7: 근로소득매장 | F7: 145000 | G7: 29 | H7: 73500 | I7: 17 | L7: =H7+F7+J7 -> 218500
A8: 2 | B8: 원태윤차장 | C8: AK프라자수원점 | D8: 본사지급 | E8: 근로소득매장 | F8: 374900 | G8: 92 | H8: 54100 | I8: 14 | L8: =H8+F8+J8 -> 429000
A9: 3 | B9: 원태윤차장 | C9: LF스퀘어양주점 | D9: 본사지급 | E9: 근로소득매장 | F9: 165450 | G9: 42 | H9: 32500 | I9: 8 | L9: =H9+F9+J9 -> 197950
A10: 4 | B10: 유동혁과장 | C10: 갤러리아광교점 | D10: 지급안함 | E10: 중간관리 | L10: =H10+F10+J10 -> 0
A11: 5 | B11: 김경훈팀장 | C11: 갤러리아진주점 | D11: 본사지급 | E11: 근로소득매장 | H11: 12500 | I11: 3 | L11: =H11+F11+J11 -> 12500
A12: 6 | B12: 원태윤차장 | C12: 갤러리아천안점 | D12: 본사지급 | E12: 근로소득매장 | F12: 200000 | G12: 40 | H12: 25500 | I12: 6 | L12: =H12+F12+J12 -> 225500
A13: 7 | B13: 유동혁과장 | C13: 갤러리아타임월드점 | D13: 본사지급 | E13: 근로소득매장 | F13: 154495 | G13: 35 | H13: 68495 | I13: 16 | L13: =H13+F13+J13 -> 222990
A14: 8 | B14: 김영완과장 | C14: 롯데강남점 | D14: 본사지급 | E14: 근로소득매장 | F14: 46000 | G14: 8 | H14: 60500 | I14: 15 | J14: 22000 | K14: 1 | L14: =H14+F14+J14 -> 128500
A15: 9 | B15: 김영완과장 | C15: 롯데관악점 | D15: 본사지급 | E15: 근로소득매장 | F15: 21000 | G15: 2 | H15: 38500 | I15: 10 | J15: 6500 | K15: 2 | L15: =H15+F15+J15 -> 66000
A16: 10 | B16: 안정우팀장 | C16: 롯데광복점 | D16: 본사지급 | E16: 근로소득매장 | F16: 87000 | G16: 22 | H16: 42000 | I16: 11 | J16: 15900 | K16: 1 | L16: =H16+F16+J16 -> 144900
A17: 11 | B17: 유동혁과장 | C17: 롯데광주점 | D17: 지급안함 | E17: 중간관리 | L17: =H17+F17+J17 -> 0
A18: 12 | B18: 유동혁과장 | C18: 롯데구리점 | D18: 본사지급 | E18: 근로소득매장 | F18: 49000 | G18: 13 | H18: 91500 | I18: 22 | L18: =H18+F18+J18 -> 140500
A19: 13 | B19: 안정우팀장 | C19: 롯데노원점 | D19: 지급안함 | E19: 중간관리 | L19: =H19+F19+J19 -> 0
A20: 14 | B20: 안정우팀장 | C20: 롯데대구점 | D20: 본사지급 | E20: 중간관리 | F20: 134500 | G20: 18 | H20: 85500 | I20: 21 | L20: =H20+F20+J20 -> 220000
A21: 15 | B21: 안정우팀장 | C21: 롯데동래점 | D21: 지급안함 | E21: 중간관리 | L21: =H21+F21+J21 -> 0
A22: 16 | B22: 유동혁과장 | C22: 롯데동탄점 | D22: 본사지급 | E22: 근로소득매장 | F22: 137500 | H22: 53500 | I22: 12 | J22: 5000 | K22: 1 | L22: =H22+F22+J22 -> 196000
A23: 17 | B23: 유동혁과장 | C23: 롯데미아점 | D23: 본사지급 | E23: 근로소득매장 | F23: 9500 | G23: 2 | H23: 98000 | I23: 20 | J23: 3500 | K23: 1 | L23: =H23+F23+J23 -> 111000
A24: 18 | B24: 안정우팀장 | C24: 롯데부산본점 | D24: 본사지급 | E24: 근로소득매장 | F24: 117000 | G24: 29 | H24: 108400 | I24: 27 | J24: 22000 | K24: 3 | L24: =H24+F24+J24 -> 247400
A25: 19 | B25: 안정우팀장 | C25: 롯데상인점 | D25: 본사지급 | E25: 근로소득매장 | F25: 70000 | G25: 15 | H25: 35500 | I25: 9 | L25: =H25+F25+J25 -> 105500
A26: 20 | B26: 원태윤차장 | C26: 롯데수원점 | D26: 본사지급 | E26: 근로소득매장 | F26: 78000 | G26: 20 | H26: 57000 | I26: 14 | L26: =H26+F26+J26 -> 135000
A27: 21 | B27: 김영완과장 | C27: 롯데아울렛고양점 | D27: 본사지급 | E27: 근로소득매장 | F27: 121100 | G27: 30 | H27: 49000 | I27: 13 | L27: =H27+F27+J27 -> 170100
A28: 22 | B28: 유동혁과장 | C28: 롯데아울렛광교점 | D28: 본사지급 | E28: 근로소득매장 | F28: 195000 | G28: 35 | H28: 54000 | I28: 13 | L28: =H28+F28+J28 -> 249000
A29: 23 | B29: 원태윤차장 | C29: 롯데아울렛광명점 | D29: 본사지급 | E29: 근로소득매장 | F29: 121500 | G29: 29 | H29: 37500 | I29: 9 | J29: 3500 | K29: 1 | L29: =H29+F29+J29 -> 162500
A30: 24 | B30: 원태윤차장 | C30: 롯데아울렛군산점 | D30: 본사지급 | E30: 근로소득매장 | F30: 71400 | G30: 19 | H30: 32600 | I30: 7 | L30: =H30+F30+J30 -> 104000
A31: 25 | B31: 김경훈팀장 | C31: 롯데아울렛김해점 | D31: 지급안함 | E31: 중간관리 | L31: =H31+F31+J31 -> 0
A32: 26 | B32: 안정우팀장 | C32: 롯데아울렛동부산점 | D32: 본사지급 | E32: 근로소득매장 | F32: 472000 | G32: 91 | H32: 46000 | I32: 12 | J32: 24000 | K32: 1 | L32: =H32+F32+J32 -> 542000
A33: 27 | B33: 유동혁과장 | C33: 롯데아울렛이천점 | D33: 지급안함 | E33: 중간관리 | L33: =H33+F33+J33 -> 0
A34: 28 | B34: 원태윤차장 | C34: 롯데안산점 | D34: 본사지급 | E34: 근로소득매장 | F34: 62000 | G34: 15 | H34: 90950 | I34: 22 | L34: =H34+F34+J34 -> 152950
A35: 29 | B35: 안정우팀장 | C35: 롯데영등포점 | D35: 지급안함 | E35: 중간관리 | L35: =H35+F35+J35 -> 0
A36: 30 | B36: 김영완과장 | C36: 롯데울산점 | D36: 지급안함 | E36: 중간관리 | L36: =H36+F36+J36 -> 0
A37: 31 | B37: 안정우팀장 | C37: 롯데인천터미널점 | D37: 본사지급 | E37: 근로소득매장 | F37: 66700 | G37: 15 | H37: 60500 | I37: 15 | J37: 4000 | K37: 1 | L37: =H37+F37+J37 -> 131200
A38: 32 | B38: 김영완과장 | C38: 롯데잠실점 | D38: 본사지급 | E38: 근로소득매장 | F38: 231600 | G38: 47 | H38: 56000 | I38: 14 | L38: =H38+F38+J38 -> 287600
A39: 33 | B39: 유동혁과장 | C39: 롯데전주점 | D39: 본사지급 | E39: 근로소득매장 | F39: 49400 | G39: 13 | H39: 30500 | I39: 8 | L39: =H39+F39+J39 -> 79900
A40: 34 | B40: 김영완과장 | C40: 롯데창원점 | D40: 본사지급 | E40: 중간관리 | F40: 125500 | G40: 30 | H40: 23500 | I40: 6 | L40: =H40+F40+J40 -> 149000
A41: 35 | B41: 안정우팀장 | C41: 롯데평촌점 | D41: 지급안함 | E41: 중간관리 | L41: =H41+F41+J41 -> 0
A42: 36 | B42: 안정우팀장 | C42: 롯데포항점 | D42: 지급안함 | E42: 중간관리 | L42: =H42+F42+J42 -> 0
A43: 37 | B43: 안정우팀장 | C43: 신세계강남점 | D43: 본사지급 | E43: 근로소득매장 | F43: 220600 | G43: 37 | H43: 77200 | I43: 18 | J43: 20000 | K43: 1 | L43: =H43+F43+J43 -> 317800
A44: 38 | B44: 유동혁과장 | C44: 신세계경기점 | D44: 지급안함 | E44: 중간관리 | L44: =H44+F44+J44 -> 0
A45: 39 | B45: 유동혁과장 | C45: 신세계광주점 | D45: 지급안함 | E45: 중간관리 | L45: =H45+F45+J45 -> 0
A46: 40 | B46: 김경훈팀장 | C46: 신세계김해점 | D46: 본사지급 | E46: 근로소득매장 | F46: 190500 | G46: 58 | H46: 56000 | I46: 14 | J46: 76150 | K46: 2 | L46: =H46+F46+J46 -> 322650
A47: 41 | B47: 안정우팀장 | C47: 신세계대구점 | D47: 지급안함 | E47: 중간관리 | L47: =H47+F47+J47 -> 0
A48: 42 | B48: 원태윤차장 | C48: 신세계대전점 | D48: 본사지급 | E48: 근로소득매장 | F48: 140000 | G48: 13 | H48: 66400 | I48: 13 | L48: =H48+F48+J48 -> 206400
A49: 43 | B49: 김영완과장 | C49: 신세계마산점 | D49: 본사지급 | E49: 중간관리 | F49: 476000 | G49: 116 | H49: 34000 | I49: 9 | L49: =H49+F49+J49 -> 510000
A50: 44 | B50: 안정우팀장 | C50: 신세계본점 | D50: 지급안함 | E50: 중간관리 | L50: =H50+F50+J50 -> 0
A51: 45 | B51: 안정우팀장 | C51: 신세계센텀점 | D51: 지급안함 | E51: 중간관리 | L51: =H51+F51+J51 -> 0
A52: 46 | B52: 유동혁과장 | C52: 신세계스타필드하남점 | D52: 본사지급 | E52: 근로소득매장 | F52: 119500 | G52: 34 | H52: 33800 | I52: 9 | J52: 103100 | K52: 2 | L52: =H52+F52+J52 -> 256400
A53: 47 | B53: 김영완과장 | C53: 신세계아울렛파주점 | D53: 본사지급 | E53: 근로소득매장 | F53: 172000 | G53: 38 | H53: 189000 | I53: 44 | L53: =H53+F53+J53 -> 361000
A54: 48 | B54: 안정우팀장 | C54: 신세계의정부점 | D54: 본사지급 | E54: 근로소득매장 | F54: 211000 | G54: 48 | H54: 42000 | I54: 10 | J54: 19900 | K54: 2 | L54: =H54+F54+J54 -> 272900
A55: 49 | B55: 원태윤차장 | C55: 신세계천안아산점 | D55: 본사지급 | E55: 근로소득매장 | F55: 94000 | G55: 23 | H55: 43200 | I55: 11 | L55: =H55+F55+J55 -> 137200
A56: 50 | B56: 안정우팀장 | C56: 신세계타임스퀘어점 | D56: 지급안함 | E56: 중간관리 | L56: =H56+F56+J56 -> 0
A57: 51 | B57: 안정우팀장 | C57: 현대대구점 | D57: 지급안함 | E57: 중간관리 | L57: =H57+F57+J57 -> 0
A58: 52 | B58: 김영완과장 | C58: 현대동구점 | D58: 본사지급 | E58: 근로소득매장 | F58: 258000 | G58: 52 | H58: 18000 | I58: 4 | J58: 4000 | K58: 1 | L58: =H58+F58+J58 -> 280000
A59: 53 | B59: 유동혁과장 | C59: 현대미아점 | D59: 본사지급 | E59: 근로소득매장 | F59: 204500 | G59: 37 | H59: 37200 | I59: 9 | L59: =H59+F59+J59 -> 241700
A60: 54 | B60: 안정우팀장 | C60: 현대신촌점 | D60: 본사지급 | E60: 근로소득매장 | F60: 187000 | G60: 39 | H60: 140500 | I60: 34 | J60: 13000 | K60: 2 | L60: =H60+F60+J60 -> 340500
A61: 55 | B61: 유동혁과장 | C61: 현대아울렛남양주점 | D61: 지급안함 | E61: 중간관리 | L61: =H61+F61+J61 -> 0
A62: 56 | B62: 원태윤차장 | C62: 현대아울렛대전점 | D62: 지급안함 | E62: 중간관리 | L62: =H62+F62+J62 -> 0
A63: 57 | B63: 김영완과장 | C63: 현대울산점 | D63: 본사지급 | E63: 근로소득매장 | F63: 108640 | G63: 24 | H63: 61700 | I63: 15 | J63: 99550 | K63: 1 | L63: =H63+F63+J63 -> 269890
A64: 58 | B64: 안정우팀장 | C64: 현대중동점 | D64: 본사지급 | E64: 근로소득매장 | F64: 247000 | G64: 58 | H64: 84500 | I64: 21 | L64: =H64+F64+J64 -> 331500
A65: 59 | B65: 안정우팀장 | C65: 현대천호점 | D65: 지급안함 | E65: 중간관리 | L65: =H65+F65+J65 -> 0
A66: 60 | B66: 유동혁과장 | C66: 현대충청점 | D66: 본사지급 | E66: 근로소득매장 | F66: 128000 | G66: 31 | H66: 79700 | I66: 18 | L66: =H66+F66+J66 -> 207700
A67: 61 | B67: 김영완과장 | C67: 현대킨텍스점 | D67: 본사지급 | E67: 근로소득매장 | F67: 152500 | G67: 33 | H67: 73600 | I67: 18 | L67: =H67+F67+J67 -> 226100
A68: 62 | B68: 안정우팀장 | C68: 현대판교점 | D68: 지급안함 | E68: 중간관리 | L68: =H68+F68+J68 -> 0

Sheet 23년 4월
B1: 구 분 | D1: 경 비 내 역
B2: 매장명 | C2: 4월 매출 | D2: 고객배송 택배비 | E2: 건수 | F2: 매장 수평 택배비 | G2: 건수 | H2: 매장경비 | I2: 건수 | J2: 계 | K2: 매출대비 전체비율 | L2: 확인 | M2: 비고란 | N2: 근로계약서 | P2: 고객배송 기본택배비 | Q2: 고객배송 택배업체 | R2: 비고 | S2: 수평,고객배송 과다체크
A3: 1 | B3: 롯데잠실점 | C3: 53173400 | D3: 132500 | E3: 30 | F3: 161300 | G3: 40 | H3: 2000 | I3: 1 | J3: =SUM(D3,F3,H3) -> 295800 | K3: =J3/C3 -> 0.0055629318 | M3: 쇼핑백 구입 | N3: O | P3: 5000 | Q3: 한진
A4: 3 | B4: 롯데관악점 | C4: 24865550 | D4: 4000 | E4: 1 | F4: 51000 | G4: 12 | H4: 8500 | I4: 2 | J4: =SUM(D4,F4,H4) -> 63500 | K4: =J4/C4 -> 0.002553734 | M4: 쇼핑백 구입 등 | N4: O | P4: 4000 | Q4: 롯데
A5: 4 | B5: 롯데광주점 | C5: 74282870 | J5: =SUM(D5,F5,H5) -> 0 | K5: =J5/C5 -> 0
A6: 5 | B6: 롯데강남점 | C6: 40703070 | D6: 175900 | E6: 38 | J6: =SUM(D6,F6,H6) -> 175900 | K6: =J6/C6 -> 0.0043215413 | N6: O | P6: 4000 | Q6: 롯데
A7: 6 | B7: 롯데포항점 | C7: 60157540 | J7: =SUM(D7,F7,H7) -> 0 | K7: =J7/C7 -> 0
A8: 7 | B8: 롯데울산점 | C8: 32195150 | D8: 68500 | E8: 17 | F8: 76900 | G8: 19 | H8: 31350 | I8: 1 | J8: =SUM(D8,F8,H8) -> 176750 | K8: =J8/C8 -> 0.0054899573 | M8: 예단 부직포 구입 | P8: 4000 | Q8: 롯데
A9: 8 | B9: 롯데동래점 | C9: 46794050 | D9: 144500 | E9: 39 | F9: 135050 | G9: 35 | H9: 7480 | I9: 2 | J9: =SUM(D9,F9,H9) -> 287030 | K9: =J9/C9 -> 0.0061338995 | M9: 본사서류 | N9: O | P9: 3500 | Q9: 롯데
A10: 9 | B10: 롯데동탄점 | C10: 31253600 | F10: 81300 | G10: 19 | J10: =SUM(D10,F10,H10) -> 81300 | K10: =J10/C10 -> 0.0026013003 | N10: X | P10: 4000 | Q10: 롯데
A11: 10 | B11: 롯데창원점 | C11: 75455660 | D11: 371000 | E11: 96 | F11: 280830 | G11: 68 | J11: =SUM(D11,F11,H11) -> 651830 | K11: =J11/C11 -> 0.0086385832 | N11: X | P11: 4000 | Q11: 로젠
A12: 11 | B12: 롯데상인점 | C12: 34607800 | D12: 91500 | E12: 15 | F12: 101400 | G12: 25 | J12: =SUM(D12,F12,H12) -> 192900 | K12: =J12/C12 -> 0.005573888 | N12: O | P12: 5000 | Q12: 대림
A13: 12 | B13: 롯데미아점 | C13: 31943720 | D13: 24000 | E13: 5 | F13: 196500 | G13: 50 | H13: 3700 | I13: 1 | J13: =SUM(D13,F13,H13) -> 224200 | K13: =J13/C13 -> 0.007018594 | M13: 본사 서류 택배비 | N13: O | P13: 5000 | Q13: 롯데
A14: 13 | B14: 롯데구리점 | C14: 34982230 | D14: 109000 | E14: 24 | F14: 141670 | G14: 35 | J14: =SUM(D14,F14,H14) -> 250670 | K14: =J14/C14 -> 0.0071656381 | N14: X | P14: 4500 | Q14: 롯데
A15: 14 | B15: 롯데영등포점 | C15: 41205710 | J15: =SUM(D15,F15,H15) -> 0 | K15: =J15/C15 -> 0
A16: 15 | B16: 롯데센텀점 | C16: 8456960 | D16: 37500 | E16: 8 | F16: 48800 | G16: 13 | J16: =SUM(D16,F16,H16) -> 86300 | K16: =J16/C16 -> 0.010204613 | N16: O | P16: 4000 | Q16: 로젠
A17: 16 | B17: 롯데부산본점 | C17: 75092600 | D17: 230000 | E17: 60 | F17: 260030 | G17: 34 | H17: 5000 | I17: 1 | J17: =SUM(D17,F17,H17) -> 495030 | K17: =J17/C17 -> 0.0065922608 | M17: 본사 서류 택배비 | N17: O | P17: 4000 | Q17: 로젠
A18: 17 | B18: 롯데평촌점 | C18: 40666730 | J18: =SUM(D18,F18,H18) -> 0 | K18: =J18/C18 -> 0
A19: 18 | B19: 롯데안산점 | C19: 32119720 | D19: 29500 | E19: 7 | F19: 203100 | G19: 49 | H19: 4000 | I19: 1 | J19: =SUM(D19,F19,H19) -> 236600 | K19: =J19/C19 -> 0.0073661912 | M19: 본사 서류 택배비 | N19: O | P19: 4000 | Q19: 로젠
A20: 19 | B20: 롯데노원점 | C20: 52036450 | J20: =SUM(D20,F20,H20) -> 0 | K20: =J20/C20 -> 0
A21: 20 | B21: 롯데본점 | C21: 66067300 | D21: 114400 | E21: 17 | F21: 185630 | G21: 46 | H21: 3500 | I21: 1 | J21: =SUM(D21,F21,H21) -> 303530 | K21: =J21/C21 -> 0.0045942546 | M21: 본사 서류 택배 | N21: O | P21: 7000 | Q21: 로젠
A22: 21 | B22: 롯데광복점 | C22: 47416180 | D22: 99050 | E22: 26 | F22: 123670 | G22: 33 | H22: 21000 | I22: 2 | J22: =SUM(D22,F22,H22) -> 243720 | K22: =J22/C22 -> 0.0051400176 | M22: 쇼핑백 구입 등 | N22: O | P22: 4000 | Q22: 로젠
A23: 22 | B23: 롯데수원점 | C23: 37619100 | D23: 72500 | E23: 16 | F23: 112300 | G23: 28 | J23: =SUM(D23,F23,H23) -> 184800 | K23: =J23/C23 -> 0.0049123982 | N23: O | P23: 5000 | Q23: 롯데
A24: 23 | B24: 롯데대구점 | C24: 42754070 | D24: 214000 | E24: 32 | F24: 200330 | G24: 47 | J24: =SUM(D24,F24,H24) -> 414330 | K24: =J24/C24 -> 0.0096910072 | N24: O | P24: 6000 | Q24: 대림
A25: 24 | B25: 롯데전주점 | C25: 40388260 | D25: 142400 | E25: 32 | F25: 86100 | G25: 21 | H25: 3800 | I25: 1 | J25: =SUM(D25,F25,H25) -> 232300 | K25: =J25/C25 -> 0.0057516714 | M25: 물품 구입 등 | N25: O | P25: 3800 | Q25: 로젠
A26: 25 | B26: 롯데분당점 | C26: 39132260 | D26: 57000 | E26: 7 | F26: 107800 | G26: 27 | H26: 25900 | I26: 5 | J26: =SUM(D26,F26,H26) -> 190700 | K26: =J26/C26 -> 0.0048732171 | M26: 쇼핑백 구입 등 | N26: O | P26: 8000 | Q26: 롯데
A27: 26 | B27: 롯데인천터미널점 | C27: 100947910 | D27: 98900 | E27: 24 | F27: 121400 | G27: 28 | H27: 6000 | I27: 1 | J27: =SUM(D27,F27,H27) -> 226300 | K27: =J27/C27 -> 0.0022417502 | M27: 쇼핑백 구입 등 | N27: X | P27: 4000 | Q27: 로젠
A28: 28 | B28: 현대천호점 | C28: 112372210 | J28: =SUM(D28,F28,H28) -> 0 | K28: =J28/C28 -> 0
A29: 29 | B29: 현대울산점 | C29: 93617543 | D29: 232000 | E29: 33 | F29: 105500 | G29: 26 | J29: =SUM(D29,F29,H29) -> 337500 | K29: =J29/C29 -> 0.0036050935 | N29: X | P29: 4000 | Q29: 롯데
A30: 30 | B30: 현대중동점 | C30: 44147430 | D30: 86000 | E30: 21 | F30: 73400 | G30: 17 | J30: =SUM(D30,F30,H30) -> 159400 | K30: =J30/C30 -> 0.0036106292 | N30: X | P30: 4000 | Q30: 로젠
A31: 31 | B31: 현대미아점 | C31: 38331300 | J31: =SUM(D31,F31,H31) -> 0 | K31: =J31/C31 -> 0
A32: 32 | B32: 현대대구점 | C32: 95174970 | J32: =SUM(D32,F32,H32) -> 0 | K32: =J32/C32 -> 0
A33: 33 | B33: 현대충청점 | C33: 78359960 | D33: 157500 | E33: 49 | F33: 197800 | G33: 60 | H33: 180500 | I33: 6 | J33: =SUM(D33,F33,H33) -> 535800 | K33: =J33/C33 -> 0.0068376758 | M33: 쇼핑백 구입 등 / 지출증빙 완료 | N33: O | P33: 4000 | Q33: 롯데
A34: 34 | B34: 현대디큐브시티점 | C34: 22557050 | D34: 10600 | E34: 3 | F34: 81400 | G34: 21 | J34: =SUM(D34,F34,H34) -> 92000 | K34: =J34/C34 -> 0.0040785475 | N34: X | P34: 3500 | Q34: 로젠
A35: 35 | B35: 현대동구점 | C35: 32932890 | D35: 191000 | E35: 36 | F35: 44570 | G35: 10 | H35: 4000 | I35: 2 | J35: =SUM(D35,F35,H35) -> 239570 | K35: =J35/C35 -> 0.0072744906 | M35: 쇼핑백 구입 등 | N35: X | P35: 5000 | Q35: 롯데
A36: 36 | B36: 현대판교점 | C36: 109500810 | J36: =SUM(D36,F36,H36) -> 0 | K36: =J36/C36 -> 0
A37: 37 | B37: 현대서울점 | C37: 23867453 | D37: 189100 | E37: 20 | F37: 54000 | G37: 14 | H37: 17000 | I37: 3 | J37: =SUM(D37,F37,H37) -> 260100 | K37: =J37/C37 -> 0.010897686 | M37: 소모품 구입 | N37: O | P37: 6000 | Q37: 롯데
A38: 38 | B38: 신세계광주점 | C38: 90772310 | J38: =SUM(D38,F38,H38) -> 0 | K38: =J38/C38 -> 0
A39: 39 | B39: 신세계마산점 | C39: 44928260 | D39: 135000 | E39: 16 | F39: 211750 | G39: 52 | H39: 20000 | I39: 1 | J39: =SUM(D39,F39,H39) -> 366750 | K39: =J39/C39 -> 0.0081630137 | M39: 쇼핑백 구입 | P39: 7000 | Q39: 한진
A40: 40 | B40: 신세계의정부점 | C40: 61057270 | D40: 17500 | E40: 5 | F40: 155430 | G40: 38 | H40: 194950 | I40: 10 | J40: =SUM(D40,F40,H40) -> 367880 | K40: =J40/C40 -> 0.0060251629 | M40: 소모품 구입 등 / 지출증빙 완료 | N40: O | P40: 3500 | Q40: 로젠
A41: 41 | B41: 신세계강남점 | C41: 78763330 | F41: 235900 | G41: 45 | H41: 18500 | I41: 1 | J41: =SUM(D41,F41,H41) -> 254400 | K41: =J41/C41 -> 0.0032299295 | M41: 압축백 구입 외 | N41: O | P41: 4000 | Q41: 로젠
A42: 42 | B42: 신세계경기점 | C42: 82111930 | J42: =SUM(D42,F42,H42) -> 0 | K42: =J42/C42 -> 0
A43: 43 | B43: 신세계센텀점 | C43: 100085180 | J43: =SUM(D43,F43,H43) -> 0 | K43: =J43/C43 -> 0
A44: 44 | B44: 신세계타임스퀘어점 | C44: 58659300 | J44: =SUM(D44,F44,H44) -> 0 | K44: =J44/C44 -> 0
A45: 45 | B45: 신세계천안아산점 | C45: 36175860 | D45: 400000 | E45: 110 | F45: 123970 | G45: 29 | J45: =SUM(D45,F45,H45) -> 523970 | K45: =J45/C45 -> 0.014483968 | N45: O | P45: 4000 | Q45: 로젠
A46: 46 | B46: 신세계김해점 | C46: 63081880 | D46: 20500 | E46: 4 | F46: 117360 | G46: 28 | H46: 3000 | I46: 1 | J46: =SUM(D46,F46,H46) -> 140860 | K46: =J46/C46 -> 0.0022329709 | M46: 본사서류 | N46: X | P46: 5000 | Q46: 로젠
A47: 47 | B47: 신세계스타필드하남점 | C47: 44562400 | F47: 39200 | G47: 10 | H47: 8000 | I47: 1 | J47: =SUM(D47,F47,H47) -> 47200 | K47: =J47/C47 -> 0.0010591889 | N47: X | P47: 4000 | Q47: 로젠
A48: 48 | B48: 신세계대구점 | C48: 73733010 | D48: 290000 | E48: 58 | F48: 269630 | G48: 67 | J48: =SUM(D48,F48,H48) -> 559630 | K48: =J48/C48 -> 0.0075899519 | N48: X | P48: 4000 | Q48: 로젠
A49: 49 | B49: 신세계대전점 | C49: 45008800 | D49: 296000 | E49: 290 | F49: 90170 | G49: 22 | J49: =SUM(D49,F49,H49) -> 386170 | K49: =J49/C49 -> 0.0085798777 | N49: X | P49: 10000 | Q49: 서연물류
A50: 50 | B50: 갤러리아천안점 | C50: 68092010 | D50: 397500 | E50: 71 | F50: 251070 | G50: 49 | J50: =SUM(D50,F50,H50) -> 648570 | K50: =J50/C50 -> 0.0095249061 | N50: O | P50: 5500 | Q50: 한진
A51: 51 | B51: 갤러리아광교점 | C51: 85704790 | J51: =SUM(D51,F51,H51) -> 0 | K51: =J51/C51 -> 0
A52: 52 | B52: 갤러리아진주점 | C52: 66291746 | D52: 732500 | E52: 155 | F52: 150700 | G52: 33 | J52: =SUM(D52,F52,H52) -> 883200 | K52: =J52/C52 -> 0.013322926 | N52: X | P52: 4000 | Q52: 롯데
A53: 53 | B53: AK프라자분당점 | C53: 39410900 | D53: 373000 | E53: 66 | F53: 82100 | G53: 20 | J53: =SUM(D53,F53,H53) -> 455100 | K53: =J53/C53 -> 0.011547567 | N53: X | P53: 5000 | Q53: 로젠
A54: 54 | B54: 신세계본점 | C54: 86517510 | J54: =SUM(D54,F54,H54) -> 0 | K54: =J54/C54 -> 0
A55: 55 | B55: 마리오아울렛금천점 | C55: 12101600 | D55: 155100 | E55: 40 | F55: 17200 | G55: 4 | H55: 6400 | I55: 2 | J55: =SUM(D55,F55,H55) -> 178700 | K55: =J55/C55 -> 0.014766642 | M55: 본사 서류 | N55: X | P55: 4000 | Q55: 롯데
A56: 56 | B56: 롯데아울렛김해점 | C56: 75037830 | J56: =SUM(D56,F56,H56) -> 0 | K56: =J56/C56 -> 0
A57: 57 | B57: 롯데아울렛이천점 | C57: 42181910 | J57: =SUM(D57,F57,H57) -> 0 | K57: =J57/C57 -> 0
A58: 58 | B58: 롯데아울렛광명점 | C58: 51280260 | D58: 547070 | E58: 104 | F58: 88770 | G58: 21 | H58: 82510 | I58: 4 | J58: =SUM(D58,F58,H58) -> 718350 | K58: =J58/C58 -> 0.014008314 | M58: 본사 서류 택배 외 | N58: X | P58: 5000 | Q58: 롯데
A59: 59 | B59: 롯데아울렛고양점 | C59: 23135200 | D59: 166900 | E59: 39 | F59: 81100 | G59: 20 | J59: =SUM(D59,F59,H59) -> 248000 | K59: =J59/C59 -> 0.010719596 | N59: O | P59: 4000 | Q59: 로젠
A60: 60 | B60: 롯데아울렛광교점 | C60: 40264090 | D60: 668000 | E60: 116 | F60: 82370 | G60: 20 | J60: =SUM(D60,F60,H60) -> 750370 | K60: =J60/C60 -> 0.018636209 | N60: O | P60: 5000 | Q60: 로젠
A61: 61 | B61: 롯데아울렛동부산점 | C61: 70991400 | D61: 804000 | E61: 161 | F61: 145930 | G61: 36 | H61: 11500 | I61: 3 | J61: =SUM(D61,F61,H61) -> 961430 | K61: =J61/C61 -> 0.013542908 | M61: 심의건 등 | N61: O | P61: 5000 | Q61: 로젠
A62: 62 | B62: 롯데아울렛군산점 | C62: 20299160 | D62: 168400 | E62: 73 | F62: 105200 | G62: 25 | J62: =SUM(D62,F62,H62) -> 273600 | K62: =J62/C62 -> 0.01347839 | N62: X | P62: 3300 | Q62: 로젠
A63: 63 | B63: 롯데아울렛기흥점 | C63: 60312160 | J63: =SUM(D63,F63,H63) -> 0 | K63: =J63/C63 -> 0
A64: 64 | B64: 롯데아울렛광주수완점 | C64: 26045190 | D64: 309500 | E64: 80 | F64: 43600 | G64: 10 | J64: =SUM(D64,F64,H64) -> 353100 | K64: =J64/C64 -> 0.013557206 | N64: O | P64: 4000 | Q64: 롯데
A65: 65 | B65: 롯데아울렛월드컵점 | C65: 32094490 | D65: 291100 | E65: 64 | F65: 39000 | G65: 10 | J65: =SUM(D65,F65,H65) -> 330100 | K65: =J65/C65 -> 0.010285255 | N65: O | P65: 4000 | Q65: 로젠
A66: 66 | B66: 롯데아울렛여수점 | C66: 20253020 | D66: 175020 | E66: 38 | F66: 53000 | G66: 13 | J66: =SUM(D66,F66,H66) -> 228020 | K66: =J66/C66 -> 0.011258568 | N66: X | P66: 4500 | Q66: 롯데
A67: 67 | B67: LF스퀘어양주점 | C67: 40229800 | D67: 609100 | E67: 143 | F67: 217330 | G67: 53 | J67: =SUM(D67,F67,H67) -> 826430 | K67: =J67/C67 -> 0.020542732 | N67: O | P67: 4000 | Q67: 롯데
A68: 68 | B68: 현대아울렛대전점 | J68: =SUM(D68,F68,H68) -> 0 | K68: =J68/C68 -> #DIV/0!
A69: 69 | B69: 신세계아울렛파주점 | C69: 25084740 | D69: 659600 | E69: 159 | F69: 108700 | G69: 23 | H69: 7900 | I69: 1 | J69: =SUM(D69,F69,H69) -> 776200 | K69: =J69/C69 -> 0.030943115 | M69: 청소용품 구입 | N69: X | P69: 4000 | Q69: 로젠
A70: 70 | B70: 현대아울렛남양주점 | C70: 81594780 | J70: =SUM(D70,F70,H70) -> 0 | K70: =J70/C70 -> 0
B71: 4월 합 계 | C71: =SUM(C3:C70) -> 3561041622 | D71: =SUM(D3:D70) -> 10298140 | E71: =SUM(E3:E70) -> 2448 | F71: =SUM(F3:F70) -> 5941260 | G71: =SUM(G3:G70) -> 1405 | H71: =SUM(H3:H70) -> 676490 | I71: =SUM(I3:I70) -> 54 | J71: =SUM(J3:J70) -> 16915890 | K71: =J71/C71 -> 0.0047502646
C72: FALSE
C73: 총 매출 | D73: 고객배송 택배비 | E73: 건수 | F73: 매장 수평 택배비 | G73: 건수 | H73: 매장경비 | I73: 건수 | J73: 계 | K73: 매출대비 전체비율
B74: 2023년 연 간 누 적 | C74: =SUM(C75:C86) -> 11703745900 | D74: =SUM(D75:D86) -> 36241600 | E74: =SUM(E75:E86) -> 7639 | F74: =SUM(F75:F86) -> 18208510 | G74: =SUM(G75:G86) -> 4368 | H74: =SUM(H75:H86) -> 3699290 | I74: =SUM(I75:I86) -> 209 | J74: =SUM(J75:J86) -> 58149400 | K74: =J74/C74 -> 0.0049684435
B75: 1월 합 계 | C75: 2544931756 | D75: 8241680 | E75: 1544 | F75: 2654640 | G75: 648 | H75: 1278240 | I75: 62 | J75: 12174560 | K75: =J75/C75 -> 0.0047838454
B76: 2월 합 계 | C76: 2676358390 | D76: 8212680 | E76: 1673 | F76: 4138740 | G76: 1015 | H76: 595780 | I76: 41 | J76: 12947200 | K76: =J76/C76 -> 0.0048376182
B77: 3월 합 계 | C77: 2921414132 | D77: 9489100 | E77: 1974 | F77: 5473870 | G77: 1300 | H77: 1148780 | I77: 52 | J77: 16111750 | K77: =J77/C77 -> 0.0055150517
B78: 4월 합 계 | C78: 3561041622 | D78: 10298140 | E78: 2448 | F78: 5941260 | G78: 1405 | H78: 676490 | I78: 54 | J78: 16915890 | K78: =J78/C78 -> 0.0047502646
B79: 5월 합 계 | K79: =J79/C79 -> #DIV/0!
B80: 6월 합 계 | K80: =J80/C80 -> #DIV/0!
B81: 7월 합 계 | K81: =J81/C81 -> #DIV/0!
B82: 8월 합 계 | K82: =J82/C82 -> #DIV/0!
B83: 9월 합 계 | K83: =J83/C83 -> #DIV/0!
B84: 10월 합 계 | K84: =J84/C84 -> #DIV/0!
B85: 11월 합 계 | K85: =J85/C85 -> #DIV/0!
B86: 12월 합 계 | K86: 0.0062139669
C88: 총 매출 | D88: 고객배송 택배비 | E88: 건수 | F88: 매장 수평 택배비 | G88: 건수 | H88: 매장경비 | I88: 건수 | J88: 계 | K88: 매출대비 전체비율
B89: 2022년 연 간 누 적 | C89: 40320872331 | D89: 124828900 | E89: 25234 | F89: 67143830 | G89: 16578 | H89: 9703740 | I89: 680 | J89: 201946470 | K89: =J89/C89 -> 0.0050084846
B90: 1월 합 계 | C90: 2953885856 | D90: 10589790 | E90: 2270 | F90: 8339100 | G90: 2054 | H90: 1171440 | I90: 68 | J90: 20100330 | K90: =J90/C90 -> 0.0068047078
B91: 2월 합 계 | C91: 2785202870 | D91: 9445890 | E91: 1735 | F91: 6396280 | G91: 1588 | H91: 595140 | I91: 52 | J91: 16437310 | K91: =J91/C91 -> 0.0059016563
B92: 3월 합 계 | C92: 2934002332 | D92: 9818140 | E92: 1912 | F92: 6949160 | G92: 1714 | H92: 665770 | I92: 48 | J92: 17433070 | K92: =J92/C92 -> 0.0059417369
B93: 4월 합 계 | C93: 4040333992 | D93: 11202250 | E93: 2201 | F93: 5692930 | G93: 1405 | H93: 795870 | I93: 52 | J93: 17691050 | K93: =J93/C93 -> 0.0043786108
B94: 5월 합 계 | C94: 3901318362 | D94: 12798240 | E94: 2642 | F94: 6475810 | G94: 1616 | H94: 1004010 | I94: 62 | J94: 20278060 | K94: =J94/C94 -> 0.0051977455
B95: 6월 합 계 | C95: 4511894922 | D95: 13979690 | E95: 2907 | F95: 7751860 | G95: 1931 | H95: 922900 | I95: 72 | J95: 22654450 | K95: =J95/C95 -> 0.00502105
B96: 7월 합 계 | C96: 3318942648 | D96: 10494730 | E96: 2324 | F96: 7945100 | G96: 1935 | H96: 704690 | I96: 58 | J96: 19144520 | K96: =J96/C96 -> 0.0057682588
B97: 8월 합 계 | C97: 2581088176 | D97: 6745850 | E97: 1471 | F97: 3341410 | G97: 841 | H97: 265130 | I97: 40 | J97: 10352390 | K97: =J97/C97 -> 0.0040108626
B98: 9월 합 계 | C98: 3030980964 | D98: 7393670 | E98: 1374 | F98: 2911150 | G98: 725 | H98: 876040 | I98: 53 | J98: 11180860 | K98: =J98/C98 -> 0.0036888585
B99: 10월 합 계 | C99: 4229153430 | D99: 11767220 | E99: 2426 | F99: 4518630 | G99: 1105 | H99: 1364270 | I99: 66 | J99: 17650120 | K99: =J99/C99 -> 0.0041734405
B100: 11월 합 계 | C100: 2960965230 | D100: 10073650 | E100: 1984 | F100: 3670270 | G100: 883 | H100: 464050 | I100: 51 | J100: 14207970 | K100: =J100/C100 -> 0.0047984251
B101: 12월 합 계 | C101: 3073103549 | D101: 10519780 | E101: 1988 | F101: 3152130 | G101: 781 | H101: 874430 | I101: 58 | J101: 14816340 | K101: =J101/C101 -> 0.0048212954
