Workbook

Sheet 피벗값_구분
W1: ▼ SUMIFS 파라미터 (월초에 이곳만 수정)
B2: 전년동기대비 증감액 및 증감율 | S2: ★ Ver2: SUMIFS 자동화 - 표1에 데이터 추가 시 즉시 자동갱신 (피벗 불필요) | W2: 전년도 | X2: 2025
L3: 단위:천원 | W3: 당기년도 | X3: 2026
B4: =("("&$X$4&"~"&$X$5&"월)") -> (1~5월) | C4: 매출금액 | E4: 수금액(V+) | G4: 생산원가(V-) | I4: 총경비 | K4: 영업이익(V-) | M4: 전년대비증감액 | W4: 시작월 | X4: 1
B5: 구분 | C5: 2025 | D5: 2026 | E5: 2025 | F5: 2026 | G5: 2025 | H5: 2026 | I5: 2025 | J5: 2026 | K5: 2025 | L5: 2026 | M5: 전체 매출금액 | N5: 전체 수금액(V+) | O5: 전체 생산원가(V-) | P5: 전체 총경비 | Q5: 전체 영업이익(V-) | W5: 종료월 | X5: 5
B6: 동일 | C6: =SUMIFS(표1[매출금액],표1[구분],"동일",표1[년],$X$2,표1[월],">="&$X$4,표1[월],"<="&$X$5) -> 14422510974 | D6: =SUMIFS(표1[매출금액],표1[구분],"동일",표1[년],$X$3,표1[월],">="&$X$4,표1[월],"<="&$X$5) -> 15777050580 | E6: =SUMIFS(표1[수금액(V+)],표1[구분],"동일",표1[년],$X$2,표1[월],">="&$X$4,표1[월],"<="&$X$5) -> 9595031940 | F6: =SUMIFS(표1[수금액(V+)],표1[구분],"동일",표1[년],$X$3,표1[월],">="&$X$4,표1[월],"<="&$X$5) -> 10388921006 | G6: =SUMIFS(표1[생산원가(V-)],표1[구분],"동일",표1[년],$X$2,표1[월],">="&$X$4,표1[월],"<="&$X$5) -> 4474694123 | H6: =SUMIFS(표1[생산원가(V-)],표1[구분],"동일",표1[년],$X$3,표1[월],">="&$X$4,표1[월],"<="&$X$5) -> 4600259340 | I6: =SUMIFS(표1[총경비],표1[구분],"동일",표1[년],$X$2,표1[월],">="&$X$4,표1[월],"<="&$X$5) -> 2219504148 | J6: =SUMIFS(표1[총경비],표1[구분],"동일",표1[년],$X$3,표1[월],">="&$X$4,표1[월],"<="&$X$5) -> 2385842435 | K6: =SUMIFS(표1[영업이익(V-)],표1[구분],"동일",표1[년],$X$2,표1[월],">="&$X$4,표1[월],"<="&$X$5) -> 4248062190 | L6: =SUMIFS(표1[영업이익(V-)],표1[구분],"동일",표1[년],$X$3,표1[월],">="&$X$4,표1[월],"<="&$X$5) -> 4844214303 | M6: =D6-C6 -> 1354539606 | N6: =F6-E6 -> 793889066 | O6: =H6-G6 -> 125565217 | P6: =J6-I6 -> 166338287 | Q6: =L6-K6 -> 596152113
B7: 신규 | C7: 0 | D7: 0 | E7: 0 | F7: 0 | G7: 0 | H7: 0 | I7: 0 | J7: 0 | K7: 0 | L7: 0 | M7: =D7-C7 -> 0 | N7: =F7-E7 -> 0 | O7: =H7-G7 -> 0 | P7: =J7-I7 -> 0 | Q7: =L7-K7 -> 0
B8: 폐점 | C8: =SUMIFS(표1[매출금액],표1[구분],"폐점",표1[년],$X$2,표1[월],">="&$X$4,표1[월],"<="&$X$5) -> 417681420 | D8: =SUMIFS(표1[매출금액],표1[구분],"폐점",표1[년],$X$3,표1[월],">="&$X$4,표1[월],"<="&$X$5) -> 341598380 | E8: =SUMIFS(표1[수금액(V+)],표1[구분],"폐점",표1[년],$X$2,표1[월],">="&$X$4,표1[월],"<="&$X$5) -> 264322482 | F8: =SUMIFS(표1[수금액(V+)],표1[구분],"폐점",표1[년],$X$3,표1[월],">="&$X$4,표1[월],"<="&$X$5) -> 216949145 | G8: =SUMIFS(표1[생산원가(V-)],표1[구분],"폐점",표1[년],$X$2,표1[월],">="&$X$4,표1[월],"<="&$X$5) -> 130013101 | H8: =SUMIFS(표1[생산원가(V-)],표1[구분],"폐점",표1[년],$X$3,표1[월],">="&$X$4,표1[월],"<="&$X$5) -> 98933054 | I8: =SUMIFS(표1[총경비],표1[구분],"폐점",표1[년],$X$2,표1[월],">="&$X$4,표1[월],"<="&$X$5) -> 78643790 | J8: =SUMIFS(표1[총경비],표1[구분],"폐점",표1[년],$X$3,표1[월],">="&$X$4,표1[월],"<="&$X$5) -> 40754380 | K8: =SUMIFS(표1[영업이익(V-)],표1[구분],"폐점",표1[년],$X$2,표1[월],">="&$X$4,표1[월],"<="&$X$5) -> 110280065 | L8: =SUMIFS(표1[영업이익(V-)],표1[구분],"폐점",표1[년],$X$3,표1[월],">="&$X$4,표1[월],"<="&$X$5) -> 98293442 | M8: =D8-C8 -> -76083040 | N8: =F8-E8 -> -47373337 | O8: =H8-G8 -> -31080047 | P8: =J8-I8 -> -37889410 | Q8: =L8-K8 -> -11986623
B9: 행사 | C9: =SUMIFS(표1[매출금액],표1[구분],"행사",표1[년],$X$2,표1[월],">="&$X$4,표1[월],"<="&$X$5) -> 51781440 | D9: =SUMIFS(표1[매출금액],표1[구분],"행사",표1[년],$X$3,표1[월],">="&$X$4,표1[월],"<="&$X$5) -> 126402630 | E9: =SUMIFS(표1[수금액(V+)],표1[구분],"행사",표1[년],$X$2,표1[월],">="&$X$4,표1[월],"<="&$X$5) -> 39612855 | F9: =SUMIFS(표1[수금액(V+)],표1[구분],"행사",표1[년],$X$3,표1[월],">="&$X$4,표1[월],"<="&$X$5) -> 87509788 | G9: =SUMIFS(표1[생산원가(V-)],표1[구분],"행사",표1[년],$X$2,표1[월],">="&$X$4,표1[월],"<="&$X$5) -> 16155346 | H9: =SUMIFS(표1[생산원가(V-)],표1[구분],"행사",표1[년],$X$3,표1[월],">="&$X$4,표1[월],"<="&$X$5) -> 33716815 | I9: =SUMIFS(표1[총경비],표1[구분],"행사",표1[년],$X$2,표1[월],">="&$X$4,표1[월],"<="&$X$5) -> 7987030 | J9: =SUMIFS(표1[총경비],표1[구분],"행사",표1[년],$X$3,표1[월],">="&$X$4,표1[월],"<="&$X$5) -> 4640000 | K9: =SUMIFS(표1[영업이익(V-)],표1[구분],"행사",표1[년],$X$2,표1[월],">="&$X$4,표1[월],"<="&$X$5) -> 19856341 | L9: =SUMIFS(표1[영업이익(V-)],표1[구분],"행사",표1[년],$X$3,표1[월],">="&$X$4,표1[월],"<="&$X$5) -> 45837538 | M9: =D9-C9 -> 74621190 | N9: =F9-E9 -> 47896933 | O9: =H9-G9 -> 17561469 | P9: =J9-I9 -> -3347030 | Q9: =L9-K9 -> 25981197
B10: 총합계 | C10: =SUM(C6:C9) -> 14891973834 | D10: =SUM(D6:D9) -> 16245051590 | E10: =SUM(E6:E9) -> 9898967277 | F10: =SUM(F6:F9) -> 10693379939 | G10: =SUM(G6:G9) -> 4620862570 | H10: =SUM(H6:H9) -> 4732909209 | I10: =SUM(I6:I9) -> 2306134968 | J10: =SUM(J6:J9) -> 2431236815 | ... Q10: =SUM(Q6:Q9) -> 610146687
L12: 단위:천원
B13: =B4 -> (1~5월) | C13: 전기대비 매출 증가분의 당기 매출기여도
B14: 구분 | C14: 매출차이 | E14: 수금액(V+)차이 | G14: 생산원가(V-)차이 | I14: 총경비차이 | K14: 영업이익(V-)차이
B15: 동일 | C15: =M6 -> 1354539606 | D15: =C15/D$10 -> 0.083381675 | E15: =N6 -> 793889066 | F15: =E15/F$10 -> 0.074241173 | G15: =O6 -> 125565217 | H15: =G15/H$10 -> 0.02653024 | I15: =P6 -> 166338287 | J15: =I15/J$10 -> 0.068417147 | K15: =Q6 -> 596152113 | L15: =K15/L$10 -> 0.11950899
B16: 신규 | C16: =M7 -> 0 | D16: =C16/D$10 -> 0 | E16: =N7 -> 0 | F16: =E16/F$10 -> 0 | G16: =O7 -> 0 | H16: =G16/H$10 -> 0 | I16: =P7 -> 0 | J16: =I16/J$10 -> 0 | K16: =Q7 -> 0 | L16: =K16/L$10 -> 0
B17: 폐점 | C17: =M8 -> -76083040 | D17: =C17/D$10 -> -0.0046834594 | E17: =N8 -> -47373337 | F17: =E17/F$10 -> -0.0044301556 | G17: =O8 -> -31080047 | H17: =G17/H$10 -> -0.0065667955 | I17: =P8 -> -37889410 | J17: =I17/J$10 -> -0.015584418 | K17: =Q8 -> -11986623 | L17: =K17/L$10 -> -0.0024029257
B18: 행사 | C18: =M9 -> 74621190 | D18: =C18/D$10 -> 0.004593472 | E18: =N9 -> 47896933 | F18: =E18/F$10 -> 0.0044791201 | G18: =O9 -> 17561469 | H18: =G18/H$10 -> 0.003710502 | I18: =P9 -> -3347030 | J18: =I18/J$10 -> -0.0013766779 | K18: =Q9 -> 25981197 | L18: =K18/L$10 -> 0.0052083798
B19: 총합계 | C19: =SUM(C15:C18) -> 1353077756 | D19: =C19/D$10 -> 0.083291687 | E19: =SUM(E15:E18) -> 794412662 | F19: =E19/F$10 -> 0.074290137 | G19: =SUM(G15:G18) -> 112046639 | H19: =G19/H$10 -> 0.023673946 | I19: =SUM(I15:I18) -> 125101847 | J19: =I19/J$10 -> 0.051456052 | K19: =SUM(K15:K18) -> 610146687 | L19: =K19/L$10 -> 0.12231445

Sheet 피벗값_매장명(동일)
B2: 동일매장분석
T3: 단위: 천원 | V3: ★ 구분 시트에서 구분 변경 시 자동 반영
B4: =피벗값_구분!B4 -> (1~5월) | D4: 매출금액 | G4: 수금액(V+) | J4: 생산원가(V-) | M4: 총경비 | P4: 영업이익(V-)
B5: 동일 | C5: 매장명 | D5: 2025 | E5: 2026 | F5: 당기기준 신장률 | G5: 2025 | H5: 2026 | I5: 매출대비 수금율 | J5: 2025 | K5: 2026 | L5: 매출대비 원가배수 | M5: 2025 | N5: 2026 | O5: 매출대비 경비율 | P5: 2025 | Q5: 2026 | R5: 매출대비 이익률 | S5: 공헌 이익률 | T5: 증감액 | V5: 2025 영업이익 높은순 정렬
B6: =IFERROR(INDEX(구분!$B:$B,MATCH(1,구분!$E:$E,0)),"") -> 00101 | C6: =IFERROR(VLOOKUP(B6,구분!$B:$C,2,0),"") -> 롯데잠실점 | D6: =IFERROR(IF(B6="",0,SUMIFS(표1[매출금액],표1[매장코드],B6,표1[년],피벗값_구분!$X$2,표1[월],">="&피벗값_구분!$X$4,표1[월],"<="&피벗값_구분!$X$5)),0) -> 304063520 | E6: =IFERROR(IF(B6="",0,SUMIFS(표1[매출금액],표1[매장코드],B6,표1[년],피벗값_구분!$X$3,표1[월],">="&피벗값_구분!$X$4,표1[월],"<="&피벗값_구분!$X$5)),0) -> 369840250 | F6: =IFERROR(IF(B6="","",(E6-D6)/D6),"") -> 0.21632562 | G6: =IFERROR(IF(B6="",0,SUMIFS(표1[수금액(V+)],표1[매장코드],B6,표1[년],피벗값_구분!$X$2,표1[월],">="&피벗값_구분!$X$4,표1[월],"<="&피벗값_구분!$X$5)),0) -> 195026705 | H6: =IFERROR(IF(B6="",0,SUMIFS(표1[수금액(V+)],표1[매장코드],B6,표1[년],피벗값_구분!$X$3,표1[월],">="&피벗값_구분!$X$4,표1[월],"<="&피벗값_구분!$X$5)),0) -> 236914267 | I6: =IFERROR(IF(B6="","",H6/E6),"") -> 0.64058541 | J6: =IFERROR(IF(B6="",0,SUMIFS(표1[생산원가(V-)],표1[매장코드],B6,표1[년],피벗값_구분!$X$2,표1[월],">="&피벗값_구분!$X$4,표1[월],"<="&피벗값_구분!$X$5)),0) -> 88822778 | K6: =IFERROR(IF(B6="",0,SUMIFS(표1[생산원가(V-)],표1[매장코드],B6,표1[년],피벗값_구분!$X$3,표1[월],">="&피벗값_구분!$X$4,표1[월],"<="&피벗값_구분!$X$5)),0) -> 107012131 | L6: =IFERROR(IF(B6="","",E6/1.1/K6),"") -> 3.1418719 | M6: =IFERROR(IF(B6="",0,SUMIFS(표1[총경비],표1[매장코드],B6,표1[년],피벗값_구분!$X$2,표1[월],">="&피벗값_구분!$X$4,표1[월],"<="&피벗값_구분!$X$5)),0) -> 32165690 | N6: =IFERROR(IF(B6="",0,SUMIFS(표1[총경비],표1[매장코드],B6,표1[년],피벗값_구분!$X$3,표1[월],">="&피벗값_구분!$X$4,표1[월],"<="&피벗값_구분!$X$5)),0) -> 35215740 | O6: =IFERROR(IF(B6="","",N6/E6),"") -> 0.095218787 | P6: =IFERROR(IF(B6="",0,SUMIFS(표1[영업이익(V-)],표1[매장코드],B6,표1[년],피벗값_구분!$X$2,표1[월],">="&피벗값_구분!$X$4,표1[월],"<="&피벗값_구분!$X$5)),0) -> 88474227 | Q6: =IFERROR(IF(B6="",0,SUMIFS(표1[영업이익(V-)],표1[매장코드],B6,표1[년],피벗값_구분!$X$3,표1[월],">="&피벗값_구분!$X$4,표1[월],"<="&피벗값_구분!$X$5)),0) -> 108364475 | R6: =IFERROR(IF(B6="","",Q6/(E6/1.1)),"") -> 0.32230381 | S6: =Q6/$Q$70 -> 0.022369876 | T6: =IF(B6="","",Q6-P6) -> 19890248
B7: =IFERROR(INDEX(구분!$B:$B,MATCH(2,구분!$E:$E,0)),"") -> 00102 | C7: =IFERROR(VLOOKUP(B7,구분!$B:$C,2,0),"") -> 롯데관악점 | D7: =IFERROR(IF(B7="",0,SUMIFS(표1[매출금액],표1[매장코드],B7,표1[년],피벗값_구분!$X$2,표1[월],">="&피벗값_구분!$X$4,표1[월],"<="&피벗값_구분!$X$5)),0) -> 98863760 | E7: =IFERROR(IF(B7="",0,SUMIFS(표1[매출금액],표1[매장코드],B7,표1[년],피벗값_구분!$X$3,표1[월],">="&피벗값_구분!$X$4,표1[월],"<="&피벗값_구분!$X$5)),0) -> 99962340 | F7: =IFERROR(IF(B7="","",(E7-D7)/D7),"") -> 0.01111206 | G7: =IFERROR(IF(B7="",0,SUMIFS(표1[수금액(V+)],표1[매장코드],B7,표1[년],피벗값_구분!$X$2,표1[월],">="&피벗값_구분!$X$4,표1[월],"<="&피벗값_구분!$X$5)),0) -> 64332399 | H7: =IFERROR(IF(B7="",0,SUMIFS(표1[수금액(V+)],표1[매장코드],B7,표1[년],피벗값_구분!$X$3,표1[월],">="&피벗값_구분!$X$4,표1[월],"<="&피벗값_구분!$X$5)),0) -> 65028151 | I7: =IFERROR(IF(B7="","",H7/E7),"") -> 0.6505265 | J7: =IFERROR(IF(B7="",0,SUMIFS(표1[생산원가(V-)],표1[매장코드],B7,표1[년],피벗값_구분!$X$2,표1[월],">="&피벗값_구분!$X$4,표1[월],"<="&피벗값_구분!$X$5)),0) -> 31586409 | K7: =IFERROR(IF(B7="",0,SUMIFS(표1[생산원가(V-)],표1[매장코드],B7,표1[년],피벗값_구분!$X$3,표1[월],">="&피벗값_구분!$X$4,표1[월],"<="&피벗값_구분!$X$5)),0) -> 30402138 | L7: =IFERROR(IF(B7="","",E7/1.1/K7),"") -> 2.9890942 | M7: =IFERROR(IF(B7="",0,SUMIFS(표1[총경비],표1[매장코드],B7,표1[년],피벗값_구분!$X$2,표1[월],">="&피벗값_구분!$X$4,표1[월],"<="&피벗값_구분!$X$5)),0) -> 24760380 | N7: =IFERROR(IF(B7="",0,SUMIFS(표1[총경비],표1[매장코드],B7,표1[년],피벗값_구분!$X$3,표1[월],">="&피벗값_구분!$X$4,표1[월],"<="&피벗값_구분!$X$5)),0) -> 25129410 | O7: =IFERROR(IF(B7="","",N7/E7),"") -> 0.25138877 | P7: =IFERROR(IF(B7="",0,SUMIFS(표1[영업이익(V-)],표1[매장코드],B7,표1[년],피벗값_구분!$X$2,표1[월],">="&피벗값_구분!$X$4,표1[월],"<="&피벗값_구분!$X$5)),0) -> 26897590 | Q7: =IFERROR(IF(B7="",0,SUMIFS(표1[영업이익(V-)],표1[매장코드],B7,표1[년],피벗값_구분!$X$3,표1[월],">="&피벗값_구분!$X$4,표1[월],"<="&피벗값_구분!$X$5)),0) -> 28714363 | R7: =IFERROR(IF(B7="","",Q7/(E7/1.1)),"") -> 0.31597699 | S7: =Q7/$Q$70 -> 0.0059275584 | T7: =IF(B7="","",Q7-P7) -> 1816773
B8: =IFERROR(INDEX(구분!$B:$B,MATCH(3,구분!$E:$E,0)),"") -> 00106 | C8: =IFERROR(VLOOKUP(B8,구분!$B:$C,2,0),"") -> 롯데광주점 | D8: =IFERROR(IF(B8="",0,SUMIFS(표1[매출금액],표1[매장코드],B8,표1[년],피벗값_구분!$X$2,표1[월],">="&피벗값_구분!$X$4,표1[월],"<="&피벗값_구분!$X$5)),0) -> 260717950 | E8: =IFERROR(IF(B8="",0,SUMIFS(표1[매출금액],표1[매장코드],B8,표1[년],피벗값_구분!$X$3,표1[월],">="&피벗값_구분!$X$4,표1[월],"<="&피벗값_구분!$X$5)),0) -> 256148830 | F8: =IFERROR(IF(B8="","",(E8-D8)/D8),"") -> -0.017525145 | G8: =IFERROR(IF(B8="",0,SUMIFS(표1[수금액(V+)],표1[매장코드],B8,표1[년],피벗값_구분!$X$2,표1[월],">="&피벗값_구분!$X$4,표1[월],"<="&피벗값_구분!$X$5)),0) -> 167079816 | H8: =IFERROR(IF(B8="",0,SUMIFS(표1[수금액(V+)],표1[매장코드],B8,표1[년],피벗값_구분!$X$3,표1[월],">="&피벗값_구분!$X$4,표1[월],"<="&피벗값_구분!$X$5)),0) -> 163826099 | I8: =IFERROR(IF(B8="","",H8/E8),"") -> 0.63957387 | J8: =IFERROR(IF(B8="",0,SUMIFS(표1[생산원가(V-)],표1[매장코드],B8,표1[년],피벗값_구분!$X$2,표1[월],">="&피벗값_구분!$X$4,표1[월],"<="&피벗값_구분!$X$5)),0) -> 82989002 | K8: =IFERROR(IF(B8="",0,SUMIFS(표1[생산원가(V-)],표1[매장코드],B8,표1[년],피벗값_구분!$X$3,표1[월],">="&피벗값_구분!$X$4,표1[월],"<="&피벗값_구분!$X$5)),0) -> 77026418 | L8: =IFERROR(IF(B8="","",E8/1.1/K8),"") -> 3.023152 | M8: =IFERROR(IF(B8="",0,SUMIFS(표1[총경비],표1[매장코드],B8,표1[년],피벗값_구분!$X$2,표1[월],">="&피벗값_구분!$X$4,표1[월],"<="&피벗값_구분!$X$5)),0) -> 33584010 | N8: =IFERROR(IF(B8="",0,SUMIFS(표1[총경비],표1[매장코드],B8,표1[년],피벗값_구분!$X$3,표1[월],">="&피벗값_구분!$X$4,표1[월],"<="&피벗값_구분!$X$5)),0) -> 34545970 | O8: =IFERROR(IF(B8="","",N8/E8),"") -> 0.13486679 | P8: =IFERROR(IF(B8="",0,SUMIFS(표1[영업이익(V-)],표1[매장코드],B8,표1[년],피벗값_구분!$X$2,표1[월],">="&피벗값_구분!$X$4,표1[월],"<="&피벗값_구분!$X$5)),0) -> 68901739 | Q8: =IFERROR(IF(B8="",0,SUMIFS(표1[영업이익(V-)],표1[매장코드],B8,표1[년],피벗값_구분!$X$3,표1[월],">="&피벗값_구분!$X$4,표1[월],"<="&피벗값_구분!$X$5)),0) -> 71906400 | R8: =IFERROR(IF(B8="","",Q8/(E8/1.1)),"") -> 0.30879329 | S8: =Q8/$Q$70 -> 0.014843769 | T8: =IF(B8="","",Q8-P8) -> 3004661
B9: =IFERROR(INDEX(구분!$B:$B,MATCH(4,구분!$E:$E,0)),"") -> 00110 | C9: =IFERROR(VLOOKUP(B9,구분!$B:$C,2,0),"") -> 롯데강남점 | D9: =IFERROR(IF(B9="",0,SUMIFS(표1[매출금액],표1[매장코드],B9,표1[년],피벗값_구분!$X$2,표1[월],">="&피벗값_구분!$X$4,표1[월],"<="&피벗값_구분!$X$5)),0) -> 160310570 | E9: =IFERROR(IF(B9="",0,SUMIFS(표1[매출금액],표1[매장코드],B9,표1[년],피벗값_구분!$X$3,표1[월],">="&피벗값_구분!$X$4,표1[월],"<="&피벗값_구분!$X$5)),0) -> 166624390 | F9: =IFERROR(IF(B9="","",(E9-D9)/D9),"") -> 0.039384926 | G9: =IFERROR(IF(B9="",0,SUMIFS(표1[수금액(V+)],표1[매장코드],B9,표1[년],피벗값_구분!$X$2,표1[월],">="&피벗값_구분!$X$4,표1[월],"<="&피벗값_구분!$X$5)),0) -> 102582703 | H9: =IFERROR(IF(B9="",0,SUMIFS(표1[수금액(V+)],표1[매장코드],B9,표1[년],피벗값_구분!$X$3,표1[월],">="&피벗값_구분!$X$4,표1[월],"<="&피벗값_구분!$X$5)),0) -> 106778299 | I9: =IFERROR(IF(B9="","",H9/E9),"") -> 0.64083235 | J9: =IFERROR(IF(B9="",0,SUMIFS(표1[생산원가(V-)],표1[매장코드],B9,표1[년],피벗값_구분!$X$2,표1[월],">="&피벗값_구분!$X$4,표1[월],"<="&피벗값_구분!$X$5)),0) -> 48357983 | K9: =IFERROR(IF(B9="",0,SUMIFS(표1[생산원가(V-)],표1[매장코드],B9,표1[년],피벗값_구분!$X$3,표1[월],">="&피벗값_구분!$X$4,표1[월],"<="&피벗값_구분!$X$5)),0) -> 49190055 | L9: =IFERROR(IF(B9="","",E9/1.1/K9),"") -> 3.0794175 | M9: =IFERROR(IF(B9="",0,SUMIFS(표1[총경비],표1[매장코드],B9,표1[년],피벗값_구분!$X$2,표1[월],">="&피벗값_구분!$X$4,표1[월],"<="&피벗값_구분!$X$5)),0) -> 26271390 | N9: =IFERROR(IF(B9="",0,SUMIFS(표1[총경비],표1[매장코드],B9,표1[년],피벗값_구분!$X$3,표1[월],">="&피벗값_구분!$X$4,표1[월],"<="&피벗값_구분!$X$5)),0) -> 26831460 | O9: =IFERROR(IF(B9="","",N9/E9),"") -> 0.16102961 | P9: =IFERROR(IF(B9="",0,SUMIFS(표1[영업이익(V-)],표1[매장코드],B9,표1[년],피벗값_구분!$X$2,표1[월],">="&피벗값_구분!$X$4,표1[월],"<="&피벗값_구분!$X$5)),0) -> 44899019 | Q9: =IFERROR(IF(B9="",0,SUMIFS(표1[영업이익(V-)],표1[매장코드],B9,표1[년],피벗값_구분!$X$3,표1[월],">="&피벗값_구분!$X$4,표1[월],"<="&피벗값_구분!$X$5)),0) -> 47881126 | R9: =IFERROR(IF(B9="","",Q9/(E9/1.1)),"") -> 0.31609561 | S9: =Q9/$Q$70 -> 0.0098841882 | T9: =IF(B9="","",Q9-P9) -> 2982107
B10: =IFERROR(INDEX(구분!$B:$B,MATCH(5,구분!$E:$E,0)),"") -> 00111 | C10: =IFERROR(VLOOKUP(B10,구분!$B:$C,2,0),"") -> 롯데포항점 | D10: =IFERROR(IF(B10="",0,SUMIFS(표1[매출금액],표1[매장코드],B10,표1[년],피벗값_구분!$X$2,표1[월],">="&피벗값_구분!$X$4,표1[월],"<="&피벗값_구분!$X$5)),0) -> 282624550 | E10: =IFERROR(IF(B10="",0,SUMIFS(표1[매출금액],표1[매장코드],B10,표1[년],피벗값_구분!$X$3,표1[월],">="&피벗값_구분!$X$4,표1[월],"<="&피벗값_구분!$X$5)),0) -> 293790280 | F10: =IFERROR(IF(B10="","",(E10-D10)/D10),"") -> 0.03950729 | G10: =IFERROR(IF(B10="",0,SUMIFS(표1[수금액(V+)],표1[매장코드],B10,표1[년],피벗값_구분!$X$2,표1[월],">="&피벗값_구분!$X$4,표1[월],"<="&피벗값_구분!$X$5)),0) -> 181269907 | H10: =IFERROR(IF(B10="",0,SUMIFS(표1[수금액(V+)],표1[매장코드],B10,표1[년],피벗값_구분!$X$3,표1[월],">="&피벗값_구분!$X$4,표1[월],"<="&피벗값_구분!$X$5)),0) -> 188363309 | I10: =IFERROR(IF(B10="","",H10/E10),"") -> 0.64114888 | J10: =IFERROR(IF(B10="",0,SUMIFS(표1[생산원가(V-)],표1[매장코드],B10,표1[년],피벗값_구분!$X$2,표1[월],">="&피벗값_구분!$X$4,표1[월],"<="&피벗값_구분!$X$5)),0) -> 84181505 | K10: =IFERROR(IF(B10="",0,SUMIFS(표1[생산원가(V-)],표1[매장코드],B10,표1[년],피벗값_구분!$X$3,표1[월],">="&피벗값_구분!$X$4,표1[월],"<="&피벗값_구분!$X$5)),0) -> 83812337 | L10: =IFERROR(IF(B10="","",E10/1.1/K10),"") -> 3.1866678 | M10: =IFERROR(IF(B10="",0,SUMIFS(표1[총경비],표1[매장코드],B10,표1[년],피벗값_구분!$X$2,표1[월],">="&피벗값_구분!$X$4,표1[월],"<="&피벗값_구분!$X$5)),0) -> 41640450 | N10: =IFERROR(IF(B10="",0,SUMIFS(표1[총경비],표1[매장코드],B10,표1[년],피벗값_구분!$X$3,표1[월],">="&피벗값_구분!$X$4,표1[월],"<="&피벗값_구분!$X$5)),0) -> 43422940 | O10: =IFERROR(IF(B10="","",N10/E10),"") -> 0.14780251 | P10: =IFERROR(IF(B10="",0,SUMIFS(표1[영업이익(V-)],표1[매장코드],B10,표1[년],피벗값_구분!$X$2,표1[월],">="&피벗값_구분!$X$4,표1[월],"<="&피벗값_구분!$X$5)),0) -> 80609320 | Q10: =IFERROR(IF(B10="",0,SUMIFS(표1[영업이익(V-)],표1[매장코드],B10,표1[년],피벗값_구분!$X$3,표1[월],">="&피벗값_구분!$X$4,표1[월],"<="&피벗값_구분!$X$5)),0) -> 87427035 | R10: =IFERROR(IF(B10="","",Q10/(E10/1.1)),"") -> 0.32734146 | S10: =Q10/$Q$70 -> 0.018047722 | T10: =IF(B10="","",Q10-P10) -> 6817715
B11: =IFERROR(INDEX(구분!$B:$B,MATCH(6,구분!$E:$E,0)),"") -> 00112 | C11: =IFERROR(VLOOKUP(B11,구분!$B:$C,2,0),"") -> 롯데울산점 | D11: =IFERROR(IF(B11="",0,SUMIFS(표1[매출금액],표1[매장코드],B11,표1[년],피벗값_구분!$X$2,표1[월],">="&피벗값_구분!$X$4,표1[월],"<="&피벗값_구분!$X$5)),0) -> 103482570 | E11: =IFERROR(IF(B11="",0,SUMIFS(표1[매출금액],표1[매장코드],B11,표1[년],피벗값_구분!$X$3,표1[월],">="&피벗값_구분!$X$4,표1[월],"<="&피벗값_구분!$X$5)),0) -> 134001550 | F11: =IFERROR(IF(B11="","",(E11-D11)/D11),"") -> 0.29491904 | G11: =IFERROR(IF(B11="",0,SUMIFS(표1[수금액(V+)],표1[매장코드],B11,표1[년],피벗값_구분!$X$2,표1[월],">="&피벗값_구분!$X$4,표1[월],"<="&피벗값_구분!$X$5)),0) -> 66235283 | H11: =IFERROR(IF(B11="",0,SUMIFS(표1[수금액(V+)],표1[매장코드],B11,표1[년],피벗값_구분!$X$3,표1[월],">="&피벗값_구분!$X$4,표1[월],"<="&피벗값_구분!$X$5)),0) -> 85873002 | I11: =IFERROR(IF(B11="","",H11/E11),"") -> 0.64083589 | J11: =IFERROR(IF(B11="",0,SUMIFS(표1[생산원가(V-)],표1[매장코드],B11,표1[년],피벗값_구분!$X$2,표1[월],">="&피벗값_구분!$X$4,표1[월],"<="&피벗값_구분!$X$5)),0) -> 31079900 | K11: =IFERROR(IF(B11="",0,SUMIFS(표1[생산원가(V-)],표1[매장코드],B11,표1[년],피벗값_구분!$X$3,표1[월],">="&피벗값_구분!$X$4,표1[월],"<="&피벗값_구분!$X$5)),0) -> 39617508 | L11: =IFERROR(IF(B11="","",E11/1.1/K11),"") -> 3.0748928 | M11: =IFERROR(IF(B11="",0,SUMIFS(표1[총경비],표1[매장코드],B11,표1[년],피벗값_구분!$X$2,표1[월],">="&피벗값_구분!$X$4,표1[월],"<="&피벗값_구분!$X$5)),0) -> 25080060 | N11: =IFERROR(IF(B11="",0,SUMIFS(표1[총경비],표1[매장코드],B11,표1[년],피벗값_구분!$X$3,표1[월],">="&피벗값_구분!$X$4,표1[월],"<="&피벗값_구분!$X$5)),0) -> 23789890 | O11: =IFERROR(IF(B11="","",N11/E11),"") -> 0.17753444 | P11: =IFERROR(IF(B11="",0,SUMIFS(표1[영업이익(V-)],표1[매장코드],B11,표1[년],피벗값_구분!$X$2,표1[월],">="&피벗값_구분!$X$4,표1[월],"<="&피벗값_구분!$X$5)),0) -> 29133993 | Q11: =IFERROR(IF(B11="",0,SUMIFS(표1[영업이익(V-)],표1[매장코드],B11,표1[년],피벗값_구분!$X$3,표1[월],">="&피벗값_구분!$X$4,표1[월],"<="&피벗값_구분!$X$5)),0) -> 38448857 | R11: =IFERROR(IF(B11="","",Q11/(E11/1.1)),"") -> 0.31562129 | S11: =Q11/$Q$70 -> 0.0079370677 | T11: =IF(B11="","",Q11-P11) -> 9314864
B12: =IFERROR(INDEX(구분!$B:$B,MATCH(7,구분!$E:$E,0)),"") -> 00113 | C12: =IFERROR(VLOOKUP(B12,구분!$B:$C,2,0),"") -> 롯데동래점 | D12: =IFERROR(IF(B12="",0,SUMIFS(표1[매출금액],표1[매장코드],B12,표1[년],피벗값_구분!$X$2,표1[월],">="&피벗값_구분!$X$4,표1[월],"<="&피벗값_구분!$X$5)),0) -> 137501710 | E12: =IFERROR(IF(B12="",0,SUMIFS(표1[매출금액],표1[매장코드],B12,표1[년],피벗값_구분!$X$3,표1[월],">="&피벗값_구분!$X$4,표1[월],"<="&피벗값_구분!$X$5)),0) -> 138875100 | F12: =IFERROR(IF(B12="","",(E12-D12)/D12),"") -> 0.0099881667 | G12: =IFERROR(IF(B12="",0,SUMIFS(표1[수금액(V+)],표1[매장코드],B12,표1[년],피벗값_구분!$X$2,표1[월],">="&피벗값_구분!$X$4,표1[월],"<="&피벗값_구분!$X$5)),0) -> 88584162 | H12: =IFERROR(IF(B12="",0,SUMIFS(표1[수금액(V+)],표1[매장코드],B12,표1[년],피벗값_구분!$X$3,표1[월],">="&피벗값_구분!$X$4,표1[월],"<="&피벗값_구분!$X$5)),0) -> 89765125 | I12: =IFERROR(IF(B12="","",H12/E12),"") -> 0.64637307 | J12: =IFERROR(IF(B12="",0,SUMIFS(표1[생산원가(V-)],표1[매장코드],B12,표1[년],피벗값_구분!$X$2,표1[월],">="&피벗값_구분!$X$4,표1[월],"<="&피벗값_구분!$X$5)),0) -> 47370915 | K12: =IFERROR(IF(B12="",0,SUMIFS(표1[생산원가(V-)],표1[매장코드],B12,표1[년],피벗값_구분!$X$3,표1[월],">="&피벗값_구분!$X$4,표1[월],"<="&피벗값_구분!$X$5)),0) -> 44995233 | L12: =IFERROR(IF(B12="","",E12/1.1/K12),"") -> 2.8058548 | M12: =IFERROR(IF(B12="",0,SUMIFS(표1[총경비],표1[매장코드],B12,표1[년],피벗값_구분!$X$2,표1[월],">="&피벗값_구분!$X$4,표1[월],"<="&피벗값_구분!$X$5)),0) -> 31226320 | N12: =IFERROR(IF(B12="",0,SUMIFS(표1[총경비],표1[매장코드],B12,표1[년],피벗값_구분!$X$3,표1[월],">="&피벗값_구분!$X$4,표1[월],"<="&피벗값_구분!$X$5)),0) -> 26328970 | O12: =IFERROR(IF(B12="","",N12/E12),"") -> 0.18958741 | P12: =IFERROR(IF(B12="",0,SUMIFS(표1[영업이익(V-)],표1[매장코드],B12,표1[년],피벗값_구분!$X$2,표1[월],">="&피벗값_구분!$X$4,표1[월],"<="&피벗값_구분!$X$5)),0) -> 33160142 | Q12: =IFERROR(IF(B12="",0,SUMIFS(표1[영업이익(V-)],표1[매장코드],B12,표1[년],피벗값_구분!$X$3,표1[월],">="&피벗값_구분!$X$4,표1[월],"<="&피벗값_구분!$X$5)),0) -> 36609426 | R12: =IFERROR(IF(B12="","",Q12/(E12/1.1)),"") -> 0.28997544 | S12: =Q12/$Q$70 -> 0.0075573506 | T12: =IF(B12="","",Q12-P12) -> 3449284
B13: =IFERROR(INDEX(구분!$B:$B,MATCH(8,구분!$E:$E,0)),"") -> 00114 | C13: =IFERROR(VLOOKUP(B13,구분!$B:$C,2,0),"") -> 롯데창원점 | D13: =IFERROR(IF(B13="",0,SUMIFS(표1[매출금액],표1[매장코드],B13,표1[년],피벗값_구분!$X$2,표1[월],">="&피벗값_구분!$X$4,표1[월],"<="&피벗값_구분!$X$5)),0) -> 299016680 | E13: =IFERROR(IF(B13="",0,SUMIFS(표1[매출금액],표1[매장코드],B13,표1[년],피벗값_구분!$X$3,표1[월],">="&피벗값_구분!$X$4,표1[월],"<="&피벗값_구분!$X$5)),0) -> 276462270 | F13: =IFERROR(IF(B13="","",(E13-D13)/D13),"") -> -0.075428602 | G13: =IFERROR(IF(B13="",0,SUMIFS(표1[수금액(V+)],표1[매장코드],B13,표1[년],피벗값_구분!$X$2,표1[월],">="&피벗값_구분!$X$4,표1[월],"<="&피벗값_구분!$X$5)),0) -> 191524203 | H13: =IFERROR(IF(B13="",0,SUMIFS(표1[수금액(V+)],표1[매장코드],B13,표1[년],피벗값_구분!$X$3,표1[월],">="&피벗값_구분!$X$4,표1[월],"<="&피벗값_구분!$X$5)),0) -> 177069746 | I13: =IFERROR(IF(B13="","",H13/E13),"") -> 0.64048431 | J13: =IFERROR(IF(B13="",0,SUMIFS(표1[생산원가(V-)],표1[매장코드],B13,표1[년],피벗값_구분!$X$2,표1[월],">="&피벗값_구분!$X$4,표1[월],"<="&피벗값_구분!$X$5)),0) -> 92390173 | K13: =IFERROR(IF(B13="",0,SUMIFS(표1[생산원가(V-)],표1[매장코드],B13,표1[년],피벗값_구분!$X$3,표1[월],">="&피벗값_구분!$X$4,표1[월],"<="&피벗값_구분!$X$5)),0) -> 80314201 | L13: =IFERROR(IF(B13="","",E13/1.1/K13),"") -> 3.1293262 | M13: =IFERROR(IF(B13="",0,SUMIFS(표1[총경비],표1[매장코드],B13,표1[년],피벗값_구분!$X$2,표1[월],">="&피벗값_구분!$X$4,표1[월],"<="&피벗값_구분!$X$5)),0) -> 40081750 | N13: =IFERROR(IF(B13="",0,SUMIFS(표1[총경비],표1[매장코드],B13,표1[년],피벗값_구분!$X$3,표1[월],">="&피벗값_구분!$X$4,표1[월],"<="&피벗값_구분!$X$5)),0) -> 35734470 | O13: =IFERROR(IF(B13="","",N13/E13),"") -> 0.12925623 | P13: =IFERROR(IF(B13="",0,SUMIFS(표1[영업이익(V-)],표1[매장코드],B13,표1[년],피벗값_구분!$X$2,표1[월],">="&피벗값_구분!$X$4,표1[월],"<="&피벗값_구분!$X$5)),0) -> 81722739 | Q13: =IFERROR(IF(B13="",0,SUMIFS(표1[영업이익(V-)],표1[매장코드],B13,표1[년],피벗값_구분!$X$3,표1[월],">="&피벗값_구분!$X$4,표1[월],"<="&피벗값_구분!$X$5)),0) -> 80658295 | R13: =IFERROR(IF(B13="","",Q13/(E13/1.1)),"") -> 0.3209267 | S13: =Q13/$Q$70 -> 0.016650439 | T13: =IF(B13="","",Q13-P13) -> -1064444
B14: =IFERROR(INDEX(구분!$B:$B,MATCH(9,구분!$E:$E,0)),"") -> 00119 | C14: =IFERROR(VLOOKUP(B14,구분!$B:$C,2,0),"") -> 롯데상인점 | D14: =IFERROR(IF(B14="",0,SUMIFS(표1[매출금액],표1[매장코드],B14,표1[년],피벗값_구분!$X$2,표1[월],">="&피벗값_구분!$X$4,표1[월],"<="&피벗값_구분!$X$5)),0) -> 106443340 | E14: =IFERROR(IF(B14="",0,SUMIFS(표1[매출금액],표1[매장코드],B14,표1[년],피벗값_구분!$X$3,표1[월],">="&피벗값_구분!$X$4,표1[월],"<="&피벗값_구분!$X$5)),0) -> 155318390 | F14: =IFERROR(IF(B14="","",(E14-D14)/D14),"") -> 0.45916494 | G14: =IFERROR(IF(B14="",0,SUMIFS(표1[수금액(V+)],표1[매장코드],B14,표1[년],피벗값_구분!$X$2,표1[월],">="&피벗값_구분!$X$4,표1[월],"<="&피벗값_구분!$X$5)),0) -> 68322156 | H14: =IFERROR(IF(B14="",0,SUMIFS(표1[수금액(V+)],표1[매장코드],B14,표1[년],피벗값_구분!$X$3,표1[월],">="&피벗값_구분!$X$4,표1[월],"<="&피벗값_구분!$X$5)),0) -> 100225186 | I14: =IFERROR(IF(B14="","",H14/E14),"") -> 0.6452886 | J14: =IFERROR(IF(B14="",0,SUMIFS(표1[생산원가(V-)],표1[매장코드],B14,표1[년],피벗값_구분!$X$2,표1[월],">="&피벗값_구분!$X$4,표1[월],"<="&피벗값_구분!$X$5)),0) -> 30905544 | K14: =IFERROR(IF(B14="",0,SUMIFS(표1[생산원가(V-)],표1[매장코드],B14,표1[년],피벗값_구분!$X$3,표1[월],">="&피벗값_구분!$X$4,표1[월],"<="&피벗값_구분!$X$5)),0) -> 47335940 | L14: =IFERROR(IF(B14="","",E14/1.1/K14),"") -> 2.9829034 | M14: =IFERROR(IF(B14="",0,SUMIFS(표1[총경비],표1[매장코드],B14,표1[년],피벗값_구분!$X$2,표1[월],">="&피벗값_구분!$X$4,표1[월],"<="&피벗값_구분!$X$5)),0) -> 26070060 | N14: =IFERROR(IF(B14="",0,SUMIFS(표1[총경비],표1[매장코드],B14,표1[년],피벗값_구분!$X$3,표1[월],">="&피벗값_구분!$X$4,표1[월],"<="&피벗값_구분!$X$5)),0) -> 28845460 | O14: =IFERROR(IF(B14="","",N14/E14),"") -> 0.18571825 | P14: =IFERROR(IF(B14="",0,SUMIFS(표1[영업이익(V-)],표1[매장코드],B14,표1[년],피벗값_구분!$X$2,표1[월],">="&피벗값_구분!$X$4,표1[월],"<="&피벗값_구분!$X$5)),0) -> 31205507 | Q14: =IFERROR(IF(B14="",0,SUMIFS(표1[영업이익(V-)],표1[매장코드],B14,표1[년],피벗값_구분!$X$3,표1[월],">="&피벗값_구분!$X$4,표1[월],"<="&피벗값_구분!$X$5)),0) -> 43777865 | R14: =IFERROR(IF(B14="","",Q14/(E14/1.1)),"") -> 0.31004475 | S14: =Q14/$Q$70 -> 0.0090371446 | T14: =IF(B14="","",Q14-P14) -> 12572358
B15: =IFERROR(INDEX(구분!$B:$B,MATCH(10,구분!$E:$E,0)),"") -> 00120 | C15: =IFERROR(VLOOKUP(B15,구분!$B:$C,2,0),"") -> 롯데미아점 | D15: =IFERROR(IF(B15="",0,SUMIFS(표1[매출금액],표1[매장코드],B15,표1[년],피벗값_구분!$X$2,표1[월],">="&피벗값_구분!$X$4,표1[월],"<="&피벗값_구분!$X$5)),0) -> 98651320 | E15: =IFERROR(IF(B15="",0,SUMIFS(표1[매출금액],표1[매장코드],B15,표1[년],피벗값_구분!$X$3,표1[월],">="&피벗값_구분!$X$4,표1[월],"<="&피벗값_구분!$X$5)),0) -> 77884180 | F15: =IFERROR(IF(B15="","",(E15-D15)/D15),"") -> -0.21051051 | G15: =IFERROR(IF(B15="",0,SUMIFS(표1[수금액(V+)],표1[매장코드],B15,표1[년],피벗값_구분!$X$2,표1[월],">="&피벗값_구분!$X$4,표1[월],"<="&피벗값_구분!$X$5)),0) -> 64881409 | H15: =IFERROR(IF(B15="",0,SUMIFS(표1[수금액(V+)],표1[매장코드],B15,표1[년],피벗값_구분!$X$3,표1[월],">="&피벗값_구분!$X$4,표1[월],"<="&피벗값_구분!$X$5)),0) -> 50674357 | I15: =IFERROR(IF(B15="","",H15/E15),"") -> 0.65063736 | J15: =IFERROR(IF(B15="",0,SUMIFS(표1[생산원가(V-)],표1[매장코드],B15,표1[년],피벗값_구분!$X$2,표1[월],">="&피벗값_구분!$X$4,표1[월],"<="&피벗값_구분!$X$5)),0) -> 34622269 | K15: =IFERROR(IF(B15="",0,SUMIFS(표1[생산원가(V-)],표1[매장코드],B15,표1[년],피벗값_구분!$X$3,표1[월],">="&피벗값_구분!$X$4,표1[월],"<="&피벗값_구분!$X$5)),0) -> 24510267 | L15: =IFERROR(IF(B15="","",E15/1.1/K15),"") -> 2.8887405 | M15: =IFERROR(IF(B15="",0,SUMIFS(표1[총경비],표1[매장코드],B15,표1[년],피벗값_구분!$X$2,표1[월],">="&피벗값_구분!$X$4,표1[월],"<="&피벗값_구분!$X$5)),0) -> 23699270 | N15: =IFERROR(IF(B15="",0,SUMIFS(표1[총경비],표1[매장코드],B15,표1[년],피벗값_구분!$X$3,표1[월],">="&피벗값_구분!$X$4,표1[월],"<="&피벗값_구분!$X$5)),0) -> 19769880 | O15: =IFERROR(IF(B15="","",N15/E15),"") -> 0.25383692 | P15: =IFERROR(IF(B15="",0,SUMIFS(표1[영업이익(V-)],표1[매장코드],B15,표1[년],피벗값_구분!$X$2,표1[월],">="&피벗값_구분!$X$4,표1[월],"<="&피벗값_구분!$X$5)),0) -> 24360830 | Q15: =IFERROR(IF(B15="",0,SUMIFS(표1[영업이익(V-)],표1[매장코드],B15,표1[년],피벗값_구분!$X$3,표1[월],">="&피벗값_구분!$X$4,표1[월],"<="&피벗값_구분!$X$5)),0) -> 21557331 | R15: =IFERROR(IF(B15="","",Q15/(E15/1.1)),"") -> 0.30446573 | S15: =Q15/$Q$70 -> 0.0044501192 | T15: =IF(B15="","",Q15-P15) -> -2803499
B16: =IFERROR(INDEX(구분!$B:$B,MATCH(11,구분!$E:$E,0)),"") -> 00125 | C16: =IFERROR(VLOOKUP(B16,구분!$B:$C,2,0),"") -> 롯데구리점 | D16: =IFERROR(IF(B16="",0,SUMIFS(표1[매출금액],표1[매장코드],B16,표1[년],피벗값_구분!$X$2,표1[월],">="&피벗값_구분!$X$4,표1[월],"<="&피벗값_구분!$X$5)),0) -> 143276750 | E16: =IFERROR(IF(B16="",0,SUMIFS(표1[매출금액],표1[매장코드],B16,표1[년],피벗값_구분!$X$3,표1[월],">="&피벗값_구분!$X$4,표1[월],"<="&피벗값_구분!$X$5)),0) -> 181778830 | F16: =IFERROR(IF(B16="","",(E16-D16)/D16),"") -> 0.26872525 | G16: =IFERROR(IF(B16="",0,SUMIFS(표1[수금액(V+)],표1[매장코드],B16,표1[년],피벗값_구분!$X$2,표1[월],">="&피벗값_구분!$X$4,표1[월],"<="&피벗값_구분!$X$5)),0) -> 91821991 | H16: =IFERROR(IF(B16="",0,SUMIFS(표1[수금액(V+)],표1[매장코드],B16,표1[년],피벗값_구분!$X$3,표1[월],">="&피벗값_구분!$X$4,표1[월],"<="&피벗값_구분!$X$5)),0) -> 116523928 | I16: =IFERROR(IF(B16="","",H16/E16),"") -> 0.64102034 | J16: =IFERROR(IF(B16="",0,SUMIFS(표1[생산원가(V-)],표1[매장코드],B16,표1[년],피벗값_구분!$X$2,표1[월],">="&피벗값_구분!$X$4,표1[월],"<="&피벗값_구분!$X$5)),0) -> 44530712 | K16: =IFERROR(IF(B16="",0,SUMIFS(표1[생산원가(V-)],표1[매장코드],B16,표1[년],피벗값_구분!$X$3,표1[월],">="&피벗값_구분!$X$4,표1[월],"<="&피벗값_구분!$X$5)),0) -> 52199820 | L16: =IFERROR(IF(B16="","",E16/1.1/K16),"") -> 3.1657864 | M16: =IFERROR(IF(B16="",0,SUMIFS(표1[총경비],표1[매장코드],B16,표1[년],피벗값_구분!$X$2,표1[월],">="&피벗값_구분!$X$4,표1[월],"<="&피벗값_구분!$X$5)),0) -> 29016700 | N16: =IFERROR(IF(B16="",0,SUMIFS(표1[총경비],표1[매장코드],B16,표1[년],피벗값_구분!$X$3,표1[월],">="&피벗값_구분!$X$4,표1[월],"<="&피벗값_구분!$X$5)),0) -> 29188010 | O16: =IFERROR(IF(B16="","",N16/E16),"") -> 0.16056881 | P16: =IFERROR(IF(B16="",0,SUMIFS(표1[영업이익(V-)],표1[매장코드],B16,표1[년],피벗값_구분!$X$2,표1[월],">="&피벗값_구분!$X$4,표1[월],"<="&피벗값_구분!$X$5)),0) -> 38943825 | Q16: =IFERROR(IF(B16="",0,SUMIFS(표1[영업이익(V-)],표1[매장코드],B16,표1[년],피벗값_구분!$X$3,표1[월],">="&피벗값_구분!$X$4,표1[월],"<="&피벗값_구분!$X$5)),0) -> 53731024 | R16: =IFERROR(IF(B16="","",Q16/(E16/1.1)),"") -> 0.32514307 | S16: =Q16/$Q$70 -> 0.011091793 | T16: =IF(B16="","",Q16-P16) -> 14787199
B17: =IFERROR(INDEX(구분!$B:$B,MATCH(12,구분!$E:$E,0)),"") -> 00126 | C17: =IFERROR(VLOOKUP(B17,구분!$B:$C,2,0),"") -> 롯데영등포점 | D17: =IFERROR(IF(B17="",0,SUMIFS(표1[매출금액],표1[매장코드],B17,표1[년],피벗값_구분!$X$2,표1[월],">="&피벗값_구분!$X$4,표1[월],"<="&피벗값_구분!$X$5)),0) -> 177711470 | E17: =IFERROR(IF(B17="",0,SUMIFS(표1[매출금액],표1[매장코드],B17,표1[년],피벗값_구분!$X$3,표1[월],">="&피벗값_구분!$X$4,표1[월],"<="&피벗값_구분!$X$5)),0) -> 189650540 | F17: =IFERROR(IF(B17="","",(E17-D17)/D17),"") -> 0.067182326 | G17: =IFERROR(IF(B17="",0,SUMIFS(표1[수금액(V+)],표1[매장코드],B17,표1[년],피벗값_구분!$X$2,표1[월],">="&피벗값_구분!$X$4,표1[월],"<="&피벗값_구분!$X$5)),0) -> 113866604 | H17: =IFERROR(IF(B17="",0,SUMIFS(표1[수금액(V+)],표1[매장코드],B17,표1[년],피벗값_구분!$X$3,표1[월],">="&피벗값_구분!$X$4,표1[월],"<="&피벗값_구분!$X$5)),0) -> 121334561 | I17: =IFERROR(IF(B17="","",H17/E17),"") -> 0.63977968 | J17: =IFERROR(IF(B17="",0,SUMIFS(표1[생산원가(V-)],표1[매장코드],B17,표1[년],피벗값_구분!$X$2,표1[월],">="&피벗값_구분!$X$4,표1[월],"<="&피벗값_구분!$X$5)),0) -> 56681074 | K17: =IFERROR(IF(B17="",0,SUMIFS(표1[생산원가(V-)],표1[매장코드],B17,표1[년],피벗값_구분!$X$3,표1[월],">="&피벗값_구분!$X$4,표1[월],"<="&피벗값_구분!$X$5)),0) -> 56747511 | L17: =IFERROR(IF(B17="","",E17/1.1/K17),"") -> 3.0381876 | M17: =IFERROR(IF(B17="",0,SUMIFS(표1[총경비],표1[매장코드],B17,표1[년],피벗값_구분!$X$2,표1[월],">="&피벗값_구분!$X$4,표1[월],"<="&피벗값_구분!$X$5)),0) -> 25461490 | N17: =IFERROR(IF(B17="",0,SUMIFS(표1[총경비],표1[매장코드],B17,표1[년],피벗값_구분!$X$3,표1[월],">="&피벗값_구분!$X$4,표1[월],"<="&피벗값_구분!$X$5)),0) -> 27190460 | O17: =IFERROR(IF(B17="","",N17/E17),"") -> 0.14337138 | P17: =IFERROR(IF(B17="",0,SUMIFS(표1[영업이익(V-)],표1[매장코드],B17,표1[년],피벗값_구분!$X$2,표1[월],">="&피벗값_구분!$X$4,표1[월],"<="&피벗값_구분!$X$5)),0) -> 46834021 | Q17: =IFERROR(IF(B17="",0,SUMIFS(표1[영업이익(V-)],표1[매장코드],B17,표1[년],피벗값_구분!$X$3,표1[월],">="&피벗값_구분!$X$4,표1[월],"<="&피벗값_구분!$X$5)),0) -> 53556635 | R17: =IFERROR(IF(B17="","",Q17/(E17/1.1)),"") -> 0.31063607 | S17: =Q17/$Q$70 -> 0.011055794 | T17: =IF(B17="","",Q17-P17) -> 6722614
B18: =IFERROR(INDEX(구분!$B:$B,MATCH(13,구분!$E:$E,0)),"") -> 00128 | C18: =IFERROR(VLOOKUP(B18,구분!$B:$C,2,0),"") -> 롯데부산본점 | D18: =IFERROR(IF(B18="",0,SUMIFS(표1[매출금액],표1[매장코드],B18,표1[년],피벗값_구분!$X$2,표1[월],">="&피벗값_구분!$X$4,표1[월],"<="&피벗값_구분!$X$5)),0) -> 318432220 | E18: =IFERROR(IF(B18="",0,SUMIFS(표1[매출금액],표1[매장코드],B18,표1[년],피벗값_구분!$X$3,표1[월],">="&피벗값_구분!$X$4,표1[월],"<="&피벗값_구분!$X$5)),0) -> 341686200 | F18: =IFERROR(IF(B18="","",(E18-D18)/D18),"") -> 0.073026467 | G18: =IFERROR(IF(B18="",0,SUMIFS(표1[수금액(V+)],표1[매장코드],B18,표1[년],피벗값_구분!$X$2,표1[월],">="&피벗값_구분!$X$4,표1[월],"<="&피벗값_구분!$X$5)),0) -> 203796169 | H18: =IFERROR(IF(B18="",0,SUMIFS(표1[수금액(V+)],표1[매장코드],B18,표1[년],피벗값_구분!$X$3,표1[월],">="&피벗값_구분!$X$4,표1[월],"<="&피벗값_구분!$X$5)),0) -> 218843755 | I18: =IFERROR(IF(B18="","",H18/E18),"") -> 0.64048169 | J18: =IFERROR(IF(B18="",0,SUMIFS(표1[생산원가(V-)],표1[매장코드],B18,표1[년],피벗값_구분!$X$2,표1[월],">="&피벗값_구분!$X$4,표1[월],"<="&피벗값_구분!$X$5)),0) -> 93232490 | K18: =IFERROR(IF(B18="",0,SUMIFS(표1[생산원가(V-)],표1[매장코드],B18,표1[년],피벗값_구분!$X$3,표1[월],">="&피벗값_구분!$X$4,표1[월],"<="&피벗값_구분!$X$5)),0) -> 97968242 | L18: =IFERROR(IF(B18="","",E18/1.1/K18),"") -> 3.1706583 | M18: =IFERROR(IF(B18="",0,SUMIFS(표1[총경비],표1[매장코드],B18,표1[년],피벗값_구분!$X$2,표1[월],">="&피벗값_구분!$X$4,표1[월],"<="&피벗값_구분!$X$5)),0) -> 36971910 | N18: =IFERROR(IF(B18="",0,SUMIFS(표1[총경비],표1[매장코드],B18,표1[년],피벗값_구분!$X$3,표1[월],">="&피벗값_구분!$X$4,표1[월],"<="&피벗값_구분!$X$5)),0) -> 36020670 | O18: =IFERROR(IF(B18="","",N18/E18),"") -> 0.10542032 | P18: =IFERROR(IF(B18="",0,SUMIFS(표1[영업이익(V-)],표1[매장코드],B18,표1[년],피벗값_구분!$X$2,표1[월],">="&피벗값_구분!$X$4,표1[월],"<="&피벗값_구분!$X$5)),0) -> 92036754 | Q18: =IFERROR(IF(B18="",0,SUMIFS(표1[영업이익(V-)],표1[매장코드],B18,표1[년],피벗값_구분!$X$3,표1[월],">="&피벗값_구분!$X$4,표1[월],"<="&피벗값_구분!$X$5)),0) -> 100980625 | R18: =IFERROR(IF(B18="","",Q18/(E18/1.1)),"") -> 0.32508977 | S18: =Q18/$Q$70 -> 0.020845615 | T18: =IF(B18="","",Q18-P18) -> 8943871
B19: =IFERROR(INDEX(구분!$B:$B,MATCH(14,구분!$E:$E,0)),"") -> 00129 | C19: =IFERROR(VLOOKUP(B19,구분!$B:$C,2,0),"") -> 롯데평촌점 | D19: =IFERROR(IF(B19="",0,SUMIFS(표1[매출금액],표1[매장코드],B19,표1[년],피벗값_구분!$X$2,표1[월],">="&피벗값_구분!$X$4,표1[월],"<="&피벗값_구분!$X$5)),0) -> 295984510 | E19: =IFERROR(IF(B19="",0,SUMIFS(표1[매출금액],표1[매장코드],B19,표1[년],피벗값_구분!$X$3,표1[월],">="&피벗값_구분!$X$4,표1[월],"<="&피벗값_구분!$X$5)),0) -> 355223110 | F19: =IFERROR(IF(B19="","",(E19-D19)/D19),"") -> 0.20014088 | G19: =IFERROR(IF(B19="",0,SUMIFS(표1[수금액(V+)],표1[매장코드],B19,표1[년],피벗값_구분!$X$2,표1[월],">="&피벗값_구분!$X$4,표1[월],"<="&피벗값_구분!$X$5)),0) -> 189974329 | H19: =IFERROR(IF(B19="",0,SUMIFS(표1[수금액(V+)],표1[매장코드],B19,표1[년],피벗값_구분!$X$3,표1[월],">="&피벗값_구분!$X$4,표1[월],"<="&피벗값_구분!$X$5)),0) -> 227708060 | I19: =IFERROR(IF(B19="","",H19/E19),"") -> 0.64102828 | J19: =IFERROR(IF(B19="",0,SUMIFS(표1[생산원가(V-)],표1[매장코드],B19,표1[년],피벗값_구분!$X$2,표1[월],">="&피벗값_구분!$X$4,표1[월],"<="&피벗값_구분!$X$5)),0) -> 92654598 | K19: =IFERROR(IF(B19="",0,SUMIFS(표1[생산원가(V-)],표1[매장코드],B19,표1[년],피벗값_구분!$X$3,표1[월],">="&피벗값_구분!$X$4,표1[월],"<="&피벗값_구분!$X$5)),0) -> 102007171 | L19: =IFERROR(IF(B19="","",E19/1.1/K19),"") -> 3.1657588 | M19: =IFERROR(IF(B19="",0,SUMIFS(표1[총경비],표1[매장코드],B19,표1[년],피벗값_구분!$X$2,표1[월],">="&피벗값_구분!$X$4,표1[월],"<="&피벗값_구분!$X$5)),0) -> 38190450 | N19: =IFERROR(IF(B19="",0,SUMIFS(표1[총경비],표1[매장코드],B19,표1[년],피벗값_구분!$X$3,표1[월],">="&피벗값_구분!$X$4,표1[월],"<="&피벗값_구분!$X$5)),0) -> 49458840 | O19: =IFERROR(IF(B19="","",N19/E19),"") -> 0.13923317 | P19: =IFERROR(IF(B19="",0,SUMIFS(표1[영업이익(V-)],표1[매장코드],B19,표1[년],피벗값_구분!$X$2,표1[월],">="&피벗값_구분!$X$4,표1[월],"<="&피벗값_구분!$X$5)),0) -> 80049337 | Q19: =IFERROR(IF(B19="",0,SUMIFS(표1[영업이익(V-)],표1[매장코드],B19,표1[년],피벗값_구분!$X$3,표1[월],">="&피벗값_구분!$X$4,표1[월],"<="&피벗값_구분!$X$5)),0) -> 105000157 | R19: =IFERROR(IF(B19="","",Q19/(E19/1.1)),"") -> 0.32514825 | S19: =Q19/$Q$70 -> 0.021675374 | T19: =IF(B19="","",Q19-P19) -> 24950820
B20: =IFERROR(INDEX(구분!$B:$B,MATCH(15,구분!$E:$E,0)),"") -> 00130 | C20: =IFERROR(VLOOKUP(B20,구분!$B:$C,2,0),"") -> 롯데안산점 | D20: =IFERROR(IF(B20="",0,SUMIFS(표1[매출금액],표1[매장코드],B20,표1[년],피벗값_구분!$X$2,표1[월],">="&피벗값_구분!$X$4,표1[월],"<="&피벗값_구분!$X$5)),0) -> 159382210 | E20: =IFERROR(IF(B20="",0,SUMIFS(표1[매출금액],표1[매장코드],B20,표1[년],피벗값_구분!$X$3,표1[월],">="&피벗값_구분!$X$4,표1[월],"<="&피벗값_구분!$X$5)),0) -> 157492840 | F20: =IFERROR(IF(B20="","",(E20-D20)/D20),"") -> -0.011854334 | G20: =IFERROR(IF(B20="",0,SUMIFS(표1[수금액(V+)],표1[매장코드],B20,표1[년],피벗값_구분!$X$2,표1[월],">="&피벗값_구분!$X$4,표1[월],"<="&피벗값_구분!$X$5)),0) -> 104289246 | H20: =IFERROR(IF(B20="",0,SUMIFS(표1[수금액(V+)],표1[매장코드],B20,표1[년],피벗값_구분!$X$3,표1[월],">="&피벗값_구분!$X$4,표1[월],"<="&피벗값_구분!$X$5)),0) -> 103944753 | I20: =IFERROR(IF(B20="","",H20/E20),"") -> 0.65999669 | J20: =IFERROR(IF(B20="",0,SUMIFS(표1[생산원가(V-)],표1[매장코드],B20,표1[년],피벗값_구분!$X$2,표1[월],">="&피벗값_구분!$X$4,표1[월],"<="&피벗값_구분!$X$5)),0) -> 48184072 | K20: =IFERROR(IF(B20="",0,SUMIFS(표1[생산원가(V-)],표1[매장코드],B20,표1[년],피벗값_구분!$X$3,표1[월],">="&피벗값_구분!$X$4,표1[월],"<="&피벗값_구분!$X$5)),0) -> 49094753 | L20: =IFERROR(IF(B20="","",E20/1.1/K20),"") -> 2.9163057 | M20: =IFERROR(IF(B20="",0,SUMIFS(표1[총경비],표1[매장코드],B20,표1[년],피벗값_구분!$X$2,표1[월],">="&피벗값_구분!$X$4,표1[월],"<="&피벗값_구분!$X$5)),0) -> 28404420 | N20: =IFERROR(IF(B20="",0,SUMIFS(표1[총경비],표1[매장코드],B20,표1[년],피벗값_구분!$X$3,표1[월],">="&피벗값_구분!$X$4,표1[월],"<="&피벗값_구분!$X$5)),0) -> 30288810 | O20: =IFERROR(IF(B20="","",N20/E20),"") -> 0.19231865 | P20: =IFERROR(IF(B20="",0,SUMIFS(표1[영업이익(V-)],표1[매장코드],B20,표1[년],피벗값_구분!$X$2,표1[월],">="&피벗값_구분!$X$4,표1[월],"<="&피벗값_구분!$X$5)),0) -> 46624334 | Q20: =IFERROR(IF(B20="",0,SUMIFS(표1[영업이익(V-)],표1[매장코드],B20,표1[년],피벗값_구분!$X$3,표1[월],">="&피벗값_구분!$X$4,표1[월],"<="&피벗값_구분!$X$5)),0) -> 45400476 | R20: =IFERROR(IF(B20="","",Q20/(E20/1.1)),"") -> 0.3170971 | S20: =Q20/$Q$70 -> 0.0093721031 | T20: =IF(B20="","",Q20-P20) -> -1223858
B21: =IFERROR(INDEX(구분!$B:$B,MATCH(16,구분!$E:$E,0)),"") -> 00131 | C21: =IFERROR(VLOOKUP(B21,구분!$B:$C,2,0),"") -> 롯데노원점 | D21: =IFERROR(IF(B21="",0,SUMIFS(표1[매출금액],표1[매장코드],B21,표1[년],피벗값_구분!$X$2,표1[월],">="&피벗값_구분!$X$4,표1[월],"<="&피벗값_구분!$X$5)),0) -> 197303730 | E21: =IFERROR(IF(B21="",0,SUMIFS(표1[매출금액],표1[매장코드],B21,표1[년],피벗값_구분!$X$3,표1[월],">="&피벗값_구분!$X$4,표1[월],"<="&피벗값_구분!$X$5)),0) -> 191897800 | F21: =IFERROR(IF(B21="","",(E21-D21)/D21),"") -> -0.027399026 | G21: =IFERROR(IF(B21="",0,SUMIFS(표1[수금액(V+)],표1[매장코드],B21,표1[년],피벗값_구분!$X$2,표1[월],">="&피벗값_구분!$X$4,표1[월],"<="&피벗값_구분!$X$5)),0) -> 126353289 | H21: =IFERROR(IF(B21="",0,SUMIFS(표1[수금액(V+)],표1[매장코드],B21,표1[년],피벗값_구분!$X$3,표1[월],">="&피벗값_구분!$X$4,표1[월],"<="&피벗값_구분!$X$5)),0) -> 122853458 | I21: =IFERROR(IF(B21="","",H21/E21),"") -> 0.64020253 | J21: =IFERROR(IF(B21="",0,SUMIFS(표1[생산원가(V-)],표1[매장코드],B21,표1[년],피벗값_구분!$X$2,표1[월],">="&피벗값_구분!$X$4,표1[월],"<="&피벗값_구분!$X$5)),0) -> 60864187 | K21: =IFERROR(IF(B21="",0,SUMIFS(표1[생산원가(V-)],표1[매장코드],B21,표1[년],피벗값_구분!$X$3,표1[월],">="&피벗값_구분!$X$4,표1[월],"<="&피벗값_구분!$X$5)),0) -> 54260858 | L21: =IFERROR(IF(B21="","",E21/1.1/K21),"") -> 3.2150716 | M21: =IFERROR(IF(B21="",0,SUMIFS(표1[총경비],표1[매장코드],B21,표1[년],피벗값_구분!$X$2,표1[월],">="&피벗값_구분!$X$4,표1[월],"<="&피벗값_구분!$X$5)),0) -> 28694950 | N21: =IFERROR(IF(B21="",0,SUMIFS(표1[총경비],표1[매장코드],B21,표1[년],피벗값_구분!$X$3,표1[월],">="&피벗값_구분!$X$4,표1[월],"<="&피벗값_구분!$X$5)),0) -> 28157190 | O21: =IFERROR(IF(B21="","",N21/E21),"") -> 0.14673013 | P21: =IFERROR(IF(B21="",0,SUMIFS(표1[영업이익(V-)],표1[매장코드],B21,표1[년],피벗값_구분!$X$2,표1[월],">="&피벗값_구분!$X$4,표1[월],"<="&피벗값_구분!$X$5)),0) -> 54002440 | Q21: =IFERROR(IF(B21="",0,SUMIFS(표1[영업이익(V-)],표1[매장코드],B21,표1[년],피벗값_구분!$X$3,표1[월],">="&피벗값_구분!$X$4,표1[월],"<="&피벗값_구분!$X$5)),0) -> 57424103 | R21: =IFERROR(IF(B21="","",Q21/(E21/1.1)),"") -> 0.32916747 | S21: =Q21/$Q$70 -> 0.011854162 | T21: =IF(B21="","",Q21-P21) -> 3421663
B22: =IFERROR(INDEX(구분!$B:$B,MATCH(17,구분!$E:$E,0)),"") -> 00132 | C22: =IFERROR(VLOOKUP(B22,구분!$B:$C,2,0),"") -> 롯데광복점 | D22: =IFERROR(IF(B22="",0,SUMIFS(표1[매출금액],표1[매장코드],B22,표1[년],피벗값_구분!$X$2,표1[월],">="&피벗값_구분!$X$4,표1[월],"<="&피벗값_구분!$X$5)),0) -> 148429910 | E22: =IFERROR(IF(B22="",0,SUMIFS(표1[매출금액],표1[매장코드],B22,표1[년],피벗값_구분!$X$3,표1[월],">="&피벗값_구분!$X$4,표1[월],"<="&피벗값_구분!$X$5)),0) -> 169389600 | F22: =IFERROR(IF(B22="","",(E22-D22)/D22),"") -> 0.14120934 | G22: =IFERROR(IF(B22="",0,SUMIFS(표1[수금액(V+)],표1[매장코드],B22,표1[년],피벗값_구분!$X$2,표1[월],">="&피벗값_구분!$X$4,표1[월],"<="&피벗값_구분!$X$5)),0) -> 95098681 | H22: =IFERROR(IF(B22="",0,SUMIFS(표1[수금액(V+)],표1[매장코드],B22,표1[년],피벗값_구분!$X$3,표1[월],">="&피벗값_구분!$X$4,표1[월],"<="&피벗값_구분!$X$5)),0) -> 108599095 | I22: =IFERROR(IF(B22="","",H22/E22),"") -> 0.6411202 | J22: =IFERROR(IF(B22="",0,SUMIFS(표1[생산원가(V-)],표1[매장코드],B22,표1[년],피벗값_구분!$X$2,표1[월],">="&피벗값_구분!$X$4,표1[월],"<="&피벗값_구분!$X$5)),0) -> 44909984 | K22: =IFERROR(IF(B22="",0,SUMIFS(표1[생산원가(V-)],표1[매장코드],B22,표1[년],피벗값_구분!$X$3,표1[월],">="&피벗값_구분!$X$4,표1[월],"<="&피벗값_구분!$X$5)),0) -> 47622024 | L22: =IFERROR(IF(B22="","",E22/1.1/K22),"") -> 3.2335993 | M22: =IFERROR(IF(B22="",0,SUMIFS(표1[총경비],표1[매장코드],B22,표1[년],피벗값_구분!$X$2,표1[월],">="&피벗값_구분!$X$4,표1[월],"<="&피벗값_구분!$X$5)),0) -> 28879830 | N22: =IFERROR(IF(B22="",0,SUMIFS(표1[총경비],표1[매장코드],B22,표1[년],피벗값_구분!$X$3,표1[월],">="&피벗값_구분!$X$4,표1[월],"<="&피벗값_구분!$X$5)),0) -> 29722360 | O22: =IFERROR(IF(B22="","",N22/E22),"") -> 0.17546744 | P22: =IFERROR(IF(B22="",0,SUMIFS(표1[영업이익(V-)],표1[매장코드],B22,표1[년],피벗값_구분!$X$2,표1[월],">="&피벗값_구분!$X$4,표1[월],"<="&피벗값_구분!$X$5)),0) -> 41543363 | Q22: =IFERROR(IF(B22="",0,SUMIFS(표1[영업이익(V-)],표1[매장코드],B22,표1[년],피벗값_구분!$X$3,표1[월],">="&피벗값_구분!$X$4,표1[월],"<="&피벗값_구분!$X$5)),0) -> 51104427 | R22: =IFERROR(IF(B22="","",Q22/(E22/1.1)),"") -> 0.3318673 | S22: =Q22/$Q$70 -> 0.01054958 | T22: =IF(B22="","",Q22-P22) -> 9561064
B23: =IFERROR(INDEX(구분!$B:$B,MATCH(18,구분!$E:$E,0)),"") -> 00135 | C23: =IFERROR(VLOOKUP(B23,구분!$B:$C,2,0),"") -> 롯데수원점 | D23: =IFERROR(IF(B23="",0,SUMIFS(표1[매출금액],표1[매장코드],B23,표1[년],피벗값_구분!$X$2,표1[월],">="&피벗값_구분!$X$4,표1[월],"<="&피벗값_구분!$X$5)),0) -> 148514440 | E23: =IFERROR(IF(B23="",0,SUMIFS(표1[매출금액],표1[매장코드],B23,표1[년],피벗값_구분!$X$3,표1[월],">="&피벗값_구분!$X$4,표1[월],"<="&피벗값_구분!$X$5)),0) -> 126271840 | F23: =IFERROR(IF(B23="","",(E23-D23)/D23),"") -> -0.14976725 | G23: =IFERROR(IF(B23="",0,SUMIFS(표1[수금액(V+)],표1[매장코드],B23,표1[년],피벗값_구분!$X$2,표1[월],">="&피벗값_구분!$X$4,표1[월],"<="&피벗값_구분!$X$5)),0) -> 95193670 | H23: =IFERROR(IF(B23="",0,SUMIFS(표1[수금액(V+)],표1[매장코드],B23,표1[년],피벗값_구분!$X$3,표1[월],">="&피벗값_구분!$X$4,표1[월],"<="&피벗값_구분!$X$5)),0) -> 80956443 | I23: =IFERROR(IF(B23="","",H23/E23),"") -> 0.64112824 | J23: =IFERROR(IF(B23="",0,SUMIFS(표1[생산원가(V-)],표1[매장코드],B23,표1[년],피벗값_구분!$X$2,표1[월],">="&피벗값_구분!$X$4,표1[월],"<="&피벗값_구분!$X$5)),0) -> 46119521 | K23: =IFERROR(IF(B23="",0,SUMIFS(표1[생산원가(V-)],표1[매장코드],B23,표1[년],피벗값_구분!$X$3,표1[월],">="&피벗값_구분!$X$4,표1[월],"<="&피벗값_구분!$X$5)),0) -> 37486707 | L23: =IFERROR(IF(B23="","",E23/1.1/K23),"") -> 3.062221 | M23: =IFERROR(IF(B23="",0,SUMIFS(표1[총경비],표1[매장코드],B23,표1[년],피벗값_구분!$X$2,표1[월],">="&피벗값_구분!$X$4,표1[월],"<="&피벗값_구분!$X$5)),0) -> 28682330 | N23: =IFERROR(IF(B23="",0,SUMIFS(표1[총경비],표1[매장코드],B23,표1[년],피벗값_구분!$X$3,표1[월],">="&피벗값_구분!$X$4,표1[월],"<="&피벗값_구분!$X$5)),0) -> 27873090 | O23: =IFERROR(IF(B23="","",N23/E23),"") -> 0.22073876 | P23: =IFERROR(IF(B23="",0,SUMIFS(표1[영업이익(V-)],표1[매장코드],B23,표1[년],피벗값_구분!$X$2,표1[월],">="&피벗값_구분!$X$4,표1[월],"<="&피벗값_구분!$X$5)),0) -> 40420179 | Q23: =IFERROR(IF(B23="",0,SUMIFS(표1[영업이익(V-)],표1[매장코드],B23,표1[년],피벗값_구분!$X$3,표1[월],">="&피벗값_구분!$X$4,표1[월],"<="&피벗값_구분!$X$5)),0) -> 36110059 | R23: =IFERROR(IF(B23="","",Q23/(E23/1.1)),"") -> 0.31456788 | S23: =Q23/$Q$70 -> 0.0074542654 | T23: =IF(B23="","",Q23-P23) -> -4310120
B24: =IFERROR(INDEX(구분!$B:$B,MATCH(19,구분!$E:$E,0)),"") -> 00137 | C24: =IFERROR(VLOOKUP(B24,구분!$B:$C,2,0),"") -> 롯데대구점 | D24: =IFERROR(IF(B24="",0,SUMIFS(표1[매출금액],표1[매장코드],B24,표1[년],피벗값_구분!$X$2,표1[월],">="&피벗값_구분!$X$4,표1[월],"<="&피벗값_구분!$X$5)),0) -> 128179450 | E24: =IFERROR(IF(B24="",0,SUMIFS(표1[매출금액],표1[매장코드],B24,표1[년],피벗값_구분!$X$3,표1[월],">="&피벗값_구분!$X$4,표1[월],"<="&피벗값_구분!$X$5)),0) -> 157533820 | F24: =IFERROR(IF(B24="","",(E24-D24)/D24),"") -> 0.22900995 | G24: =IFERROR(IF(B24="",0,SUMIFS(표1[수금액(V+)],표1[매장코드],B24,표1[년],피벗값_구분!$X$2,표1[월],">="&피벗값_구분!$X$4,표1[월],"<="&피벗값_구분!$X$5)),0) -> 83001721 | H24: =IFERROR(IF(B24="",0,SUMIFS(표1[수금액(V+)],표1[매장코드],B24,표1[년],피벗값_구분!$X$3,표1[월],">="&피벗값_구분!$X$4,표1[월],"<="&피벗값_구분!$X$5)),0) -> 100874574 | I24: =IFERROR(IF(B24="","",H24/E24),"") -> 0.64033599 | J24: =IFERROR(IF(B24="",0,SUMIFS(표1[생산원가(V-)],표1[매장코드],B24,표1[년],피벗값_구분!$X$2,표1[월],">="&피벗값_구분!$X$4,표1[월],"<="&피벗값_구분!$X$5)),0) -> 44147376 | K24: =IFERROR(IF(B24="",0,SUMIFS(표1[생산원가(V-)],표1[매장코드],B24,표1[년],피벗값_구분!$X$3,표1[월],">="&피벗값_구분!$X$4,표1[월],"<="&피벗값_구분!$X$5)),0) -> 49922324 | L24: =IFERROR(IF(B24="","",E24/1.1/K24),"") -> 2.8687079 | M24: =IFERROR(IF(B24="",0,SUMIFS(표1[총경비],표1[매장코드],B24,표1[년],피벗값_구분!$X$2,표1[월],">="&피벗값_구분!$X$4,표1[월],"<="&피벗값_구분!$X$5)),0) -> 29167200 | N24: =IFERROR(IF(B24="",0,SUMIFS(표1[총경비],표1[매장코드],B24,표1[년],피벗값_구분!$X$3,표1[월],">="&피벗값_구분!$X$4,표1[월],"<="&피벗값_구분!$X$5)),0) -> 33749970 | O24: =IFERROR(IF(B24="","",N24/E24),"") -> 0.21423952 | P24: =IFERROR(IF(B24="",0,SUMIFS(표1[영업이익(V-)],표1[매장코드],B24,표1[년],피벗값_구분!$X$2,표1[월],">="&피벗값_구분!$X$4,표1[월],"<="&피벗값_구분!$X$5)),0) -> 31308733 | Q24: =IFERROR(IF(B24="",0,SUMIFS(표1[영업이익(V-)],표1[매장코드],B24,표1[년],피벗값_구분!$X$3,표1[월],">="&피벗값_구분!$X$4,표1[월],"<="&피벗값_구분!$X$5)),0) -> 41781835 | R24: =IFERROR(IF(B24="","",Q24/(E24/1.1)),"") -> 0.29174699 | S24: =Q24/$Q$70 -> 0.0086251005 | T24: =IF(B24="","",Q24-P24) -> 10473102
B25: =IFERROR(INDEX(구분!$B:$B,MATCH(20,구분!$E:$E,0)),"") -> 00139 | C25: =IFERROR(VLOOKUP(B25,구분!$B:$C,2,0),"") -> 롯데전주점 | D25: =IFERROR(IF(B25="",0,SUMIFS(표1[매출금액],표1[매장코드],B25,표1[년],피벗값_구분!$X$2,표1[월],">="&피벗값_구분!$X$4,표1[월],"<="&피벗값_구분!$X$5)),0) -> 149635130 | E25: =IFERROR(IF(B25="",0,SUMIFS(표1[매출금액],표1[매장코드],B25,표1[년],피벗값_구분!$X$3,표1[월],">="&피벗값_구분!$X$4,표1[월],"<="&피벗값_구분!$X$5)),0) -> 156029110 | F25: =IFERROR(IF(B25="","",(E25-D25)/D25),"") -> 0.042730474 | G25: =IFERROR(IF(B25="",0,SUMIFS(표1[수금액(V+)],표1[매장코드],B25,표1[년],피벗값_구분!$X$2,표1[월],">="&피벗값_구분!$X$4,표1[월],"<="&피벗값_구분!$X$5)),0) -> 95900097 | H25: =IFERROR(IF(B25="",0,SUMIFS(표1[수금액(V+)],표1[매장코드],B25,표1[년],피벗값_구분!$X$3,표1[월],">="&피벗값_구분!$X$4,표1[월],"<="&피벗값_구분!$X$5)),0) -> 99906597 | I25: =IFERROR(IF(B25="","",H25/E25),"") -> 0.64030742 | J25: =IFERROR(IF(B25="",0,SUMIFS(표1[생산원가(V-)],표1[매장코드],B25,표1[년],피벗값_구분!$X$2,표1[월],">="&피벗값_구분!$X$4,표1[월],"<="&피벗값_구분!$X$5)),0) -> 42637380 | K25: =IFERROR(IF(B25="",0,SUMIFS(표1[생산원가(V-)],표1[매장코드],B25,표1[년],피벗값_구분!$X$3,표1[월],">="&피벗값_구분!$X$4,표1[월],"<="&피벗값_구분!$X$5)),0) -> 43542863 | L25: =IFERROR(IF(B25="","",E25/1.1/K25),"") -> 3.2575866 | M25: =IFERROR(IF(B25="",0,SUMIFS(표1[총경비],표1[매장코드],B25,표1[년],피벗값_구분!$X$2,표1[월],">="&피벗값_구분!$X$4,표1[월],"<="&피벗값_구분!$X$5)),0) -> 28335220 | N25: =IFERROR(IF(B25="",0,SUMIFS(표1[총경비],표1[매장코드],B25,표1[년],피벗값_구분!$X$3,표1[월],">="&피벗값_구분!$X$4,표1[월],"<="&피벗값_구분!$X$5)),0) -> 28365060 | O25: =IFERROR(IF(B25="","",N25/E25),"") -> 0.18179338 | P25: =IFERROR(IF(B25="",0,SUMIFS(표1[영업이익(V-)],표1[매장코드],B25,표1[년],피벗값_구분!$X$2,표1[월],">="&피벗값_구분!$X$4,표1[월],"<="&피벗값_구분!$X$5)),0) -> 44544527 | Q25: =IFERROR(IF(B25="",0,SUMIFS(표1[영업이익(V-)],표1[매장코드],B25,표1[년],피벗값_구분!$X$3,표1[월],">="&피벗값_구분!$X$4,표1[월],"<="&피벗값_구분!$X$5)),0) -> 47281316 | R25: =IFERROR(IF(B25="","",Q25/(E25/1.1)),"") -> 0.33333169 | S25: =Q25/$Q$70 -> 0.0097603684 | T25: =IF(B25="","",Q25-P25) -> 2736789
B26: =IFERROR(INDEX(구분!$B:$B,MATCH(21,구분!$E:$E,0)),"") -> 00141 | C26: =IFERROR(VLOOKUP(B26,구분!$B:$C,2,0),"") -> 롯데인천터미널점 | D26: =IFERROR(IF(B26="",0,SUMIFS(표1[매출금액],표1[매장코드],B26,표1[년],피벗값_구분!$X$2,표1[월],">="&피벗값_구분!$X$4,표1[월],"<="&피벗값_구분!$X$5)),0) -> 356127100 | E26: =IFERROR(IF(B26="",0,SUMIFS(표1[매출금액],표1[매장코드],B26,표1[년],피벗값_구분!$X$3,표1[월],">="&피벗값_구분!$X$4,표1[월],"<="&피벗값_구분!$X$5)),0) -> 348028640 | F26: =IFERROR(IF(B26="","",(E26-D26)/D26),"") -> -0.022740364 | G26: =IFERROR(IF(B26="",0,SUMIFS(표1[수금액(V+)],표1[매장코드],B26,표1[년],피벗값_구분!$X$2,표1[월],">="&피벗값_구분!$X$4,표1[월],"<="&피벗값_구분!$X$5)),0) -> 228085896 | H26: =IFERROR(IF(B26="",0,SUMIFS(표1[수금액(V+)],표1[매장코드],B26,표1[년],피벗값_구분!$X$3,표1[월],">="&피벗값_구분!$X$4,표1[월],"<="&피벗값_구분!$X$5)),0) -> 222979373 | I26: =IFERROR(IF(B26="","",H26/E26),"") -> 0.6406926 | J26: =IFERROR(IF(B26="",0,SUMIFS(표1[생산원가(V-)],표1[매장코드],B26,표1[년],피벗값_구분!$X$2,표1[월],">="&피벗값_구분!$X$4,표1[월],"<="&피벗값_구분!$X$5)),0) -> 105583227 | K26: =IFERROR(IF(B26="",0,SUMIFS(표1[생산원가(V-)],표1[매장코드],B26,표1[년],피벗값_구분!$X$3,표1[월],">="&피벗값_구분!$X$4,표1[월],"<="&피벗값_구분!$X$5)),0) -> 99808291 | L26: =IFERROR(IF(B26="","",E26/1.1/K26),"") -> 3.1699739 | M26: =IFERROR(IF(B26="",0,SUMIFS(표1[총경비],표1[매장코드],B26,표1[년],피벗값_구분!$X$2,표1[월],">="&피벗값_구분!$X$4,표1[월],"<="&피벗값_구분!$X$5)),0) -> 47477860 | N26: =IFERROR(IF(B26="",0,SUMIFS(표1[총경비],표1[매장코드],B26,표1[년],피벗값_구분!$X$3,표1[월],">="&피벗값_구분!$X$4,표1[월],"<="&피벗값_구분!$X$5)),0) -> 46266070 | O26: =IFERROR(IF(B26="","",N26/E26),"") -> 0.13293754 | P26: =IFERROR(IF(B26="",0,SUMIFS(표1[영업이익(V-)],표1[매장코드],B26,표1[년],피벗값_구분!$X$2,표1[월],">="&피벗값_구분!$X$4,표1[월],"<="&피벗값_구분!$X$5)),0) -> 101767587 | Q26: =IFERROR(IF(B26="",0,SUMIFS(표1[영업이익(V-)],표1[매장코드],B26,표1[년],피벗값_구분!$X$3,표1[월],">="&피벗값_구분!$X$4,표1[월],"<="&피벗값_구분!$X$5)),0) -> 102900230 | R26: =IFERROR(IF(B26="","",Q26/(E26/1.1)),"") -> 0.32523258 | S26: =Q26/$Q$70 -> 0.021241882 | T26: =IF(B26="","",Q26-P26) -> 1132643
B27: =IFERROR(INDEX(구분!$B:$B,MATCH(22,구분!$E:$E,0)),"") -> 00142 | C27: =IFERROR(VLOOKUP(B27,구분!$B:$C,2,0),"") -> 롯데동탄점 | D27: =IFERROR(IF(B27="",0,SUMIFS(표1[매출금액],표1[매장코드],B27,표1[년],피벗값_구분!$X$2,표1[월],">="&피벗값_구분!$X$4,표1[월],"<="&피벗값_구분!$X$5)),0) -> 250689340 | E27: =IFERROR(IF(B27="",0,SUMIFS(표1[매출금액],표1[매장코드],B27,표1[년],피벗값_구분!$X$3,표1[월],">="&피벗값_구분!$X$4,표1[월],"<="&피벗값_구분!$X$5)),0) -> 324186670 | F27: =IFERROR(IF(B27="","",(E27-D27)/D27),"") -> 0.29318091 | G27: =IFERROR(IF(B27="",0,SUMIFS(표1[수금액(V+)],표1[매장코드],B27,표1[년],피벗값_구분!$X$2,표1[월],">="&피벗값_구분!$X$4,표1[월],"<="&피벗값_구분!$X$5)),0) -> 160592051 | H27: =IFERROR(IF(B27="",0,SUMIFS(표1[수금액(V+)],표1[매장코드],B27,표1[년],피벗값_구분!$X$3,표1[월],">="&피벗값_구분!$X$4,표1[월],"<="&피벗값_구분!$X$5)),0) -> 208990633 | I27: =IFERROR(IF(B27="","",H27/E27),"") -> 0.6446614 | J27: =IFERROR(IF(B27="",0,SUMIFS(표1[생산원가(V-)],표1[매장코드],B27,표1[년],피벗값_구분!$X$2,표1[월],">="&피벗값_구분!$X$4,표1[월],"<="&피벗값_구분!$X$5)),0) -> 73856648 | K27: =IFERROR(IF(B27="",0,SUMIFS(표1[생산원가(V-)],표1[매장코드],B27,표1[년],피벗값_구분!$X$3,표1[월],">="&피벗값_구분!$X$4,표1[월],"<="&피벗값_구분!$X$5)),0) -> 92593622 | L27: =IFERROR(IF(B27="","",E27/1.1/K27),"") -> 3.1828883 | M27: =IFERROR(IF(B27="",0,SUMIFS(표1[총경비],표1[매장코드],B27,표1[년],피벗값_구분!$X$2,표1[월],">="&피벗값_구분!$X$4,표1[월],"<="&피벗값_구분!$X$5)),0) -> 37644830 | N27: =IFERROR(IF(B27="",0,SUMIFS(표1[총경비],표1[매장코드],B27,표1[년],피벗값_구분!$X$3,표1[월],">="&피벗값_구분!$X$4,표1[월],"<="&피벗값_구분!$X$5)),0) -> 40703050 | O27: =IFERROR(IF(B27="","",N27/E27),"") -> 0.12555436 | P27: =IFERROR(IF(B27="",0,SUMIFS(표1[영업이익(V-)],표1[매장코드],B27,표1[년],피벗값_구분!$X$2,표1[월],">="&피벗값_구분!$X$4,표1[월],"<="&피벗값_구분!$X$5)),0) -> 72136126 | Q27: =IFERROR(IF(B27="",0,SUMIFS(표1[영업이익(V-)],표1[매장코드],B27,표1[년],피벗값_구분!$X$3,표1[월],">="&피벗값_구분!$X$4,표1[월],"<="&피벗값_구분!$X$5)),0) -> 97397864 | R27: =IFERROR(IF(B27="","",Q27/(E27/1.1)),"") -> 0.33048136 | S27: =Q27/$Q$70 -> 0.020106019 | T27: =IF(B27="","",Q27-P27) -> 25261738
B28: =IFERROR(INDEX(구분!$B:$B,MATCH(23,구분!$E:$E,0)),"") -> 00201 | C28: =IFERROR(VLOOKUP(B28,구분!$B:$C,2,0),"") -> 현대천호점 | D28: =IFERROR(IF(B28="",0,SUMIFS(표1[매출금액],표1[매장코드],B28,표1[년],피벗값_구분!$X$2,표1[월],">="&피벗값_구분!$X$4,표1[월],"<="&피벗값_구분!$X$5)),0) -> 459385100 | E28: =IFERROR(IF(B28="",0,SUMIFS(표1[매출금액],표1[매장코드],B28,표1[년],피벗값_구분!$X$3,표1[월],">="&피벗값_구분!$X$4,표1[월],"<="&피벗값_구분!$X$5)),0) -> 429974100 | F28: =IFERROR(IF(B28="","",(E28-D28)/D28),"") -> -0.064022538 | G28: =IFERROR(IF(B28="",0,SUMIFS(표1[수금액(V+)],표1[매장코드],B28,표1[년],피벗값_구분!$X$2,표1[월],">="&피벗값_구분!$X$4,표1[월],"<="&피벗값_구분!$X$5)),0) -> 296514959 | H28: =IFERROR(IF(B28="",0,SUMIFS(표1[수금액(V+)],표1[매장코드],B28,표1[년],피벗값_구분!$X$3,표1[월],">="&피벗값_구분!$X$4,표1[월],"<="&피벗값_구분!$X$5)),0) -> 272071310 | I28: =IFERROR(IF(B28="","",H28/E28),"") -> 0.63276209 | J28: =IFERROR(IF(B28="",0,SUMIFS(표1[생산원가(V-)],표1[매장코드],B28,표1[년],피벗값_구분!$X$2,표1[월],">="&피벗값_구분!$X$4,표1[월],"<="&피벗값_구분!$X$5)),0) -> 142519248 | K28: =IFERROR(IF(B28="",0,SUMIFS(표1[생산원가(V-)],표1[매장코드],B28,표1[년],피벗값_구분!$X$3,표1[월],">="&피벗값_구분!$X$4,표1[월],"<="&피벗값_구분!$X$5)),0) -> 123827362 | L28: =IFERROR(IF(B28="","",E28/1.1/K28),"") -> 3.1566977 | M28: =IFERROR(IF(B28="",0,SUMIFS(표1[총경비],표1[매장코드],B28,표1[년],피벗값_구분!$X$2,표1[월],">="&피벗값_구분!$X$4,표1[월],"<="&피벗값_구분!$X$5)),0) -> 66581120 | N28: =IFERROR(IF(B28="",0,SUMIFS(표1[총경비],표1[매장코드],B28,표1[년],피벗값_구분!$X$3,표1[월],">="&피벗값_구분!$X$4,표1[월],"<="&피벗값_구분!$X$5)),0) -> 62259800 | O28: =IFERROR(IF(B28="","",N28/E28),"") -> 0.14479895 | P28: =IFERROR(IF(B28="",0,SUMIFS(표1[영업이익(V-)],표1[매장코드],B28,표1[년],피벗값_구분!$X$2,표1[월],">="&피벗값_구분!$X$4,표1[월],"<="&피벗값_구분!$X$5)),0) -> 127039806 | Q28: =IFERROR(IF(B28="",0,SUMIFS(표1[영업이익(V-)],표1[매장코드],B28,표1[년],피벗값_구분!$X$3,표1[월],">="&피벗값_구분!$X$4,표1[월],"<="&피벗값_구분!$X$5)),0) -> 123510191 | R28: =IFERROR(IF(B28="","",Q28/(E28/1.1)),"") -> 0.31597533 | S28: =Q28/$Q$70 -> 0.025496434 | T28: =IF(B28="","",Q28-P28) -> -3529615
B29: =IFERROR(INDEX(구분!$B:$B,MATCH(24,구분!$E:$E,0)),"") -> 00203 | C29: =IFERROR(VLOOKUP(B29,구분!$B:$C,2,0),"") -> 현대울산점 | D29: =IFERROR(IF(B29="",0,SUMIFS(표1[매출금액],표1[매장코드],B29,표1[년],피벗값_구분!$X$2,표1[월],">="&피벗값_구분!$X$4,표1[월],"<="&피벗값_구분!$X$5)),0) -> 310578900 | E29: =IFERROR(IF(B29="",0,SUMIFS(표1[매출금액],표1[매장코드],B29,표1[년],피벗값_구분!$X$3,표1[월],">="&피벗값_구분!$X$4,표1[월],"<="&피벗값_구분!$X$5)),0) -> 347567300 | F29: =IFERROR(IF(B29="","",(E29-D29)/D29),"") -> 0.11909502 | G29: =IFERROR(IF(B29="",0,SUMIFS(표1[수금액(V+)],표1[매장코드],B29,표1[년],피벗값_구분!$X$2,표1[월],">="&피벗값_구분!$X$4,표1[월],"<="&피벗값_구분!$X$5)),0) -> 209572259 | H29: =IFERROR(IF(B29="",0,SUMIFS(표1[수금액(V+)],표1[매장코드],B29,표1[년],피벗값_구분!$X$3,표1[월],">="&피벗값_구분!$X$4,표1[월],"<="&피벗값_구분!$X$5)),0) -> 216966062 | I29: =IFERROR(IF(B29="","",H29/E29),"") -> 0.62424187 | J29: =IFERROR(IF(B29="",0,SUMIFS(표1[생산원가(V-)],표1[매장코드],B29,표1[년],피벗값_구분!$X$2,표1[월],">="&피벗값_구분!$X$4,표1[월],"<="&피벗값_구분!$X$5)),0) -> 87626323 | K29: =IFERROR(IF(B29="",0,SUMIFS(표1[생산원가(V-)],표1[매장코드],B29,표1[년],피벗값_구분!$X$3,표1[월],">="&피벗값_구분!$X$4,표1[월],"<="&피벗값_구분!$X$5)),0) -> 100831823 | L29: =IFERROR(IF(B29="","",E29/1.1/K29),"") -> 3.1336364 | M29: =IFERROR(IF(B29="",0,SUMIFS(표1[총경비],표1[매장코드],B29,표1[년],피벗값_구분!$X$2,표1[월],">="&피벗값_구분!$X$4,표1[월],"<="&피벗값_구분!$X$5)),0) -> 40408350 | N29: =IFERROR(IF(B29="",0,SUMIFS(표1[총경비],표1[매장코드],B29,표1[년],피벗값_구분!$X$3,표1[월],">="&피벗값_구분!$X$4,표1[월],"<="&피벗값_구분!$X$5)),0) -> 41013400 | O29: =IFERROR(IF(B29="","",N29/E29),"") -> 0.11800132 | P29: =IFERROR(IF(B29="",0,SUMIFS(표1[영업이익(V-)],표1[매장코드],B29,표1[년],피벗값_구분!$X$2,표1[월],">="&피벗값_구분!$X$4,표1[월],"<="&피벗값_구분!$X$5)),0) -> 102893912 | Q29: =IFERROR(IF(B29="",0,SUMIFS(표1[영업이익(V-)],표1[매장코드],B29,표1[년],피벗값_구분!$X$3,표1[월],">="&피벗값_구분!$X$4,표1[월],"<="&피벗값_구분!$X$5)),0) -> 96410051 | R29: =IFERROR(IF(B29="","",Q29/(E29/1.1)),"") -> 0.3051238 | S29: =Q29/$Q$70 -> 0.019902103 | T29: =IF(B29="","",Q29-P29) -> -6483861
B30: =IFERROR(INDEX(구분!$B:$B,MATCH(25,구분!$E:$E,0)),"") -> 00208 | C30: =IFERROR(VLOOKUP(B30,구분!$B:$C,2,0),"") -> 현대미아점 | D30: =IFERROR(IF(B30="",0,SUMIFS(표1[매출금액],표1[매장코드],B30,표1[년],피벗값_구분!$X$2,표1[월],">="&피벗값_구분!$X$4,표1[월],"<="&피벗값_구분!$X$5)),0) -> 146516950 | E30: =IFERROR(IF(B30="",0,SUMIFS(표1[매출금액],표1[매장코드],B30,표1[년],피벗값_구분!$X$3,표1[월],">="&피벗값_구분!$X$4,표1[월],"<="&피벗값_구분!$X$5)),0) -> 171678450 | F30: =IFERROR(IF(B30="","",(E30-D30)/D30),"") -> 0.17173098 | G30: =IFERROR(IF(B30="",0,SUMIFS(표1[수금액(V+)],표1[매장코드],B30,표1[년],피벗값_구분!$X$2,표1[월],">="&피벗값_구분!$X$4,표1[월],"<="&피벗값_구분!$X$5)),0) -> 98273474 | H30: =IFERROR(IF(B30="",0,SUMIFS(표1[수금액(V+)],표1[매장코드],B30,표1[년],피벗값_구분!$X$3,표1[월],">="&피벗값_구분!$X$4,표1[월],"<="&피벗값_구분!$X$5)),0) -> 107134645 | I30: =IFERROR(IF(B30="","",H30/E30),"") -> 0.62404248 | J30: =IFERROR(IF(B30="",0,SUMIFS(표1[생산원가(V-)],표1[매장코드],B30,표1[년],피벗값_구분!$X$2,표1[월],">="&피벗값_구분!$X$4,표1[월],"<="&피벗값_구분!$X$5)),0) -> 44750121 | K30: =IFERROR(IF(B30="",0,SUMIFS(표1[생산원가(V-)],표1[매장코드],B30,표1[년],피벗값_구분!$X$3,표1[월],">="&피벗값_구분!$X$4,표1[월],"<="&피벗값_구분!$X$5)),0) -> 50589176 | L30: =IFERROR(IF(B30="","",E30/1.1/K30),"") -> 3.0850733 | M30: =IFERROR(IF(B30="",0,SUMIFS(표1[총경비],표1[매장코드],B30,표1[년],피벗값_구분!$X$2,표1[월],">="&피벗값_구분!$X$4,표1[월],"<="&피벗값_구분!$X$5)),0) -> 23827600 | N30: =IFERROR(IF(B30="",0,SUMIFS(표1[총경비],표1[매장코드],B30,표1[년],피벗값_구분!$X$3,표1[월],">="&피벗값_구분!$X$4,표1[월],"<="&피벗값_구분!$X$5)),0) -> 26158890 | O30: =IFERROR(IF(B30="","",N30/E30),"") -> 0.15237142 | P30: =IFERROR(IF(B30="",0,SUMIFS(표1[영업이익(V-)],표1[매장코드],B30,표1[년],피벗값_구분!$X$2,표1[월],">="&피벗값_구분!$X$4,표1[월],"<="&피벗값_구분!$X$5)),0) -> 44589401 | Q30: =IFERROR(IF(B30="",0,SUMIFS(표1[영업이익(V-)],표1[매장코드],B30,표1[년],피벗값_구분!$X$3,표1[월],">="&피벗값_구분!$X$4,표1[월],"<="&피벗값_구분!$X$5)),0) -> 46805957 | R30: =IFERROR(IF(B30="","",Q30/(E30/1.1)),"") -> 0.29990108 | S30: =Q30/$Q$70 -> 0.0096622391 | T30: =IF(B30="","",Q30-P30) -> 2216556
B31: =IFERROR(INDEX(구분!$B:$B,MATCH(26,구분!$E:$E,0)),"") -> 00210 | C31: =IFERROR(VLOOKUP(B31,구분!$B:$C,2,0),"") -> 현대중동점 | D31: =IFERROR(IF(B31="",0,SUMIFS(표1[매출금액],표1[매장코드],B31,표1[년],피벗값_구분!$X$2,표1[월],">="&피벗값_구분!$X$4,표1[월],"<="&피벗값_구분!$X$5)),0) -> 165363670 | E31: =IFERROR(IF(B31="",0,SUMIFS(표1[매출금액],표1[매장코드],B31,표1[년],피벗값_구분!$X$3,표1[월],">="&피벗값_구분!$X$4,표1[월],"<="&피벗값_구분!$X$5)),0) -> 206604710 | F31: =IFERROR(IF(B31="","",(E31-D31)/D31),"") -> 0.24939601 | G31: =IFERROR(IF(B31="",0,SUMIFS(표1[수금액(V+)],표1[매장코드],B31,표1[년],피벗값_구분!$X$2,표1[월],">="&피벗값_구분!$X$4,표1[월],"<="&피벗값_구분!$X$5)),0) -> 102530085 | H31: =IFERROR(IF(B31="",0,SUMIFS(표1[수금액(V+)],표1[매장코드],B31,표1[년],피벗값_구분!$X$3,표1[월],">="&피벗값_구분!$X$4,표1[월],"<="&피벗값_구분!$X$5)),0) -> 128520946 | I31: =IFERROR(IF(B31="","",H31/E31),"") -> 0.62206203 | J31: =IFERROR(IF(B31="",0,SUMIFS(표1[생산원가(V-)],표1[매장코드],B31,표1[년],피벗값_구분!$X$2,표1[월],">="&피벗값_구분!$X$4,표1[월],"<="&피벗값_구분!$X$5)),0) -> 45751173 | K31: =IFERROR(IF(B31="",0,SUMIFS(표1[생산원가(V-)],표1[매장코드],B31,표1[년],피벗값_구분!$X$3,표1[월],">="&피벗값_구분!$X$4,표1[월],"<="&피벗값_구분!$X$5)),0) -> 57407639 | L31: =IFERROR(IF(B31="","",E31/1.1/K31),"") -> 3.2717329 | M31: =IFERROR(IF(B31="",0,SUMIFS(표1[총경비],표1[매장코드],B31,표1[년],피벗값_구분!$X$2,표1[월],">="&피벗값_구분!$X$4,표1[월],"<="&피벗값_구분!$X$5)),0) -> 30931630 | N31: =IFERROR(IF(B31="",0,SUMIFS(표1[총경비],표1[매장코드],B31,표1[년],피벗값_구분!$X$3,표1[월],">="&피벗값_구분!$X$4,표1[월],"<="&피벗값_구분!$X$5)),0) -> 33938610 | O31: =IFERROR(IF(B31="","",N31/E31),"") -> 0.16426833 | P31: =IFERROR(IF(B31="",0,SUMIFS(표1[영업이익(V-)],표1[매장코드],B31,표1[년],피벗값_구분!$X$2,표1[월],">="&피벗값_구분!$X$4,표1[월],"<="&피벗값_구분!$X$5)),0) -> 47457995 | Q31: =IFERROR(IF(B31="",0,SUMIFS(표1[영업이익(V-)],표1[매장코드],B31,표1[년],피벗값_구분!$X$3,표1[월],">="&피벗값_구분!$X$4,표1[월],"<="&피벗값_구분!$X$5)),0) -> 59429584 | R31: =IFERROR(IF(B31="","",Q31/(E31/1.1)),"") -> 0.31641361 | S31: =Q31/$Q$70 -> 0.012268157 | T31: =IF(B31="","",Q31-P31) -> 11971589
B32: =IFERROR(INDEX(구분!$B:$B,MATCH(27,구분!$E:$E,0)),"") -> 00212 | C32: =IFERROR(VLOOKUP(B32,구분!$B:$C,2,0),"") -> 현대킨텍스점 | D32: =IFERROR(IF(B32="",0,SUMIFS(표1[매출금액],표1[매장코드],B32,표1[년],피벗값_구분!$X$2,표1[월],">="&피벗값_구분!$X$4,표1[월],"<="&피벗값_구분!$X$5)),0) -> 0 | E32: =IFERROR(IF(B32="",0,SUMIFS(표1[매출금액],표1[매장코드],B32,표1[년],피벗값_구분!$X$3,표1[월],">="&피벗값_구분!$X$4,표1[월],"<="&피벗값_구분!$X$5)),0) -> 159288080 | F32: =IFERROR(IF(B32="","",(E32-D32)/D32),"") | G32: =IFERROR(IF(B32="",0,SUMIFS(표1[수금액(V+)],표1[매장코드],B32,표1[년],피벗값_구분!$X$2,표1[월],">="&피벗값_구분!$X$4,표1[월],"<="&피벗값_구분!$X$5)),0) -> 0 | H32: =IFERROR(IF(B32="",0,SUMIFS(표1[수금액(V+)],표1[매장코드],B32,표1[년],피벗값_구분!$X$3,표1[월],">="&피벗값_구분!$X$4,표1[월],"<="&피벗값_구분!$X$5)),0) -> 99529838 | I32: =IFERROR(IF(B32="","",H32/E32),"") -> 0.62484172 | J32: =IFERROR(IF(B32="",0,SUMIFS(표1[생산원가(V-)],표1[매장코드],B32,표1[년],피벗값_구분!$X$2,표1[월],">="&피벗값_구분!$X$4,표1[월],"<="&피벗값_구분!$X$5)),0) -> 0 | K32: =IFERROR(IF(B32="",0,SUMIFS(표1[생산원가(V-)],표1[매장코드],B32,표1[년],피벗값_구분!$X$3,표1[월],">="&피벗값_구분!$X$4,표1[월],"<="&피벗값_구분!$X$5)),0) -> 44156222 | L32: =IFERROR(IF(B32="","",E32/1.1/K32),"") -> 3.2794324 | M32: =IFERROR(IF(B32="",0,SUMIFS(표1[총경비],표1[매장코드],B32,표1[년],피벗값_구분!$X$2,표1[월],">="&피벗값_구분!$X$4,표1[월],"<="&피벗값_구분!$X$5)),0) -> 0 | N32: =IFERROR(IF(B32="",0,SUMIFS(표1[총경비],표1[매장코드],B32,표1[년],피벗값_구분!$X$3,표1[월],">="&피벗값_구분!$X$4,표1[월],"<="&피벗값_구분!$X$5)),0) -> 30196500 | O32: =IFERROR(IF(B32="","",N32/E32),"") -> 0.18957162 | P32: =IFERROR(IF(B32="",0,SUMIFS(표1[영업이익(V-)],표1[매장코드],B32,표1[년],피벗값_구분!$X$2,표1[월],">="&피벗값_구분!$X$4,표1[월],"<="&피벗값_구분!$X$5)),0) -> 0 | Q32: =IFERROR(IF(B32="",0,SUMIFS(표1[영업이익(V-)],표1[매장코드],B32,표1[년],피벗값_구분!$X$3,표1[월],">="&피벗값_구분!$X$4,표1[월],"<="&피벗값_구분!$X$5)),0) -> 46325449 | R32: =IFERROR(IF(B32="","",Q32/(E32/1.1)),"") -> 0.31991091 | S32: =Q32/$Q$70 -> 0.009563047 | T32: =IF(B32="","",Q32-P32) -> 46325449
B33: =IFERROR(INDEX(구분!$B:$B,MATCH(28,구분!$E:$E,0)),"") -> 00213 | C33: =IFERROR(VLOOKUP(B33,구분!$B:$C,2,0),"") -> 현대대구점 | D33: =IFERROR(IF(B33="",0,SUMIFS(표1[매출금액],표1[매장코드],B33,표1[년],피벗값_구분!$X$2,표1[월],">="&피벗값_구분!$X$4,표1[월],"<="&피벗값_구분!$X$5)),0) -> 517541563 | E33: =IFERROR(IF(B33="",0,SUMIFS(표1[매출금액],표1[매장코드],B33,표1[년],피벗값_구분!$X$3,표1[월],">="&피벗값_구분!$X$4,표1[월],"<="&피벗값_구분!$X$5)),0) -> 558204440 | F33: =IFERROR(IF(B33="","",(E33-D33)/D33),"") -> 0.078569297 | G33: =IFERROR(IF(B33="",0,SUMIFS(표1[수금액(V+)],표1[매장코드],B33,표1[년],피벗값_구분!$X$2,표1[월],">="&피벗값_구분!$X$4,표1[월],"<="&피벗값_구분!$X$5)),0) -> 331777168 | H33: =IFERROR(IF(B33="",0,SUMIFS(표1[수금액(V+)],표1[매장코드],B33,표1[년],피벗값_구분!$X$3,표1[월],">="&피벗값_구분!$X$4,표1[월],"<="&피벗값_구분!$X$5)),0) -> 347852367 | I33: =IFERROR(IF(B33="","",H33/E33),"") -> 0.62316302 | J33: =IFERROR(IF(B33="",0,SUMIFS(표1[생산원가(V-)],표1[매장코드],B33,표1[년],피벗값_구분!$X$2,표1[월],">="&피벗값_구분!$X$4,표1[월],"<="&피벗값_구분!$X$5)),0) -> 165191748 | K33: =IFERROR(IF(B33="",0,SUMIFS(표1[생산원가(V-)],표1[매장코드],B33,표1[년],피벗값_구분!$X$3,표1[월],">="&피벗값_구분!$X$4,표1[월],"<="&피벗값_구분!$X$5)),0) -> 168837125 | L33: =IFERROR(IF(B33="","",E33/1.1/K33),"") -> 3.0056102 | M33: =IFERROR(IF(B33="",0,SUMIFS(표1[총경비],표1[매장코드],B33,표1[년],피벗값_구분!$X$2,표1[월],">="&피벗값_구분!$X$4,표1[월],"<="&피벗값_구분!$X$5)),0) -> 72279750 | N33: =IFERROR(IF(B33="",0,SUMIFS(표1[총경비],표1[매장코드],B33,표1[년],피벗값_구분!$X$3,표1[월],">="&피벗값_구분!$X$4,표1[월],"<="&피벗값_구분!$X$5)),0) -> 77647780 | O33: =IFERROR(IF(B33="","",N33/E33),"") -> 0.13910276 | P33: =IFERROR(IF(B33="",0,SUMIFS(표1[영업이익(V-)],표1[매장코드],B33,표1[년],피벗값_구분!$X$2,표1[월],">="&피벗값_구분!$X$4,표1[월],"<="&피벗값_구분!$X$5)),0) -> 136423860 | Q33: =IFERROR(IF(B33="",0,SUMIFS(표1[영업이익(V-)],표1[매장코드],B33,표1[년],피벗값_구분!$X$3,표1[월],">="&피벗값_구분!$X$4,표1[월],"<="&피벗값_구분!$X$5)),0) -> 147392299 | R33: =IFERROR(IF(B33="","",Q33/(E33/1.1)),"") -> 0.29045188 | S33: =Q33/$Q$70 -> 0.030426461 | T33: =IF(B33="","",Q33-P33) -> 10968439
B34: =IFERROR(INDEX(구분!$B:$B,MATCH(29,구분!$E:$E,0)),"") -> 00214 | C34: =IFERROR(VLOOKUP(B34,구분!$B:$C,2,0),"") -> 현대충청점 | D34: =IFERROR(IF(B34="",0,SUMIFS(표1[매출금액],표1[매장코드],B34,표1[년],피벗값_구분!$X$2,표1[월],">="&피벗값_구분!$X$4,표1[월],"<="&피벗값_구분!$X$5)),0) -> 270587890 | E34: =IFERROR(IF(B34="",0,SUMIFS(표1[매출금액],표1[매장코드],B34,표1[년],피벗값_구분!$X$3,표1[월],">="&피벗값_구분!$X$4,표1[월],"<="&피벗값_구분!$X$5)),0) -> 260099570 | F34: =IFERROR(IF(B34="","",(E34-D34)/D34),"") -> -0.038761232 | G34: =IFERROR(IF(B34="",0,SUMIFS(표1[수금액(V+)],표1[매장코드],B34,표1[년],피벗값_구분!$X$2,표1[월],">="&피벗값_구분!$X$4,표1[월],"<="&피벗값_구분!$X$5)),0) -> 184866193 | H34: =IFERROR(IF(B34="",0,SUMIFS(표1[수금액(V+)],표1[매장코드],B34,표1[년],피벗값_구분!$X$3,표1[월],">="&피벗값_구분!$X$4,표1[월],"<="&피벗값_구분!$X$5)),0) -> 163185660 | I34: =IFERROR(IF(B34="","",H34/E34),"") -> 0.62739688 | J34: =IFERROR(IF(B34="",0,SUMIFS(표1[생산원가(V-)],표1[매장코드],B34,표1[년],피벗값_구분!$X$2,표1[월],">="&피벗값_구분!$X$4,표1[월],"<="&피벗값_구분!$X$5)),0) -> 79863305 | K34: =IFERROR(IF(B34="",0,SUMIFS(표1[생산원가(V-)],표1[매장코드],B34,표1[년],피벗값_구분!$X$3,표1[월],">="&피벗값_구분!$X$4,표1[월],"<="&피벗값_구분!$X$5)),0) -> 73357723 | L34: =IFERROR(IF(B34="","",E34/1.1/K34),"") -> 3.2233028 | M34: =IFERROR(IF(B34="",0,SUMIFS(표1[총경비],표1[매장코드],B34,표1[년],피벗값_구분!$X$2,표1[월],">="&피벗값_구분!$X$4,표1[월],"<="&피벗값_구분!$X$5)),0) -> 39536960 | N34: =IFERROR(IF(B34="",0,SUMIFS(표1[총경비],표1[매장코드],B34,표1[년],피벗값_구분!$X$3,표1[월],">="&피벗값_구분!$X$4,표1[월],"<="&피벗값_구분!$X$5)),0) -> 35582310 | O34: =IFERROR(IF(B34="","",N34/E34),"") -> 0.13680265 | P34: =IFERROR(IF(B34="",0,SUMIFS(표1[영업이익(V-)],표1[매장코드],B34,표1[년],피벗값_구분!$X$2,표1[월],">="&피벗값_구분!$X$4,표1[월],"<="&피벗값_구분!$X$5)),0) -> 88196871 | Q34: =IFERROR(IF(B34="",0,SUMIFS(표1[영업이익(V-)],표1[매장코드],B34,표1[년],피벗값_구분!$X$3,표1[월],">="&피벗값_구분!$X$4,표1[월],"<="&피벗값_구분!$X$5)),0) -> 74992878 | R34: =IFERROR(IF(B34="","",Q34/(E34/1.1)),"") -> 0.3171561 | S34: =Q34/$Q$70 -> 0.015480917 | T34: =IF(B34="","",Q34-P34) -> -13203993
B35: =IFERROR(INDEX(구분!$B:$B,MATCH(30,구분!$E:$E,0)),"") -> 00218 | C35: =IFERROR(VLOOKUP(B35,구분!$B:$C,2,0),"") -> 현대동구점 | D35: =IFERROR(IF(B35="",0,SUMIFS(표1[매출금액],표1[매장코드],B35,표1[년],피벗값_구분!$X$2,표1[월],">="&피벗값_구분!$X$4,표1[월],"<="&피벗값_구분!$X$5)),0) -> 122305700 | E35: =IFERROR(IF(B35="",0,SUMIFS(표1[매출금액],표1[매장코드],B35,표1[년],피벗값_구분!$X$3,표1[월],">="&피벗값_구분!$X$4,표1[월],"<="&피벗값_구분!$X$5)),0) -> 114650720 | F35: =IFERROR(IF(B35="","",(E35-D35)/D35),"") -> -0.062588906 | G35: =IFERROR(IF(B35="",0,SUMIFS(표1[수금액(V+)],표1[매장코드],B35,표1[년],피벗값_구분!$X$2,표1[월],">="&피벗값_구분!$X$4,표1[월],"<="&피벗값_구분!$X$5)),0) -> 84315649 | H35: =IFERROR(IF(B35="",0,SUMIFS(표1[수금액(V+)],표1[매장코드],B35,표1[년],피벗값_구분!$X$3,표1[월],">="&피벗값_구분!$X$4,표1[월],"<="&피벗값_구분!$X$5)),0) -> 71825540 | I35: =IFERROR(IF(B35="","",H35/E35),"") -> 0.62647265 | J35: =IFERROR(IF(B35="",0,SUMIFS(표1[생산원가(V-)],표1[매장코드],B35,표1[년],피벗값_구분!$X$2,표1[월],">="&피벗값_구분!$X$4,표1[월],"<="&피벗값_구분!$X$5)),0) -> 37793775 | K35: =IFERROR(IF(B35="",0,SUMIFS(표1[생산원가(V-)],표1[매장코드],B35,표1[년],피벗값_구분!$X$3,표1[월],">="&피벗값_구분!$X$4,표1[월],"<="&피벗값_구분!$X$5)),0) -> 33934244 | L35: =IFERROR(IF(B35="","",E35/1.1/K35),"") -> 3.0714675 | M35: =IFERROR(IF(B35="",0,SUMIFS(표1[총경비],표1[매장코드],B35,표1[년],피벗값_구분!$X$2,표1[월],">="&피벗값_구분!$X$4,표1[월],"<="&피벗값_구분!$X$5)),0) -> 29468310 | N35: =IFERROR(IF(B35="",0,SUMIFS(표1[총경비],표1[매장코드],B35,표1[년],피벗값_구분!$X$3,표1[월],">="&피벗값_구분!$X$4,표1[월],"<="&피벗값_구분!$X$5)),0) -> 29910360 | O35: =IFERROR(IF(B35="","",N35/E35),"") -> 0.26088244 | P35: =IFERROR(IF(B35="",0,SUMIFS(표1[영업이익(V-)],표1[매장코드],B35,표1[년],피벗값_구분!$X$2,표1[월],">="&피벗값_구분!$X$4,표1[월],"<="&피벗값_구분!$X$5)),0) -> 38856815 | Q35: =IFERROR(IF(B35="",0,SUMIFS(표1[영업이익(V-)],표1[매장코드],B35,표1[년],피벗값_구분!$X$3,표1[월],">="&피벗값_구분!$X$4,표1[월],"<="&피벗값_구분!$X$5)),0) -> 31361701 | R35: =IFERROR(IF(B35="","",Q35/(E35/1.1)),"") -> 0.30089537 | S35: =Q35/$Q$70 -> 0.0064740532 | T35: =IF(B35="","",Q35-P35) -> -7495114
B36: =IFERROR(INDEX(구분!$B:$B,MATCH(31,구분!$E:$E,0)),"") -> 00219 | C36: =IFERROR(VLOOKUP(B36,구분!$B:$C,2,0),"") -> 현대판교점 | D36: =IFERROR(IF(B36="",0,SUMIFS(표1[매출금액],표1[매장코드],B36,표1[년],피벗값_구분!$X$2,표1[월],">="&피벗값_구분!$X$4,표1[월],"<="&피벗값_구분!$X$5)),0) -> 380260820 | E36: =IFERROR(IF(B36="",0,SUMIFS(표1[매출금액],표1[매장코드],B36,표1[년],피벗값_구분!$X$3,표1[월],">="&피벗값_구분!$X$4,표1[월],"<="&피벗값_구분!$X$5)),0) -> 420179870 | F36: =IFERROR(IF(B36="","",(E36-D36)/D36),"") -> 0.10497808 | G36: =IFERROR(IF(B36="",0,SUMIFS(표1[수금액(V+)],표1[매장코드],B36,표1[년],피벗값_구분!$X$2,표1[월],">="&피벗값_구분!$X$4,표1[월],"<="&피벗값_구분!$X$5)),0) -> 244364105 | H36: =IFERROR(IF(B36="",0,SUMIFS(표1[수금액(V+)],표1[매장코드],B36,표1[년],피벗값_구분!$X$3,표1[월],">="&피벗값_구분!$X$4,표1[월],"<="&피벗값_구분!$X$5)),0) -> 261507858 | I36: =IFERROR(IF(B36="","",H36/E36),"") -> 0.62237122 | J36: =IFERROR(IF(B36="",0,SUMIFS(표1[생산원가(V-)],표1[매장코드],B36,표1[년],피벗값_구분!$X$2,표1[월],">="&피벗값_구분!$X$4,표1[월],"<="&피벗값_구분!$X$5)),0) -> 110516114 | K36: =IFERROR(IF(B36="",0,SUMIFS(표1[생산원가(V-)],표1[매장코드],B36,표1[년],피벗값_구분!$X$3,표1[월],">="&피벗값_구분!$X$4,표1[월],"<="&피벗값_구분!$X$5)),0) -> 108564692 | L36: =IFERROR(IF(B36="","",E36/1.1/K36),"") -> 3.5184708 | M36: =IFERROR(IF(B36="",0,SUMIFS(표1[총경비],표1[매장코드],B36,표1[년],피벗값_구분!$X$2,표1[월],">="&피벗값_구분!$X$4,표1[월],"<="&피벗값_구분!$X$5)),0) -> 55290210 | N36: =IFERROR(IF(B36="",0,SUMIFS(표1[총경비],표1[매장코드],B36,표1[년],피벗값_구분!$X$3,표1[월],">="&피벗값_구분!$X$4,표1[월],"<="&피벗값_구분!$X$5)),0) -> 60142760 | O36: =IFERROR(IF(B36="","",N36/E36),"") -> 0.14313575 | P36: =IFERROR(IF(B36="",0,SUMIFS(표1[영업이익(V-)],표1[매장코드],B36,표1[년],피벗값_구분!$X$2,표1[월],">="&피벗값_구분!$X$4,표1[월],"<="&피벗값_구분!$X$5)),0) -> 111633072 | Q36: =IFERROR(IF(B36="",0,SUMIFS(표1[영업이익(V-)],표1[매장코드],B36,표1[년],피벗값_구분!$X$3,표1[월],">="&피벗값_구분!$X$4,표1[월],"<="&피벗값_구분!$X$5)),0) -> 129169724 | R36: =IFERROR(IF(B36="","",Q36/(E36/1.1)),"") -> 0.33815684 | S36: =Q36/$Q$70 -> 0.026664742 | T36: =IF(B36="","",Q36-P36) -> 17536652
B37: =IFERROR(INDEX(구분!$B:$B,MATCH(32,구분!$E:$E,0)),"") -> 00222 | C37: =IFERROR(VLOOKUP(B37,구분!$B:$C,2,0),"") -> 현대신촌점 | D37: =IFERROR(IF(B37="",0,SUMIFS(표1[매출금액],표1[매장코드],B37,표1[년],피벗값_구분!$X$2,표1[월],">="&피벗값_구분!$X$4,표1[월],"<="&피벗값_구분!$X$5)),0) -> 71884410 | E37: =IFERROR(IF(B37="",0,SUMIFS(표1[매출금액],표1[매장코드],B37,표1[년],피벗값_구분!$X$3,표1[월],">="&피벗값_구분!$X$4,표1[월],"<="&피벗값_구분!$X$5)),0) -> 238182780 | F37: =IFERROR(IF(B37="","",(E37-D37)/D37),"") -> 2.3134136 | G37: =IFERROR(IF(B37="",0,SUMIFS(표1[수금액(V+)],표1[매장코드],B37,표1[년],피벗값_구분!$X$2,표1[월],">="&피벗값_구분!$X$4,표1[월],"<="&피벗값_구분!$X$5)),0) -> 45178811 | H37: =IFERROR(IF(B37="",0,SUMIFS(표1[수금액(V+)],표1[매장코드],B37,표1[년],피벗값_구분!$X$3,표1[월],">="&피벗값_구분!$X$4,표1[월],"<="&피벗값_구분!$X$5)),0) -> 152377538 | I37: =IFERROR(IF(B37="","",H37/E37),"") -> 0.63975044 | J37: =IFERROR(IF(B37="",0,SUMIFS(표1[생산원가(V-)],표1[매장코드],B37,표1[년],피벗값_구분!$X$2,표1[월],">="&피벗값_구분!$X$4,표1[월],"<="&피벗값_구분!$X$5)),0) -> 23375728 | K37: =IFERROR(IF(B37="",0,SUMIFS(표1[생산원가(V-)],표1[매장코드],B37,표1[년],피벗값_구분!$X$3,표1[월],">="&피벗값_구분!$X$4,표1[월],"<="&피벗값_구분!$X$5)),0) -> 69284144 | L37: =IFERROR(IF(B37="","",E37/1.1/K37),"") -> 3.1252432 | M37: =IFERROR(IF(B37="",0,SUMIFS(표1[총경비],표1[매장코드],B37,표1[년],피벗값_구분!$X$2,표1[월],">="&피벗값_구분!$X$4,표1[월],"<="&피벗값_구분!$X$5)),0) -> 20197840 | N37: =IFERROR(IF(B37="",0,SUMIFS(표1[총경비],표1[매장코드],B37,표1[년],피벗값_구분!$X$3,표1[월],">="&피벗값_구분!$X$4,표1[월],"<="&피벗값_구분!$X$5)),0) -> 39811850 | O37: =IFERROR(IF(B37="","",N37/E37),"") -> 0.16714831 | P37: =IFERROR(IF(B37="",0,SUMIFS(표1[영업이익(V-)],표1[매장코드],B37,표1[년],피벗값_구분!$X$2,표1[월],">="&피벗값_구분!$X$4,표1[월],"<="&피벗값_구분!$X$5)),0) -> 17695918 | Q37: =IFERROR(IF(B37="",0,SUMIFS(표1[영업이익(V-)],표1[매장코드],B37,표1[년],피벗값_구분!$X$3,표1[월],">="&피벗값_구분!$X$4,표1[월],"<="&피벗값_구분!$X$5)),0) -> 69240891 | R37: =IFERROR(IF(B37="","",Q37/(E37/1.1)),"") -> 0.31977534 | S37: =Q37/$Q$70 -> 0.014293524 | T37: =IF(B37="","",Q37-P37) -> 51544973
B38: =IFERROR(INDEX(구분!$B:$B,MATCH(33,구분!$E:$E,0)),"") -> 00301 | C38: =IFERROR(VLOOKUP(B38,구분!$B:$C,2,0),"") -> 신세계광주점 | D38: =IFERROR(IF(B38="",0,SUMIFS(표1[매출금액],표1[매장코드],B38,표1[년],피벗값_구분!$X$2,표1[월],">="&피벗값_구분!$X$4,표1[월],"<="&피벗값_구분!$X$5)),0) -> 439907700 | E38: =IFERROR(IF(B38="",0,SUMIFS(표1[매출금액],표1[매장코드],B38,표1[년],피벗값_구분!$X$3,표1[월],">="&피벗값_구분!$X$4,표1[월],"<="&피벗값_구분!$X$5)),0) -> 457978260 | F38: =IFERROR(IF(B38="","",(E38-D38)/D38),"") -> 0.041078072 | G38: =IFERROR(IF(B38="",0,SUMIFS(표1[수금액(V+)],표1[매장코드],B38,표1[년],피벗값_구분!$X$2,표1[월],">="&피벗값_구분!$X$4,표1[월],"<="&피벗값_구분!$X$5)),0) -> 281019098 | H38: =IFERROR(IF(B38="",0,SUMIFS(표1[수금액(V+)],표1[매장코드],B38,표1[년],피벗값_구분!$X$3,표1[월],">="&피벗값_구분!$X$4,표1[월],"<="&피벗값_구분!$X$5)),0) -> 291525725 | I38: =IFERROR(IF(B38="","",H38/E38),"") -> 0.63654927 | J38: =IFERROR(IF(B38="",0,SUMIFS(표1[생산원가(V-)],표1[매장코드],B38,표1[년],피벗값_구분!$X$2,표1[월],">="&피벗값_구분!$X$4,표1[월],"<="&피벗값_구분!$X$5)),0) -> 141178240 | K38: =IFERROR(IF(B38="",0,SUMIFS(표1[생산원가(V-)],표1[매장코드],B38,표1[년],피벗값_구분!$X$3,표1[월],">="&피벗값_구분!$X$4,표1[월],"<="&피벗값_구분!$X$5)),0) -> 134698533 | L38: =IFERROR(IF(B38="","",E38/1.1/K38),"") -> 3.090931 | M38: =IFERROR(IF(B38="",0,SUMIFS(표1[총경비],표1[매장코드],B38,표1[년],피벗값_구분!$X$2,표1[월],">="&피벗값_구분!$X$4,표1[월],"<="&피벗값_구분!$X$5)),0) -> 52070900 | N38: =IFERROR(IF(B38="",0,SUMIFS(표1[총경비],표1[매장코드],B38,표1[년],피벗값_구분!$X$3,표1[월],">="&피벗값_구분!$X$4,표1[월],"<="&피벗값_구분!$X$5)),0) -> 55928060 | O38: =IFERROR(IF(B38="","",N38/E38),"") -> 0.12211946 | P38: =IFERROR(IF(B38="",0,SUMIFS(표1[영업이익(V-)],표1[매장코드],B38,표1[년],피벗값_구분!$X$2,표1[월],">="&피벗값_구분!$X$4,표1[월],"<="&피벗값_구분!$X$5)),0) -> 114293668 | Q38: =IFERROR(IF(B38="",0,SUMIFS(표1[영업이익(V-)],표1[매장코드],B38,표1[년],피벗값_구분!$X$3,표1[월],">="&피벗값_구분!$X$4,표1[월],"<="&피벗값_구분!$X$5)),0) -> 130324853 | R38: =IFERROR(IF(B38="","",Q38/(E38/1.1)),"") -> 0.31302215 | S38: =Q38/$Q$70 -> 0.026903197 | T38: =IF(B38="","",Q38-P38) -> 16031185
B39: =IFERROR(INDEX(구분!$B:$B,MATCH(34,구분!$E:$E,0)),"") -> 00303 | C39: =IFERROR(VLOOKUP(B39,구분!$B:$C,2,0),"") -> 신세계마산점 | D39: =IFERROR(IF(B39="",0,SUMIFS(표1[매출금액],표1[매장코드],B39,표1[년],피벗값_구분!$X$2,표1[월],">="&피벗값_구분!$X$4,표1[월],"<="&피벗값_구분!$X$5)),0) -> 273929580 | E39: =IFERROR(IF(B39="",0,SUMIFS(표1[매출금액],표1[매장코드],B39,표1[년],피벗값_구분!$X$3,표1[월],">="&피벗값_구분!$X$4,표1[월],"<="&피벗값_구분!$X$5)),0) -> 257834120 | F39: =IFERROR(IF(B39="","",(E39-D39)/D39),"") -> -0.058757656 | G39: =IFERROR(IF(B39="",0,SUMIFS(표1[수금액(V+)],표1[매장코드],B39,표1[년],피벗값_구분!$X$2,표1[월],">="&피벗값_구분!$X$4,표1[월],"<="&피벗값_구분!$X$5)),0) -> 173658447 | H39: =IFERROR(IF(B39="",0,SUMIFS(표1[수금액(V+)],표1[매장코드],B39,표1[년],피벗값_구분!$X$3,표1[월],">="&피벗값_구분!$X$4,표1[월],"<="&피벗값_구분!$X$5)),0) -> 164185797 | I39: =IFERROR(IF(B39="","",H39/E39),"") -> 0.63678848 | J39: =IFERROR(IF(B39="",0,SUMIFS(표1[생산원가(V-)],표1[매장코드],B39,표1[년],피벗값_구분!$X$2,표1[월],">="&피벗값_구분!$X$4,표1[월],"<="&피벗값_구분!$X$5)),0) -> 82025893 | K39: =IFERROR(IF(B39="",0,SUMIFS(표1[생산원가(V-)],표1[매장코드],B39,표1[년],피벗값_구분!$X$3,표1[월],">="&피벗값_구분!$X$4,표1[월],"<="&피벗값_구분!$X$5)),0) -> 72428323 | L39: =IFERROR(IF(B39="","",E39/1.1/K39),"") -> 3.2362292 | M39: =IFERROR(IF(B39="",0,SUMIFS(표1[총경비],표1[매장코드],B39,표1[년],피벗값_구분!$X$2,표1[월],">="&피벗값_구분!$X$4,표1[월],"<="&피벗값_구분!$X$5)),0) -> 46143260 | N39: =IFERROR(IF(B39="",0,SUMIFS(표1[총경비],표1[매장코드],B39,표1[년],피벗값_구분!$X$3,표1[월],">="&피벗값_구분!$X$4,표1[월],"<="&피벗값_구분!$X$5)),0) -> 45176670 | O39: =IFERROR(IF(B39="","",N39/E39),"") -> 0.17521603 | P39: =IFERROR(IF(B39="",0,SUMIFS(표1[영업이익(V-)],표1[매장코드],B39,표1[년],피벗값_구분!$X$2,표1[월],">="&피벗값_구분!$X$4,표1[월],"<="&피벗값_구분!$X$5)),0) -> 75845423 | Q39: =IFERROR(IF(B39="",0,SUMIFS(표1[영업이익(V-)],표1[매장코드],B39,표1[년],피벗값_구분!$X$3,표1[월],">="&피벗값_구분!$X$4,표1[월],"<="&피벗값_구분!$X$5)),0) -> 76831492 | R39: =IFERROR(IF(B39="","",Q39/(E39/1.1)),"") -> 0.32778688 | S39: =Q39/$Q$70 -> 0.015860465 | T39: =IF(B39="","",Q39-P39) -> 986069
B40: =IFERROR(INDEX(구분!$B:$B,MATCH(35,구분!$E:$E,0)),"") -> 00304 | C40: =IFERROR(VLOOKUP(B40,구분!$B:$C,2,0),"") -> 신세계강남점 | D40: =IFERROR(IF(B40="",0,SUMIFS(표1[매출금액],표1[매장코드],B40,표1[년],피벗값_구분!$X$2,표1[월],">="&피벗값_구분!$X$4,표1[월],"<="&피벗값_구분!$X$5)),0) -> 401401780 | E40: =IFERROR(IF(B40="",0,SUMIFS(표1[매출금액],표1[매장코드],B40,표1[년],피벗값_구분!$X$3,표1[월],">="&피벗값_구분!$X$4,표1[월],"<="&피벗값_구분!$X$5)),0) -> 493837350 | F40: =IFERROR(IF(B40="","",(E40-D40)/D40),"") -> 0.23028191 | G40: =IFERROR(IF(B40="",0,SUMIFS(표1[수금액(V+)],표1[매장코드],B40,표1[년],피벗값_구분!$X$2,표1[월],">="&피벗값_구분!$X$4,표1[월],"<="&피벗값_구분!$X$5)),0) -> 253229208 | H40: =IFERROR(IF(B40="",0,SUMIFS(표1[수금액(V+)],표1[매장코드],B40,표1[년],피벗값_구분!$X$3,표1[월],">="&피벗값_구분!$X$4,표1[월],"<="&피벗값_구분!$X$5)),0) -> 308378470 | I40: =IFERROR(IF(B40="","",H40/E40),"") -> 0.62445352 | J40: =IFERROR(IF(B40="",0,SUMIFS(표1[생산원가(V-)],표1[매장코드],B40,표1[년],피벗값_구분!$X$2,표1[월],">="&피벗값_구분!$X$4,표1[월],"<="&피벗값_구분!$X$5)),0) -> 113065366 | K40: =IFERROR(IF(B40="",0,SUMIFS(표1[생산원가(V-)],표1[매장코드],B40,표1[년],피벗값_구분!$X$3,표1[월],">="&피벗값_구분!$X$4,표1[월],"<="&피벗값_구분!$X$5)),0) -> 133932860 | L40: =IFERROR(IF(B40="","",E40/1.1/K40),"") -> 3.3520007 | M40: =IFERROR(IF(B40="",0,SUMIFS(표1[총경비],표1[매장코드],B40,표1[년],피벗값_구분!$X$2,표1[월],">="&피벗값_구분!$X$4,표1[월],"<="&피벗값_구분!$X$5)),0) -> 38497010 | N40: =IFERROR(IF(B40="",0,SUMIFS(표1[총경비],표1[매장코드],B40,표1[년],피벗값_구분!$X$3,표1[월],">="&피벗값_구분!$X$4,표1[월],"<="&피벗값_구분!$X$5)),0) -> 42298760 | O40: =IFERROR(IF(B40="","",N40/E40),"") -> 0.085653222 | P40: =IFERROR(IF(B40="",0,SUMIFS(표1[영업이익(V-)],표1[매장코드],B40,표1[년],피벗값_구분!$X$2,표1[월],">="&피벗값_구분!$X$4,표1[월],"<="&피벗값_구분!$X$5)),0) -> 117143006 | Q40: =IFERROR(IF(B40="",0,SUMIFS(표1[영업이익(V-)],표1[매장코드],B40,표1[년],피벗값_구분!$X$3,표1[월],">="&피벗값_구분!$X$4,표1[월],"<="&피벗값_구분!$X$5)),0) -> 146411203 | R40: =IFERROR(IF(B40="","",Q40/(E40/1.1)),"") -> 0.32612423 | S40: =Q40/$Q$70 -> 0.030223932 | T40: =IF(B40="","",Q40-P40) -> 29268197
B41: =IFERROR(INDEX(구분!$B:$B,MATCH(36,구분!$E:$E,0)),"") -> 00306 | C41: =IFERROR(VLOOKUP(B41,구분!$B:$C,2,0),"") -> 신세계경기점 | D41: =IFERROR(IF(B41="",0,SUMIFS(표1[매출금액],표1[매장코드],B41,표1[년],피벗값_구분!$X$2,표1[월],">="&피벗값_구분!$X$4,표1[월],"<="&피벗값_구분!$X$5)),0) -> 358708780 | E41: =IFERROR(IF(B41="",0,SUMIFS(표1[매출금액],표1[매장코드],B41,표1[년],피벗값_구분!$X$3,표1[월],">="&피벗값_구분!$X$4,표1[월],"<="&피벗값_구분!$X$5)),0) -> 376815570 | F41: =IFERROR(IF(B41="","",(E41-D41)/D41),"") -> 0.050477688 | G41: =IFERROR(IF(B41="",0,SUMIFS(표1[수금액(V+)],표1[매장코드],B41,표1[년],피벗값_구분!$X$2,표1[월],">="&피벗값_구분!$X$4,표1[월],"<="&피벗값_구분!$X$5)),0) -> 227108567 | H41: =IFERROR(IF(B41="",0,SUMIFS(표1[수금액(V+)],표1[매장코드],B41,표1[년],피벗값_구분!$X$3,표1[월],">="&피벗값_구분!$X$4,표1[월],"<="&피벗값_구분!$X$5)),0) -> 238782669 | I41: =IFERROR(IF(B41="","",H41/E41),"") -> 0.63368578 | J41: =IFERROR(IF(B41="",0,SUMIFS(표1[생산원가(V-)],표1[매장코드],B41,표1[년],피벗값_구분!$X$2,표1[월],">="&피벗값_구분!$X$4,표1[월],"<="&피벗값_구분!$X$5)),0) -> 110521568 | K41: =IFERROR(IF(B41="",0,SUMIFS(표1[생산원가(V-)],표1[매장코드],B41,표1[년],피벗값_구분!$X$3,표1[월],">="&피벗값_구분!$X$4,표1[월],"<="&피벗값_구분!$X$5)),0) -> 106952230 | L41: =IFERROR(IF(B41="","",E41/1.1/K41),"") -> 3.2029216 | M41: =IFERROR(IF(B41="",0,SUMIFS(표1[총경비],표1[매장코드],B41,표1[년],피벗값_구분!$X$2,표1[월],">="&피벗값_구분!$X$4,표1[월],"<="&피벗값_구분!$X$5)),0) -> 53771418 | N41: =IFERROR(IF(B41="",0,SUMIFS(표1[총경비],표1[매장코드],B41,표1[년],피벗값_구분!$X$3,표1[월],">="&피벗값_구분!$X$4,표1[월],"<="&피벗값_구분!$X$5)),0) -> 56459450 | O41: =IFERROR(IF(B41="","",N41/E41),"") -> 0.14983311 | P41: =IFERROR(IF(B41="",0,SUMIFS(표1[영업이익(V-)],표1[매장코드],B41,표1[년],피벗값_구분!$X$2,표1[월],">="&피벗값_구분!$X$4,표1[월],"<="&피벗값_구분!$X$5)),0) -> 95940766 | Q41: =IFERROR(IF(B41="",0,SUMIFS(표1[영업이익(V-)],표1[매장코드],B41,표1[년],피벗값_구분!$X$3,표1[월],">="&피벗값_구분!$X$4,표1[월],"<="&피벗값_구분!$X$5)),0) -> 110122925 | R41: =IFERROR(IF(B41="","",Q41/(E41/1.1)),"") -> 0.32147084 | S41: =Q41/$Q$70 -> 0.022732876 | T41: =IF(B41="","",Q41-P41) -> 14182159
B42: =IFERROR(INDEX(구분!$B:$B,MATCH(37,구분!$E:$E,0)),"") -> 00307 | C42: =IFERROR(VLOOKUP(B42,구분!$B:$C,2,0),"") -> 신세계센텀점 | D42: =IFERROR(IF(B42="",0,SUMIFS(표1[매출금액],표1[매장코드],B42,표1[년],피벗값_구분!$X$2,표1[월],">="&피벗값_구분!$X$4,표1[월],"<="&피벗값_구분!$X$5)),0) -> 516728640 | E42: =IFERROR(IF(B42="",0,SUMIFS(표1[매출금액],표1[매장코드],B42,표1[년],피벗값_구분!$X$3,표1[월],">="&피벗값_구분!$X$4,표1[월],"<="&피벗값_구분!$X$5)),0) -> 544718680 | F42: =IFERROR(IF(B42="","",(E42-D42)/D42),"") -> 0.054167774 | G42: =IFERROR(IF(B42="",0,SUMIFS(표1[수금액(V+)],표1[매장코드],B42,표1[년],피벗값_구분!$X$2,표1[월],">="&피벗값_구분!$X$4,표1[월],"<="&피벗값_구분!$X$5)),0) -> 329388259 | H42: =IFERROR(IF(B42="",0,SUMIFS(표1[수금액(V+)],표1[매장코드],B42,표1[년],피벗값_구분!$X$3,표1[월],">="&피벗값_구분!$X$4,표1[월],"<="&피벗값_구분!$X$5)),0) -> 345704157 | I42: =IFERROR(IF(B42="","",H42/E42),"") -> 0.63464715 | J42: =IFERROR(IF(B42="",0,SUMIFS(표1[생산원가(V-)],표1[매장코드],B42,표1[년],피벗값_구분!$X$2,표1[월],">="&피벗값_구분!$X$4,표1[월],"<="&피벗값_구분!$X$5)),0) -> 166632549 | K42: =IFERROR(IF(B42="",0,SUMIFS(표1[생산원가(V-)],표1[매장코드],B42,표1[년],피벗값_구분!$X$3,표1[월],">="&피벗값_구분!$X$4,표1[월],"<="&피벗값_구분!$X$5)),0) -> 158261537 | L42: =IFERROR(IF(B42="","",E42/1.1/K42),"") -> 3.1289902 | M42: =IFERROR(IF(B42="",0,SUMIFS(표1[총경비],표1[매장코드],B42,표1[년],피벗값_구분!$X$2,표1[월],">="&피벗값_구분!$X$4,표1[월],"<="&피벗값_구분!$X$5)),0) -> 74903350 | N42: =IFERROR(IF(B42="",0,SUMIFS(표1[총경비],표1[매장코드],B42,표1[년],피벗값_구분!$X$3,표1[월],">="&피벗값_구분!$X$4,표1[월],"<="&피벗값_구분!$X$5)),0) -> 78872520 | O42: =IFERROR(IF(B42="","",N42/E42),"") -> 0.14479496 | P42: =IFERROR(IF(B42="",0,SUMIFS(표1[영업이익(V-)],표1[매장코드],B42,표1[년],피벗값_구분!$X$2,표1[월],">="&피벗값_구분!$X$4,표1[월],"<="&피벗값_구분!$X$5)),0) -> 132811323 | Q42: =IFERROR(IF(B42="",0,SUMIFS(표1[영업이익(V-)],표1[매장코드],B42,표1[년],피벗값_구분!$X$3,표1[월],">="&피벗값_구분!$X$4,표1[월],"<="&피벗값_구분!$X$5)),0) -> 156014970 | R42: =IFERROR(IF(B42="","",Q42/(E42/1.1)),"") -> 0.31505523 | S42: =Q42/$Q$70 -> 0.032206455 | T42: =IF(B42="","",Q42-P42) -> 23203647
B43: =IFERROR(INDEX(구분!$B:$B,MATCH(38,구분!$E:$E,0)),"") -> 00308 | C43: =IFERROR(VLOOKUP(B43,구분!$B:$C,2,0),"") -> 신세계타임스퀘어점 | D43: =IFERROR(IF(B43="",0,SUMIFS(표1[매출금액],표1[매장코드],B43,표1[년],피벗값_구분!$X$2,표1[월],">="&피벗값_구분!$X$4,표1[월],"<="&피벗값_구분!$X$5)),0) -> 214400900 | E43: =IFERROR(IF(B43="",0,SUMIFS(표1[매출금액],표1[매장코드],B43,표1[년],피벗값_구분!$X$3,표1[월],">="&피벗값_구분!$X$4,표1[월],"<="&피벗값_구분!$X$5)),0) -> 261120780 | F43: =IFERROR(IF(B43="","",(E43-D43)/D43),"") -> 0.21790897 | G43: =IFERROR(IF(B43="",0,SUMIFS(표1[수금액(V+)],표1[매장코드],B43,표1[년],피벗값_구분!$X$2,표1[월],">="&피벗값_구분!$X$4,표1[월],"<="&피벗값_구분!$X$5)),0) -> 135397941 | H43: =IFERROR(IF(B43="",0,SUMIFS(표1[수금액(V+)],표1[매장코드],B43,표1[년],피벗값_구분!$X$3,표1[월],">="&피벗값_구분!$X$4,표1[월],"<="&피벗값_구분!$X$5)),0) -> 165278400 | I43: =IFERROR(IF(B43="","",H43/E43),"") -> 0.63295767 | J43: =IFERROR(IF(B43="",0,SUMIFS(표1[생산원가(V-)],표1[매장코드],B43,표1[년],피벗값_구분!$X$2,표1[월],">="&피벗값_구분!$X$4,표1[월],"<="&피벗값_구분!$X$5)),0) -> 62453454 | K43: =IFERROR(IF(B43="",0,SUMIFS(표1[생산원가(V-)],표1[매장코드],B43,표1[년],피벗값_구분!$X$3,표1[월],">="&피벗값_구분!$X$4,표1[월],"<="&피벗값_구분!$X$5)),0) -> 71405778 | L43: =IFERROR(IF(B43="","",E43/1.1/K43),"") -> 3.3244162 | M43: =IFERROR(IF(B43="",0,SUMIFS(표1[총경비],표1[매장코드],B43,표1[년],피벗값_구분!$X$2,표1[월],">="&피벗값_구분!$X$4,표1[월],"<="&피벗값_구분!$X$5)),0) -> 27571920 | N43: =IFERROR(IF(B43="",0,SUMIFS(표1[총경비],표1[매장코드],B43,표1[년],피벗값_구분!$X$3,표1[월],">="&피벗값_구분!$X$4,표1[월],"<="&피벗값_구분!$X$5)),0) -> 33396490 | O43: =IFERROR(IF(B43="","",N43/E43),"") -> 0.12789672 | P43: =IFERROR(IF(B43="",0,SUMIFS(표1[영업이익(V-)],표1[매장코드],B43,표1[년],피벗값_구분!$X$2,표1[월],">="&피벗값_구분!$X$4,표1[월],"<="&피벗값_구분!$X$5)),0) -> 60635583 | Q43: =IFERROR(IF(B43="",0,SUMIFS(표1[영업이익(V-)],표1[매장코드],B43,표1[년],피벗값_구분!$X$3,표1[월],">="&피벗값_구분!$X$4,표1[월],"<="&피벗값_구분!$X$5)),0) -> 78847313 | R43: =IFERROR(IF(B43="","",Q43/(E43/1.1)),"") -> 0.33215298 | S43: =Q43/$Q$70 -> 0.016276595 | T43: =IF(B43="","",Q43-P43) -> 18211730
B44: =IFERROR(INDEX(구분!$B:$B,MATCH(39,구분!$E:$E,0)),"") -> 00309 | C44: =IFERROR(VLOOKUP(B44,구분!$B:$C,2,0),"") -> 신세계천안아산점 | D44: =IFERROR(IF(B44="",0,SUMIFS(표1[매출금액],표1[매장코드],B44,표1[년],피벗값_구분!$X$2,표1[월],">="&피벗값_구분!$X$4,표1[월],"<="&피벗값_구분!$X$5)),0) -> 133355330 | E44: =IFERROR(IF(B44="",0,SUMIFS(표1[매출금액],표1[매장코드],B44,표1[년],피벗값_구분!$X$3,표1[월],">="&피벗값_구분!$X$4,표1[월],"<="&피벗값_구분!$X$5)),0) -> 147670410 | F44: =IFERROR(IF(B44="","",(E44-D44)/D44),"") -> 0.10734539 | G44: =IFERROR(IF(B44="",0,SUMIFS(표1[수금액(V+)],표1[매장코드],B44,표1[년],피벗값_구분!$X$2,표1[월],">="&피벗값_구분!$X$4,표1[월],"<="&피벗값_구분!$X$5)),0) -> 85040768 | H44: =IFERROR(IF(B44="",0,SUMIFS(표1[수금액(V+)],표1[매장코드],B44,표1[년],피벗값_구분!$X$3,표1[월],">="&피벗값_구분!$X$4,표1[월],"<="&피벗값_구분!$X$5)),0) -> 94418915 | I44: =IFERROR(IF(B44="","",H44/E44),"") -> 0.63938954 | J44: =IFERROR(IF(B44="",0,SUMIFS(표1[생산원가(V-)],표1[매장코드],B44,표1[년],피벗값_구분!$X$2,표1[월],">="&피벗값_구분!$X$4,표1[월],"<="&피벗값_구분!$X$5)),0) -> 38264321 | K44: =IFERROR(IF(B44="",0,SUMIFS(표1[생산원가(V-)],표1[매장코드],B44,표1[년],피벗값_구분!$X$3,표1[월],">="&피벗값_구분!$X$4,표1[월],"<="&피벗값_구분!$X$5)),0) -> 38861708 | L44: =IFERROR(IF(B44="","",E44/1.1/K44),"") -> 3.45445 | M44: =IFERROR(IF(B44="",0,SUMIFS(표1[총경비],표1[매장코드],B44,표1[년],피벗값_구분!$X$2,표1[월],">="&피벗값_구분!$X$4,표1[월],"<="&피벗값_구분!$X$5)),0) -> 26512700 | N44: =IFERROR(IF(B44="",0,SUMIFS(표1[총경비],표1[매장코드],B44,표1[년],피벗값_구분!$X$3,표1[월],">="&피벗값_구분!$X$4,표1[월],"<="&피벗값_구분!$X$5)),0) -> 26352590 | O44: =IFERROR(IF(B44="","",N44/E44),"") -> 0.17845545 | P44: =IFERROR(IF(B44="",0,SUMIFS(표1[영업이익(V-)],표1[매장코드],B44,표1[년],피벗값_구분!$X$2,표1[월],">="&피벗값_구분!$X$4,표1[월],"<="&피벗값_구분!$X$5)),0) -> 39045468 | Q44: =IFERROR(IF(B44="",0,SUMIFS(표1[영업이익(V-)],표1[매장코드],B44,표1[년],피벗값_구분!$X$3,표1[월],">="&피벗값_구분!$X$4,표1[월],"<="&피벗값_구분!$X$5)),0) -> 46973670 | R44: =IFERROR(IF(B44="","",Q44/(E44/1.1)),"") -> 0.34990786 | S44: =Q44/$Q$70 -> 0.0096968604 | T44: =IF(B44="","",Q44-P44) -> 7928202
B45: =IFERROR(INDEX(구분!$B:$B,MATCH(40,구분!$E:$E,0)),"") -> 00310 | C45: =IFERROR(VLOOKUP(B45,구분!$B:$C,2,0),"") -> 신세계의정부점 | D45: =IFERROR(IF(B45="",0,SUMIFS(표1[매출금액],표1[매장코드],B45,표1[년],피벗값_구분!$X$2,표1[월],">="&피벗값_구분!$X$4,표1[월],"<="&피벗값_구분!$X$5)),0) -> 209523820 | E45: =IFERROR(IF(B45="",0,SUMIFS(표1[매출금액],표1[매장코드],B45,표1[년],피벗값_구분!$X$3,표1[월],">="&피벗값_구분!$X$4,표1[월],"<="&피벗값_구분!$X$5)),0) -> 235338440 | F45: =IFERROR(IF(B45="","",(E45-D45)/D45),"") -> 0.12320613 | G45: =IFERROR(IF(B45="",0,SUMIFS(표1[수금액(V+)],표1[매장코드],B45,표1[년],피벗값_구분!$X$2,표1[월],">="&피벗값_구분!$X$4,표1[월],"<="&피벗값_구분!$X$5)),0) -> 132196534 | H45: =IFERROR(IF(B45="",0,SUMIFS(표1[수금액(V+)],표1[매장코드],B45,표1[년],피벗값_구분!$X$3,표1[월],">="&피벗값_구분!$X$4,표1[월],"<="&피벗값_구분!$X$5)),0) -> 149004927 | I45: =IFERROR(IF(B45="","",H45/E45),"") -> 0.63315167 | J45: =IFERROR(IF(B45="",0,SUMIFS(표1[생산원가(V-)],표1[매장코드],B45,표1[년],피벗값_구분!$X$2,표1[월],">="&피벗값_구분!$X$4,표1[월],"<="&피벗값_구분!$X$5)),0) -> 65102577 | K45: =IFERROR(IF(B45="",0,SUMIFS(표1[생산원가(V-)],표1[매장코드],B45,표1[년],피벗값_구분!$X$3,표1[월],">="&피벗값_구분!$X$4,표1[월],"<="&피벗값_구분!$X$5)),0) -> 71325581 | L45: =IFERROR(IF(B45="","",E45/1.1/K45),"") -> 2.9995414 | M45: =IFERROR(IF(B45="",0,SUMIFS(표1[총경비],표1[매장코드],B45,표1[년],피벗값_구분!$X$2,표1[월],">="&피벗값_구분!$X$4,표1[월],"<="&피벗값_구분!$X$5)),0) -> 34458960 | N45: =IFERROR(IF(B45="",0,SUMIFS(표1[총경비],표1[매장코드],B45,표1[년],피벗값_구분!$X$3,표1[월],">="&피벗값_구분!$X$4,표1[월],"<="&피벗값_구분!$X$5)),0) -> 38810660 | O45: =IFERROR(IF(B45="","",N45/E45),"") -> 0.16491424 | P45: =IFERROR(IF(B45="",0,SUMIFS(표1[영업이익(V-)],표1[매장코드],B45,표1[년],피벗값_구분!$X$2,표1[월],">="&피벗값_구분!$X$4,표1[월],"<="&피벗값_구분!$X$5)),0) -> 55076091 | Q45: =IFERROR(IF(B45="",0,SUMIFS(표1[영업이익(V-)],표1[매장코드],B45,표1[년],피벗값_구분!$X$3,표1[월],">="&피벗값_구분!$X$4,표1[월],"<="&피벗값_구분!$X$5)),0) -> 64133443 | R45: =IFERROR(IF(B45="","",Q45/(E45/1.1)),"") -> 0.29976738 | S45: =Q45/$Q$70 -> 0.013239184 | T45: =IF(B45="","",Q45-P45) -> 9057352
B46: =IFERROR(INDEX(구분!$B:$B,MATCH(41,구분!$E:$E,0)),"") -> 00311 | C46: =IFERROR(VLOOKUP(B46,구분!$B:$C,2,0),"") -> 신세계김해점 | D46: =IFERROR(IF(B46="",0,SUMIFS(표1[매출금액],표1[매장코드],B46,표1[년],피벗값_구분!$X$2,표1[월],">="&피벗값_구분!$X$4,표1[월],"<="&피벗값_구분!$X$5)),0) -> 236465790 | E46: =IFERROR(IF(B46="",0,SUMIFS(표1[매출금액],표1[매장코드],B46,표1[년],피벗값_구분!$X$3,표1[월],">="&피벗값_구분!$X$4,표1[월],"<="&피벗값_구분!$X$5)),0) -> 257196200 | F46: =IFERROR(IF(B46="","",(E46-D46)/D46),"") -> 0.087667692 | G46: =IFERROR(IF(B46="",0,SUMIFS(표1[수금액(V+)],표1[매장코드],B46,표1[년],피벗값_구분!$X$2,표1[월],">="&피벗값_구분!$X$4,표1[월],"<="&피벗값_구분!$X$5)),0) -> 151041152 | H46: =IFERROR(IF(B46="",0,SUMIFS(표1[수금액(V+)],표1[매장코드],B46,표1[년],피벗값_구분!$X$3,표1[월],">="&피벗값_구분!$X$4,표1[월],"<="&피벗값_구분!$X$5)),0) -> 163842142 | I46: =IFERROR(IF(B46="","",H46/E46),"") -> 0.63703174 | J46: =IFERROR(IF(B46="",0,SUMIFS(표1[생산원가(V-)],표1[매장코드],B46,표1[년],피벗값_구분!$X$2,표1[월],">="&피벗값_구분!$X$4,표1[월],"<="&피벗값_구분!$X$5)),0) -> 75387768 | K46: =IFERROR(IF(B46="",0,SUMIFS(표1[생산원가(V-)],표1[매장코드],B46,표1[년],피벗값_구분!$X$3,표1[월],">="&피벗값_구분!$X$4,표1[월],"<="&피벗값_구분!$X$5)),0) -> 76083845 | L46: =IFERROR(IF(B46="","",E46/1.1/K46),"") -> 3.0731192 | M46: =IFERROR(IF(B46="",0,SUMIFS(표1[총경비],표1[매장코드],B46,표1[년],피벗값_구분!$X$2,표1[월],">="&피벗값_구분!$X$4,표1[월],"<="&피벗값_구분!$X$5)),0) -> 33048610 | N46: =IFERROR(IF(B46="",0,SUMIFS(표1[총경비],표1[매장코드],B46,표1[년],피벗값_구분!$X$3,표1[월],">="&피벗값_구분!$X$4,표1[월],"<="&피벗값_구분!$X$5)),0) -> 34935340 | O46: =IFERROR(IF(B46="","",N46/E46),"") -> 0.13583148 | P46: =IFERROR(IF(B46="",0,SUMIFS(표1[영업이익(V-)],표1[매장코드],B46,표1[년],피벗값_구분!$X$2,표1[월],">="&피벗값_구분!$X$4,표1[월],"<="&피벗값_구분!$X$5)),0) -> 61922370 | Q46: =IFERROR(IF(B46="",0,SUMIFS(표1[영업이익(V-)],표1[매장코드],B46,표1[년],피벗값_구분!$X$3,표1[월],">="&피벗값_구분!$X$4,표1[월],"<="&피벗값_구분!$X$5)),0) -> 72863557 | R46: =IFERROR(IF(B46="","",Q46/(E46/1.1)),"") -> 0.31162946 | S46: =Q46/$Q$70 -> 0.015041357 | T46: =IF(B46="","",Q46-P46) -> 10941187
B47: =IFERROR(INDEX(구분!$B:$B,MATCH(42,구분!$E:$E,0)),"") -> 00313 | C47: =IFERROR(VLOOKUP(B47,구분!$B:$C,2,0),"") -> 신세계스타필드하남점 | D47: =IFERROR(IF(B47="",0,SUMIFS(표1[매출금액],표1[매장코드],B47,표1[년],피벗값_구분!$X$2,표1[월],">="&피벗값_구분!$X$4,표1[월],"<="&피벗값_구분!$X$5)),0) -> 168613940 | E47: =IFERROR(IF(B47="",0,SUMIFS(표1[매출금액],표1[매장코드],B47,표1[년],피벗값_구분!$X$3,표1[월],">="&피벗값_구분!$X$4,표1[월],"<="&피벗값_구분!$X$5)),0) -> 178713880 | F47: =IFERROR(IF(B47="","",(E47-D47)/D47),"") -> 0.059899792 | G47: =IFERROR(IF(B47="",0,SUMIFS(표1[수금액(V+)],표1[매장코드],B47,표1[년],피벗값_구분!$X$2,표1[월],">="&피벗값_구분!$X$4,표1[월],"<="&피벗값_구분!$X$5)),0) -> 106421837 | H47: =IFERROR(IF(B47="",0,SUMIFS(표1[수금액(V+)],표1[매장코드],B47,표1[년],피벗값_구분!$X$3,표1[월],">="&피벗값_구분!$X$4,표1[월],"<="&피벗값_구분!$X$5)),0) -> 112993657 | I47: =IFERROR(IF(B47="","",H47/E47),"") -> 0.63226011 | J47: =IFERROR(IF(B47="",0,SUMIFS(표1[생산원가(V-)],표1[매장코드],B47,표1[년],피벗값_구분!$X$2,표1[월],">="&피벗값_구분!$X$4,표1[월],"<="&피벗값_구분!$X$5)),0) -> 47337745 | K47: =IFERROR(IF(B47="",0,SUMIFS(표1[생산원가(V-)],표1[매장코드],B47,표1[년],피벗값_구분!$X$3,표1[월],">="&피벗값_구분!$X$4,표1[월],"<="&피벗값_구분!$X$5)),0) -> 49178306 | L47: =IFERROR(IF(B47="","",E47/1.1/K47),"") -> 3.3036348 | M47: =IFERROR(IF(B47="",0,SUMIFS(표1[총경비],표1[매장코드],B47,표1[년],피벗값_구분!$X$2,표1[월],">="&피벗값_구분!$X$4,표1[월],"<="&피벗값_구분!$X$5)),0) -> 24358580 | N47: =IFERROR(IF(B47="",0,SUMIFS(표1[총경비],표1[매장코드],B47,표1[년],피벗값_구분!$X$3,표1[월],">="&피벗값_구분!$X$4,표1[월],"<="&피벗값_구분!$X$5)),0) -> 24877170 | O47: =IFERROR(IF(B47="","",N47/E47),"") -> 0.13920111 | P47: =IFERROR(IF(B47="",0,SUMIFS(표1[영업이익(V-)],표1[매장코드],B47,표1[년],피벗값_구분!$X$2,표1[월],">="&피벗값_구분!$X$4,표1[월],"<="&피벗값_구분!$X$5)),0) -> 49409378 | Q47: =IFERROR(IF(B47="",0,SUMIFS(표1[영업이익(V-)],표1[매장코드],B47,표1[년],피벗값_구분!$X$3,표1[월],">="&피벗값_구분!$X$4,표1[월],"<="&피벗값_구분!$X$5)),0) -> 53543200 | R47: =IFERROR(IF(B47="","",Q47/(E47/1.1)),"") -> 0.32956321 | S47: =Q47/$Q$70 -> 0.011053021 | T47: =IF(B47="","",Q47-P47) -> 4133822
B48: =IFERROR(INDEX(구분!$B:$B,MATCH(43,구분!$E:$E,0)),"") -> 00314 | C48: =IFERROR(VLOOKUP(B48,구분!$B:$C,2,0),"") -> 신세계대구점 | D48: =IFERROR(IF(B48="",0,SUMIFS(표1[매출금액],표1[매장코드],B48,표1[년],피벗값_구분!$X$2,표1[월],">="&피벗값_구분!$X$4,표1[월],"<="&피벗값_구분!$X$5)),0) -> 390285780 | E48: =IFERROR(IF(B48="",0,SUMIFS(표1[매출금액],표1[매장코드],B48,표1[년],피벗값_구분!$X$3,표1[월],">="&피벗값_구분!$X$4,표1[월],"<="&피벗값_구분!$X$5)),0) -> 383554610 | F48: =IFERROR(IF(B48="","",(E48-D48)/D48),"") -> -0.017246772 | G48: =IFERROR(IF(B48="",0,SUMIFS(표1[수금액(V+)],표1[매장코드],B48,표1[년],피벗값_구분!$X$2,표1[월],">="&피벗값_구분!$X$4,표1[월],"<="&피벗값_구분!$X$5)),0) -> 246993538 | H48: =IFERROR(IF(B48="",0,SUMIFS(표1[수금액(V+)],표1[매장코드],B48,표1[년],피벗값_구분!$X$3,표1[월],">="&피벗값_구분!$X$4,표1[월],"<="&피벗값_구분!$X$5)),0) -> 243294141 | I48: =IFERROR(IF(B48="","",H48/E48),"") -> 0.63431421 | J48: =IFERROR(IF(B48="",0,SUMIFS(표1[생산원가(V-)],표1[매장코드],B48,표1[년],피벗값_구분!$X$2,표1[월],">="&피벗값_구분!$X$4,표1[월],"<="&피벗값_구분!$X$5)),0) -> 116071640 | K48: =IFERROR(IF(B48="",0,SUMIFS(표1[생산원가(V-)],표1[매장코드],B48,표1[년],피벗값_구분!$X$3,표1[월],">="&피벗값_구분!$X$4,표1[월],"<="&피벗값_구분!$X$5)),0) -> 105600896 | L48: =IFERROR(IF(B48="","",E48/1.1/K48),"") -> 3.3019228 | M48: =IFERROR(IF(B48="",0,SUMIFS(표1[총경비],표1[매장코드],B48,표1[년],피벗값_구분!$X$2,표1[월],">="&피벗값_구분!$X$4,표1[월],"<="&피벗값_구분!$X$5)),0) -> 38648580 | N48: =IFERROR(IF(B48="",0,SUMIFS(표1[총경비],표1[매장코드],B48,표1[년],피벗값_구분!$X$3,표1[월],">="&피벗값_구분!$X$4,표1[월],"<="&피벗값_구분!$X$5)),0) -> 53420450 | O48: =IFERROR(IF(B48="","",N48/E48),"") -> 0.1392773 | P48: =IFERROR(IF(B48="",0,SUMIFS(표1[영업이익(V-)],표1[매장코드],B48,표1[년],피벗값_구분!$X$2,표1[월],">="&피벗값_구분!$X$4,표1[월],"<="&피벗값_구분!$X$5)),0) -> 108467940 | Q48: =IFERROR(IF(B48="",0,SUMIFS(표1[영업이익(V-)],표1[매장코드],B48,표1[년],피벗값_구분!$X$3,표1[월],">="&피벗값_구분!$X$4,표1[월],"<="&피벗값_구분!$X$5)),0) -> 115575595 | R48: =IFERROR(IF(B48="","",Q48/(E48/1.1)),"") -> 0.33146037 | S48: =Q48/$Q$70 -> 0.023858481 | T48: =IF(B48="","",Q48-P48) -> 7107655
B49: =IFERROR(INDEX(구분!$B:$B,MATCH(44,구분!$E:$E,0)),"") -> 00315 | C49: =IFERROR(VLOOKUP(B49,구분!$B:$C,2,0),"") -> 신세계대전점 | D49: =IFERROR(IF(B49="",0,SUMIFS(표1[매출금액],표1[매장코드],B49,표1[년],피벗값_구분!$X$2,표1[월],">="&피벗값_구분!$X$4,표1[월],"<="&피벗값_구분!$X$5)),0) -> 221730450 | E49: =IFERROR(IF(B49="",0,SUMIFS(표1[매출금액],표1[매장코드],B49,표1[년],피벗값_구분!$X$3,표1[월],">="&피벗값_구분!$X$4,표1[월],"<="&피벗값_구분!$X$5)),0) -> 246018830 | F49: =IFERROR(IF(B49="","",(E49-D49)/D49),"") -> 0.10954012 | G49: =IFERROR(IF(B49="",0,SUMIFS(표1[수금액(V+)],표1[매장코드],B49,표1[년],피벗값_구분!$X$2,표1[월],">="&피벗값_구분!$X$4,표1[월],"<="&피벗값_구분!$X$5)),0) -> 142349044 | H49: =IFERROR(IF(B49="",0,SUMIFS(표1[수금액(V+)],표1[매장코드],B49,표1[년],피벗값_구분!$X$3,표1[월],">="&피벗값_구분!$X$4,표1[월],"<="&피벗값_구분!$X$5)),0) -> 157477955 | I49: =IFERROR(IF(B49="","",H49/E49),"") -> 0.64010529 | J49: =IFERROR(IF(B49="",0,SUMIFS(표1[생산원가(V-)],표1[매장코드],B49,표1[년],피벗값_구분!$X$2,표1[월],">="&피벗값_구분!$X$4,표1[월],"<="&피벗값_구분!$X$5)),0) -> 66200730 | K49: =IFERROR(IF(B49="",0,SUMIFS(표1[생산원가(V-)],표1[매장코드],B49,표1[년],피벗값_구분!$X$3,표1[월],">="&피벗값_구분!$X$4,표1[월],"<="&피벗값_구분!$X$5)),0) -> 65652934 | L49: =IFERROR(IF(B49="","",E49/1.1/K49),"") -> 3.406603 | M49: =IFERROR(IF(B49="",0,SUMIFS(표1[총경비],표1[매장코드],B49,표1[년],피벗값_구분!$X$2,표1[월],">="&피벗값_구분!$X$4,표1[월],"<="&피벗값_구분!$X$5)),0) -> 31290080 | N49: =IFERROR(IF(B49="",0,SUMIFS(표1[총경비],표1[매장코드],B49,표1[년],피벗값_구분!$X$3,표1[월],">="&피벗값_구분!$X$4,표1[월],"<="&피벗값_구분!$X$5)),0) -> 29178010 | O49: =IFERROR(IF(B49="","",N49/E49),"") -> 0.11860072 | P49: =IFERROR(IF(B49="",0,SUMIFS(표1[영업이익(V-)],표1[매장코드],B49,표1[년],피벗값_구분!$X$2,표1[월],">="&피벗값_구분!$X$4,표1[월],"<="&피벗값_구분!$X$5)),0) -> 63207492 | Q49: =IFERROR(IF(B49="",0,SUMIFS(표1[영업이익(V-)],표1[매장코드],B49,표1[년],피벗값_구분!$X$3,표1[월],">="&피벗값_구분!$X$4,표1[월],"<="&피벗값_구분!$X$5)),0) -> 77508844 | R49: =IFERROR(IF(B49="","",Q49/(E49/1.1)),"") -> 0.34655773 | S49: =Q49/$Q$70 -> 0.016000292 | T49: =IF(B49="","",Q49-P49) -> 14301352
B50: =IFERROR(INDEX(구분!$B:$B,MATCH(45,구분!$E:$E,0)),"") -> 00503 | C50: =IFERROR(VLOOKUP(B50,구분!$B:$C,2,0),"") -> 갤러리아천안점 | D50: =IFERROR(IF(B50="",0,SUMIFS(표1[매출금액],표1[매장코드],B50,표1[년],피벗값_구분!$X$2,표1[월],">="&피벗값_구분!$X$4,표1[월],"<="&피벗값_구분!$X$5)),0) -> 210242580 | E50: =IFERROR(IF(B50="",0,SUMIFS(표1[매출금액],표1[매장코드],B50,표1[년],피벗값_구분!$X$3,표1[월],">="&피벗값_구분!$X$4,표1[월],"<="&피벗값_구분!$X$5)),0) -> 211806640 | F50: =IFERROR(IF(B50="","",(E50-D50)/D50),"") -> 0.0074393113 | G50: =IFERROR(IF(B50="",0,SUMIFS(표1[수금액(V+)],표1[매장코드],B50,표1[년],피벗값_구분!$X$2,표1[월],">="&피벗값_구분!$X$4,표1[월],"<="&피벗값_구분!$X$5)),0) -> 135027238 | H50: =IFERROR(IF(B50="",0,SUMIFS(표1[수금액(V+)],표1[매장코드],B50,표1[년],피벗값_구분!$X$3,표1[월],">="&피벗값_구분!$X$4,표1[월],"<="&피벗값_구분!$X$5)),0) -> 134447591 | I50: =IFERROR(IF(B50="","",H50/E50),"") -> 0.6347657 | J50: =IFERROR(IF(B50="",0,SUMIFS(표1[생산원가(V-)],표1[매장코드],B50,표1[년],피벗값_구분!$X$2,표1[월],">="&피벗값_구분!$X$4,표1[월],"<="&피벗값_구분!$X$5)),0) -> 65887080 | K50: =IFERROR(IF(B50="",0,SUMIFS(표1[생산원가(V-)],표1[매장코드],B50,표1[년],피벗값_구분!$X$3,표1[월],">="&피벗값_구분!$X$4,표1[월],"<="&피벗값_구분!$X$5)),0) -> 62364408 | L50: =IFERROR(IF(B50="","",E50/1.1/K50),"") -> 3.0875221 | M50: =IFERROR(IF(B50="",0,SUMIFS(표1[총경비],표1[매장코드],B50,표1[년],피벗값_구분!$X$2,표1[월],">="&피벗값_구분!$X$4,표1[월],"<="&피벗값_구분!$X$5)),0) -> 31885310 | N50: =IFERROR(IF(B50="",0,SUMIFS(표1[총경비],표1[매장코드],B50,표1[년],피벗값_구분!$X$3,표1[월],">="&피벗값_구분!$X$4,표1[월],"<="&피벗값_구분!$X$5)),0) -> 35010190 | O50: =IFERROR(IF(B50="","",N50/E50),"") -> 0.16529317 | P50: =IFERROR(IF(B50="",0,SUMIFS(표1[영업이익(V-)],표1[매장코드],B50,표1[년],피벗값_구분!$X$2,표1[월],">="&피벗값_구분!$X$4,표1[월],"<="&피벗값_구분!$X$5)),0) -> 56864954 | Q50: =IFERROR(IF(B50="",0,SUMIFS(표1[영업이익(V-)],표1[매장코드],B50,표1[년],피벗값_구분!$X$3,표1[월],">="&피벗값_구분!$X$4,표1[월],"<="&피벗값_구분!$X$5)),0) -> 59860675 | R50: =IFERROR(IF(B50="","",Q50/(E50/1.1)),"") -> 0.31088139 | S50: =Q50/$Q$70 -> 0.012357148 | T50: =IF(B50="","",Q50-P50) -> 2995721
B51: =IFERROR(INDEX(구분!$B:$B,MATCH(46,구분!$E:$E,0)),"") -> 00504 | C51: =IFERROR(VLOOKUP(B51,구분!$B:$C,2,0),"") -> 갤러리아광교점 | D51: =IFERROR(IF(B51="",0,SUMIFS(표1[매출금액],표1[매장코드],B51,표1[년],피벗값_구분!$X$2,표1[월],">="&피벗값_구분!$X$4,표1[월],"<="&피벗값_구분!$X$5)),0) -> 414430770 | E51: =IFERROR(IF(B51="",0,SUMIFS(표1[매출금액],표1[매장코드],B51,표1[년],피벗값_구분!$X$3,표1[월],">="&피벗값_구분!$X$4,표1[월],"<="&피벗값_구분!$X$5)),0) -> 435458830 | F51: =IFERROR(IF(B51="","",(E51-D51)/D51),"") -> 0.050739621 | G51: =IFERROR(IF(B51="",0,SUMIFS(표1[수금액(V+)],표1[매장코드],B51,표1[년],피벗값_구분!$X$2,표1[월],">="&피벗값_구분!$X$4,표1[월],"<="&피벗값_구분!$X$5)),0) -> 261327096 | H51: =IFERROR(IF(B51="",0,SUMIFS(표1[수금액(V+)],표1[매장코드],B51,표1[년],피벗값_구분!$X$3,표1[월],">="&피벗값_구분!$X$4,표1[월],"<="&피벗값_구분!$X$5)),0) -> 273277404 | I51: =IFERROR(IF(B51="","",H51/E51),"") -> 0.62756198 | J51: =IFERROR(IF(B51="",0,SUMIFS(표1[생산원가(V-)],표1[매장코드],B51,표1[년],피벗값_구분!$X$2,표1[월],">="&피벗값_구분!$X$4,표1[월],"<="&피벗값_구분!$X$5)),0) -> 129368702 | K51: =IFERROR(IF(B51="",0,SUMIFS(표1[생산원가(V-)],표1[매장코드],B51,표1[년],피벗값_구분!$X$3,표1[월],">="&피벗값_구분!$X$4,표1[월],"<="&피벗값_구분!$X$5)),0) -> 129229820 | L51: =IFERROR(IF(B51="","",E51/1.1/K51),"") -> 3.0633151 | M51: =IFERROR(IF(B51="",0,SUMIFS(표1[총경비],표1[매장코드],B51,표1[년],피벗값_구분!$X$2,표1[월],">="&피벗값_구분!$X$4,표1[월],"<="&피벗값_구분!$X$5)),0) -> 47925474 | N51: =IFERROR(IF(B51="",0,SUMIFS(표1[총경비],표1[매장코드],B51,표1[년],피벗값_구분!$X$3,표1[월],">="&피벗값_구분!$X$4,표1[월],"<="&피벗값_구분!$X$5)),0) -> 52175650 | O51: =IFERROR(IF(B51="","",N51/E51),"") -> 0.11981764 | P51: =IFERROR(IF(B51="",0,SUMIFS(표1[영업이익(V-)],표1[매장코드],B51,표1[년],피벗값_구분!$X$2,표1[월],">="&피벗값_구분!$X$4,표1[월],"<="&피벗값_구분!$X$5)),0) -> 108201386 | Q51: =IFERROR(IF(B51="",0,SUMIFS(표1[영업이익(V-)],표1[매장코드],B51,표1[년],피벗값_구분!$X$3,표1[월],">="&피벗값_구분!$X$4,표1[월],"<="&피벗값_구분!$X$5)),0) -> 119204183 | R51: =IFERROR(IF(B51="","",Q51/(E51/1.1)),"") -> 0.30111825 | S51: =Q51/$Q$70 -> 0.024607537 | T51: =IF(B51="","",Q51-P51) -> 11002797
B52: =IFERROR(INDEX(구분!$B:$B,MATCH(47,구분!$E:$E,0)),"") -> 00505 | C52: =IFERROR(VLOOKUP(B52,구분!$B:$C,2,0),"") -> 갤러리아진주점 | D52: =IFERROR(IF(B52="",0,SUMIFS(표1[매출금액],표1[매장코드],B52,표1[년],피벗값_구분!$X$2,표1[월],">="&피벗값_구분!$X$4,표1[월],"<="&피벗값_구분!$X$5)),0) -> 183800161 | E52: =IFERROR(IF(B52="",0,SUMIFS(표1[매출금액],표1[매장코드],B52,표1[년],피벗값_구분!$X$3,표1[월],">="&피벗값_구분!$X$4,표1[월],"<="&피벗값_구분!$X$5)),0) -> 121701840 | F52: =IFERROR(IF(B52="","",(E52-D52)/D52),"") -> -0.33785782 | G52: =IFERROR(IF(B52="",0,SUMIFS(표1[수금액(V+)],표1[매장코드],B52,표1[년],피벗값_구분!$X$2,표1[월],">="&피벗값_구분!$X$4,표1[월],"<="&피벗값_구분!$X$5)),0) -> 117332296 | H52: =IFERROR(IF(B52="",0,SUMIFS(표1[수금액(V+)],표1[매장코드],B52,표1[년],피벗값_구분!$X$3,표1[월],">="&피벗값_구분!$X$4,표1[월],"<="&피벗값_구분!$X$5)),0) -> 77701161 | I52: =IFERROR(IF(B52="","",H52/E52),"") -> 0.6384551 | J52: =IFERROR(IF(B52="",0,SUMIFS(표1[생산원가(V-)],표1[매장코드],B52,표1[년],피벗값_구분!$X$2,표1[월],">="&피벗값_구분!$X$4,표1[월],"<="&피벗값_구분!$X$5)),0) -> 53314787 | K52: =IFERROR(IF(B52="",0,SUMIFS(표1[생산원가(V-)],표1[매장코드],B52,표1[년],피벗값_구분!$X$3,표1[월],">="&피벗값_구분!$X$4,표1[월],"<="&피벗값_구분!$X$5)),0) -> 34440546 | L52: =IFERROR(IF(B52="","",E52/1.1/K52),"") -> 3.2124356 | M52: =IFERROR(IF(B52="",0,SUMIFS(표1[총경비],표1[매장코드],B52,표1[년],피벗값_구분!$X$2,표1[월],">="&피벗값_구분!$X$4,표1[월],"<="&피벗값_구분!$X$5)),0) -> 26769741 | N52: =IFERROR(IF(B52="",0,SUMIFS(표1[총경비],표1[매장코드],B52,표1[년],피벗값_구분!$X$3,표1[월],">="&피벗값_구분!$X$4,표1[월],"<="&피벗값_구분!$X$5)),0) -> 24746020 | O52: =IFERROR(IF(B52="","",N52/E52),"") -> 0.20333316 | P52: =IFERROR(IF(B52="",0,SUMIFS(표1[영업이익(V-)],표1[매장코드],B52,표1[년],피벗값_구분!$X$2,표1[월],">="&피벗값_구분!$X$4,표1[월],"<="&피벗값_구분!$X$5)),0) -> 53350937 | Q52: =IFERROR(IF(B52="",0,SUMIFS(표1[영업이익(V-)],표1[매장코드],B52,표1[년],피벗값_구분!$X$3,표1[월],">="&피벗값_구분!$X$4,표1[월],"<="&피벗값_구분!$X$5)),0) -> 36196874 | R52: =IFERROR(IF(B52="","",Q52/(E52/1.1)),"") -> 0.32716483 | S52: =Q52/$Q$70 -> 0.0074721868 | T52: =IF(B52="","",Q52-P52) -> -17154063
B53: =IFERROR(INDEX(구분!$B:$B,MATCH(48,구분!$E:$E,0)),"") -> 00506 | C53: =IFERROR(VLOOKUP(B53,구분!$B:$C,2,0),"") -> 갤러리아타임월드점 | D53: =IFERROR(IF(B53="",0,SUMIFS(표1[매출금액],표1[매장코드],B53,표1[년],피벗값_구분!$X$2,표1[월],">="&피벗값_구분!$X$4,표1[월],"<="&피벗값_구분!$X$5)),0) -> 149139810 | E53: =IFERROR(IF(B53="",0,SUMIFS(표1[매출금액],표1[매장코드],B53,표1[년],피벗값_구분!$X$3,표1[월],">="&피벗값_구분!$X$4,표1[월],"<="&피벗값_구분!$X$5)),0) -> 168582860 | F53: =IFERROR(IF(B53="","",(E53-D53)/D53),"") -> 0.13036794 | G53: =IFERROR(IF(B53="",0,SUMIFS(표1[수금액(V+)],표1[매장코드],B53,표1[년],피벗값_구분!$X$2,표1[월],">="&피벗값_구분!$X$4,표1[월],"<="&피벗값_구분!$X$5)),0) -> 94521979 | H53: =IFERROR(IF(B53="",0,SUMIFS(표1[수금액(V+)],표1[매장코드],B53,표1[년],피벗값_구분!$X$3,표1[월],">="&피벗값_구분!$X$4,표1[월],"<="&피벗값_구분!$X$5)),0) -> 108078598 | I53: =IFERROR(IF(B53="","",H53/E53),"") -> 0.64110075 | J53: =IFERROR(IF(B53="",0,SUMIFS(표1[생산원가(V-)],표1[매장코드],B53,표1[년],피벗값_구분!$X$2,표1[월],">="&피벗값_구분!$X$4,표1[월],"<="&피벗값_구분!$X$5)),0) -> 44520796 | K53: =IFERROR(IF(B53="",0,SUMIFS(표1[생산원가(V-)],표1[매장코드],B53,표1[년],피벗값_구분!$X$3,표1[월],">="&피벗값_구분!$X$4,표1[월],"<="&피벗값_구분!$X$5)),0) -> 49152976 | L53: =IFERROR(IF(B53="","",E53/1.1/K53),"") -> 3.1179627 | M53: =IFERROR(IF(B53="",0,SUMIFS(표1[총경비],표1[매장코드],B53,표1[년],피벗값_구분!$X$2,표1[월],">="&피벗값_구분!$X$4,표1[월],"<="&피벗값_구분!$X$5)),0) -> 27859405 | N53: =IFERROR(IF(B53="",0,SUMIFS(표1[총경비],표1[매장코드],B53,표1[년],피벗값_구분!$X$3,표1[월],">="&피벗값_구분!$X$4,표1[월],"<="&피벗값_구분!$X$5)),0) -> 29587505 | O53: =IFERROR(IF(B53="","",N53/E53),"") -> 0.1755072 | P53: =IFERROR(IF(B53="",0,SUMIFS(표1[영업이익(V-)],표1[매장코드],B53,표1[년],피벗값_구분!$X$2,표1[월],">="&피벗값_구분!$X$4,표1[월],"<="&피벗값_구분!$X$5)),0) -> 41408275 | Q53: =IFERROR(IF(B53="",0,SUMIFS(표1[영업이익(V-)],표1[매장코드],B53,표1[년],피벗값_구분!$X$3,표1[월],">="&피벗값_구분!$X$4,표1[월],"<="&피벗값_구분!$X$5)),0) -> 49100295 | R53: =IFERROR(IF(B53="","",Q53/(E53/1.1)),"") -> 0.3203785 | S53: =Q53/$Q$70 -> 0.010135864 | T53: =IF(B53="","",Q53-P53) -> 7692020
B54: =IFERROR(INDEX(구분!$B:$B,MATCH(49,구분!$E:$E,0)),"") -> 00601 | C54: =IFERROR(VLOOKUP(B54,구분!$B:$C,2,0),"") -> AK프라자분당점 | D54: =IFERROR(IF(B54="",0,SUMIFS(표1[매출금액],표1[매장코드],B54,표1[년],피벗값_구분!$X$2,표1[월],">="&피벗값_구분!$X$4,표1[월],"<="&피벗값_구분!$X$5)),0) -> 145477440 | E54: =IFERROR(IF(B54="",0,SUMIFS(표1[매출금액],표1[매장코드],B54,표1[년],피벗값_구분!$X$3,표1[월],">="&피벗값_구분!$X$4,표1[월],"<="&피벗값_구분!$X$5)),0) -> 170414560 | F54: =IFERROR(IF(B54="","",(E54-D54)/D54),"") -> 0.17141572 | G54: =IFERROR(IF(B54="",0,SUMIFS(표1[수금액(V+)],표1[매장코드],B54,표1[년],피벗값_구분!$X$2,표1[월],">="&피벗값_구분!$X$4,표1[월],"<="&피벗값_구분!$X$5)),0) -> 90585226 | H54: =IFERROR(IF(B54="",0,SUMIFS(표1[수금액(V+)],표1[매장코드],B54,표1[년],피벗값_구분!$X$3,표1[월],">="&피벗값_구분!$X$4,표1[월],"<="&피벗값_구분!$X$5)),0) -> 106440469 | I54: =IFERROR(IF(B54="","",H54/E54),"") -> 0.62459727 | J54: =IFERROR(IF(B54="",0,SUMIFS(표1[생산원가(V-)],표1[매장코드],B54,표1[년],피벗값_구분!$X$2,표1[월],">="&피벗값_구분!$X$4,표1[월],"<="&피벗값_구분!$X$5)),0) -> 42936053 | K54: =IFERROR(IF(B54="",0,SUMIFS(표1[생산원가(V-)],표1[매장코드],B54,표1[년],피벗값_구분!$X$3,표1[월],">="&피벗값_구분!$X$4,표1[월],"<="&피벗값_구분!$X$5)),0) -> 46144507 | L54: =IFERROR(IF(B54="","",E54/1.1/K54),"") -> 3.3573298 | M54: =IFERROR(IF(B54="",0,SUMIFS(표1[총경비],표1[매장코드],B54,표1[년],피벗값_구분!$X$2,표1[월],">="&피벗값_구분!$X$4,표1[월],"<="&피벗값_구분!$X$5)),0) -> 33783960 | N54: =IFERROR(IF(B54="",0,SUMIFS(표1[총경비],표1[매장코드],B54,표1[년],피벗값_구분!$X$3,표1[월],">="&피벗값_구분!$X$4,표1[월],"<="&피벗값_구분!$X$5)),0) -> 29238560 | O54: =IFERROR(IF(B54="","",N54/E54),"") -> 0.17157313 | P54: =IFERROR(IF(B54="",0,SUMIFS(표1[영업이익(V-)],표1[매장코드],B54,표1[년],피벗값_구분!$X$2,표1[월],">="&피벗값_구분!$X$4,표1[월],"<="&피벗값_구분!$X$5)),0) -> 39414151 | Q54: =IFERROR(IF(B54="",0,SUMIFS(표1[영업이익(V-)],표1[매장코드],B54,표1[년],피벗값_구분!$X$3,표1[월],">="&피벗값_구분!$X$4,표1[월],"<="&피벗값_구분!$X$5)),0) -> 50619556 | R54: =IFERROR(IF(B54="","",Q54/(E54/1.1)),"") -> 0.32674152 | S54: =Q54/$Q$70 -> 0.010449487 | T54: =IF(B54="","",Q54-P54) -> 11205405
B55: =IFERROR(INDEX(구분!$B:$B,MATCH(50,구분!$E:$E,0)),"") -> 00603 | C55: =IFERROR(VLOOKUP(B55,구분!$B:$C,2,0),"") -> AK프라자수원점 | D55: =IFERROR(IF(B55="",0,SUMIFS(표1[매출금액],표1[매장코드],B55,표1[년],피벗값_구분!$X$2,표1[월],">="&피벗값_구분!$X$4,표1[월],"<="&피벗값_구분!$X$5)),0) -> 0 | E55: =IFERROR(IF(B55="",0,SUMIFS(표1[매출금액],표1[매장코드],B55,표1[년],피벗값_구분!$X$3,표1[월],">="&피벗값_구분!$X$4,표1[월],"<="&피벗값_구분!$X$5)),0) -> 202205010 | F55: =IFERROR(IF(B55="","",(E55-D55)/D55),"") | G55: =IFERROR(IF(B55="",0,SUMIFS(표1[수금액(V+)],표1[매장코드],B55,표1[년],피벗값_구분!$X$2,표1[월],">="&피벗값_구분!$X$4,표1[월],"<="&피벗값_구분!$X$5)),0) -> 0 | H55: =IFERROR(IF(B55="",0,SUMIFS(표1[수금액(V+)],표1[매장코드],B55,표1[년],피벗값_구분!$X$3,표1[월],">="&피벗값_구분!$X$4,표1[월],"<="&피벗값_구분!$X$5)),0) -> 129314788 | I55: =IFERROR(IF(B55="","",H55/E55),"") -> 0.63952317 | J55: =IFERROR(IF(B55="",0,SUMIFS(표1[생산원가(V-)],표1[매장코드],B55,표1[년],피벗값_구분!$X$2,표1[월],">="&피벗값_구분!$X$4,표1[월],"<="&피벗값_구분!$X$5)),0) -> 0 | K55: =IFERROR(IF(B55="",0,SUMIFS(표1[생산원가(V-)],표1[매장코드],B55,표1[년],피벗값_구분!$X$3,표1[월],">="&피벗값_구분!$X$4,표1[월],"<="&피벗값_구분!$X$5)),0) -> 60325682 | L55: =IFERROR(IF(B55="","",E55/1.1/K55),"") -> 3.0471721 | M55: =IFERROR(IF(B55="",0,SUMIFS(표1[총경비],표1[매장코드],B55,표1[년],피벗값_구분!$X$2,표1[월],">="&피벗값_구분!$X$4,표1[월],"<="&피벗값_구분!$X$5)),0) -> 0 | N55: =IFERROR(IF(B55="",0,SUMIFS(표1[총경비],표1[매장코드],B55,표1[년],피벗값_구분!$X$3,표1[월],">="&피벗값_구분!$X$4,표1[월],"<="&피벗값_구분!$X$5)),0) -> 38406800 | O55: =IFERROR(IF(B55="","",N55/E55),"") -> 0.1899399 | P55: =IFERROR(IF(B55="",0,SUMIFS(표1[영업이익(V-)],표1[매장코드],B55,표1[년],피벗값_구분!$X$2,표1[월],">="&피벗값_구분!$X$4,표1[월],"<="&피벗값_구분!$X$5)),0) -> 0 | Q55: =IFERROR(IF(B55="",0,SUMIFS(표1[영업이익(V-)],표1[매장코드],B55,표1[년],피벗값_구분!$X$3,표1[월],">="&피벗값_구분!$X$4,표1[월],"<="&피벗값_구분!$X$5)),0) -> 57233216 | R55: =IFERROR(IF(B55="","",Q55/(E55/1.1)),"") -> 0.31135004 | S55: =Q55/$Q$70 -> 0.011814757 | T55: =IF(B55="","",Q55-P55) -> 57233216
B56: =IFERROR(INDEX(구분!$B:$B,MATCH(51,구분!$E:$E,0)),"") -> 01305 | C56: =IFERROR(VLOOKUP(B56,구분!$B:$C,2,0),"") -> 신세계본점 | D56: =IFERROR(IF(B56="",0,SUMIFS(표1[매출금액],표1[매장코드],B56,표1[년],피벗값_구분!$X$2,표1[월],">="&피벗값_구분!$X$4,표1[월],"<="&피벗값_구분!$X$5)),0) -> 356547330 | E56: =IFERROR(IF(B56="",0,SUMIFS(표1[매출금액],표1[매장코드],B56,표1[년],피벗값_구분!$X$3,표1[월],">="&피벗값_구분!$X$4,표1[월],"<="&피벗값_구분!$X$5)),0) -> 370505260 | F56: =IFERROR(IF(B56="","",(E56-D56)/D56),"") -> 0.039147481 | G56: =IFERROR(IF(B56="",0,SUMIFS(표1[수금액(V+)],표1[매장코드],B56,표1[년],피벗값_구분!$X$2,표1[월],">="&피벗값_구분!$X$4,표1[월],"<="&피벗값_구분!$X$5)),0) -> 225043083 | H56: =IFERROR(IF(B56="",0,SUMIFS(표1[수금액(V+)],표1[매장코드],B56,표1[년],피벗값_구분!$X$3,표1[월],">="&피벗값_구분!$X$4,표1[월],"<="&피벗값_구분!$X$5)),0) -> 233658882 | I56: =IFERROR(IF(B56="","",H56/E56),"") -> 0.6306493 | J56: =IFERROR(IF(B56="",0,SUMIFS(표1[생산원가(V-)],표1[매장코드],B56,표1[년],피벗값_구분!$X$2,표1[월],">="&피벗값_구분!$X$4,표1[월],"<="&피벗값_구분!$X$5)),0) -> 110380464 | K56: =IFERROR(IF(B56="",0,SUMIFS(표1[생산원가(V-)],표1[매장코드],B56,표1[년],피벗값_구분!$X$3,표1[월],">="&피벗값_구분!$X$4,표1[월],"<="&피벗값_구분!$X$5)),0) -> 109146091 | L56: =IFERROR(IF(B56="","",E56/1.1/K56),"") -> 3.0859828 | M56: =IFERROR(IF(B56="",0,SUMIFS(표1[총경비],표1[매장코드],B56,표1[년],피벗값_구분!$X$2,표1[월],">="&피벗값_구분!$X$4,표1[월],"<="&피벗값_구분!$X$5)),0) -> 55955670 | N56: =IFERROR(IF(B56="",0,SUMIFS(표1[총경비],표1[매장코드],B56,표1[년],피벗값_구분!$X$3,표1[월],">="&피벗값_구분!$X$4,표1[월],"<="&피벗값_구분!$X$5)),0) -> 58672550 | O56: =IFERROR(IF(B56="","",N56/E56),"") -> 0.15835821 | P56: =IFERROR(IF(B56="",0,SUMIFS(표1[영업이익(V-)],표1[매장코드],B56,표1[년],피벗값_구분!$X$2,표1[월],">="&피벗값_구분!$X$4,표1[월],"<="&피벗값_구분!$X$5)),0) -> 94204157 | Q56: =IFERROR(IF(B56="",0,SUMIFS(표1[영업이익(V-)],표1[매장코드],B56,표1[년],피벗값_구분!$X$3,표1[월],">="&피벗값_구분!$X$4,표1[월],"<="&피벗값_구분!$X$5)),0) -> 103271074 | R56: =IFERROR(IF(B56="","",Q56/(E56/1.1)),"") -> 0.30660342 | S56: =Q56/$Q$70 -> 0.021318436 | T56: =IF(B56="","",Q56-P56) -> 9066917
B57: =IFERROR(INDEX(구분!$B:$B,MATCH(52,구분!$E:$E,0)),"") -> 05002 | C57: =IFERROR(VLOOKUP(B57,구분!$B:$C,2,0),"") -> 롯데아울렛김해점 | D57: =IFERROR(IF(B57="",0,SUMIFS(표1[매출금액],표1[매장코드],B57,표1[년],피벗값_구분!$X$2,표1[월],">="&피벗값_구분!$X$4,표1[월],"<="&피벗값_구분!$X$5)),0) -> 414602390 | E57: =IFERROR(IF(B57="",0,SUMIFS(표1[매출금액],표1[매장코드],B57,표1[년],피벗값_구분!$X$3,표1[월],">="&피벗값_구분!$X$4,표1[월],"<="&피벗값_구분!$X$5)),0) -> 368846030 | F57: =IFERROR(IF(B57="","",(E57-D57)/D57),"") -> -0.11036203 | G57: =IFERROR(IF(B57="",0,SUMIFS(표1[수금액(V+)],표1[매장코드],B57,표1[년],피벗값_구분!$X$2,표1[월],">="&피벗값_구분!$X$4,표1[월],"<="&피벗값_구분!$X$5)),0) -> 317171275 | H57: =IFERROR(IF(B57="",0,SUMIFS(표1[수금액(V+)],표1[매장코드],B57,표1[년],피벗값_구분!$X$3,표1[월],">="&피벗값_구분!$X$4,표1[월],"<="&피벗값_구분!$X$5)),0) -> 282167448 | I57: =IFERROR(IF(B57="","",H57/E57),"") -> 0.76500064 | J57: =IFERROR(IF(B57="",0,SUMIFS(표1[생산원가(V-)],표1[매장코드],B57,표1[년],피벗값_구분!$X$2,표1[월],">="&피벗값_구분!$X$4,표1[월],"<="&피벗값_구분!$X$5)),0) -> 142433388 | K57: =IFERROR(IF(B57="",0,SUMIFS(표1[생산원가(V-)],표1[매장코드],B57,표1[년],피벗값_구분!$X$3,표1[월],">="&피벗값_구분!$X$4,표1[월],"<="&피벗값_구분!$X$5)),0) -> 112174202 | L57: =IFERROR(IF(B57="","",E57/1.1/K57),"") -> 2.9892307 | M57: =IFERROR(IF(B57="",0,SUMIFS(표1[총경비],표1[매장코드],B57,표1[년],피벗값_구분!$X$2,표1[월],">="&피벗값_구분!$X$4,표1[월],"<="&피벗값_구분!$X$5)),0) -> 55830830 | N57: =IFERROR(IF(B57="",0,SUMIFS(표1[총경비],표1[매장코드],B57,표1[년],피벗값_구분!$X$3,표1[월],">="&피벗값_구분!$X$4,표1[월],"<="&피벗값_구분!$X$5)),0) -> 49799600 | O57: =IFERROR(IF(B57="","",N57/E57),"") -> 0.1350146 | P57: =IFERROR(IF(B57="",0,SUMIFS(표1[영업이익(V-)],표1[매장코드],B57,표1[년],피벗값_구분!$X$2,표1[월],">="&피벗값_구분!$X$4,표1[월],"<="&피벗값_구분!$X$5)),0) -> 145904135 | Q57: =IFERROR(IF(B57="",0,SUMIFS(표1[영업이익(V-)],표1[매장코드],B57,표1[년],피벗값_구분!$X$3,표1[월],">="&피벗값_구분!$X$4,표1[월],"<="&피벗값_구분!$X$5)),0) -> 144341660 | R57: =IFERROR(IF(B57="","",Q57/(E57/1.1)),"") -> 0.43046641 | S57: =Q57/$Q$70 -> 0.029796712 | T57: =IF(B57="","",Q57-P57) -> -1562475
B58: =IFERROR(INDEX(구분!$B:$B,MATCH(53,구분!$E:$E,0)),"") -> 05003 | C58: =IFERROR(VLOOKUP(B58,구분!$B:$C,2,0),"") -> 롯데아울렛이천점 | D58: =IFERROR(IF(B58="",0,SUMIFS(표1[매출금액],표1[매장코드],B58,표1[년],피벗값_구분!$X$2,표1[월],">="&피벗값_구분!$X$4,표1[월],"<="&피벗값_구분!$X$5)),0) -> 222880170 | E58: =IFERROR(IF(B58="",0,SUMIFS(표1[매출금액],표1[매장코드],B58,표1[년],피벗값_구분!$X$3,표1[월],">="&피벗값_구분!$X$4,표1[월],"<="&피벗값_구분!$X$5)),0) -> 247285010 | F58: =IFERROR(IF(B58="","",(E58-D58)/D58),"") -> 0.10949758 | G58: =IFERROR(IF(B58="",0,SUMIFS(표1[수금액(V+)],표1[매장코드],B58,표1[년],피벗값_구분!$X$2,표1[월],">="&피벗값_구분!$X$4,표1[월],"<="&피벗값_구분!$X$5)),0) -> 171617859 | H58: =IFERROR(IF(B58="",0,SUMIFS(표1[수금액(V+)],표1[매장코드],B58,표1[년],피벗값_구분!$X$3,표1[월],">="&피벗값_구분!$X$4,표1[월],"<="&피벗값_구분!$X$5)),0) -> 190409588 | I58: =IFERROR(IF(B58="","",H58/E58),"") -> 0.77000053 | J58: =IFERROR(IF(B58="",0,SUMIFS(표1[생산원가(V-)],표1[매장코드],B58,표1[년],피벗값_구분!$X$2,표1[월],">="&피벗값_구분!$X$4,표1[월],"<="&피벗값_구분!$X$5)),0) -> 72984080 | K58: =IFERROR(IF(B58="",0,SUMIFS(표1[생산원가(V-)],표1[매장코드],B58,표1[년],피벗값_구분!$X$3,표1[월],">="&피벗값_구분!$X$4,표1[월],"<="&피벗값_구분!$X$5)),0) -> 74522206 | L58: =IFERROR(IF(B58="","",E58/1.1/K58),"") -> 3.0166116 | M58: =IFERROR(IF(B58="",0,SUMIFS(표1[총경비],표1[매장코드],B58,표1[년],피벗값_구분!$X$2,표1[월],">="&피벗값_구분!$X$4,표1[월],"<="&피벗값_구분!$X$5)),0) -> 35629220 | N58: =IFERROR(IF(B58="",0,SUMIFS(표1[총경비],표1[매장코드],B58,표1[년],피벗값_구분!$X$3,표1[월],">="&피벗값_구분!$X$4,표1[월],"<="&피벗값_구분!$X$5)),0) -> 39385870 | O58: =IFERROR(IF(B58="","",N58/E58),"") -> 0.15927318 | P58: =IFERROR(IF(B58="",0,SUMIFS(표1[영업이익(V-)],표1[매장코드],B58,표1[년],피벗값_구분!$X$2,표1[월],">="&피벗값_구분!$X$4,표1[월],"<="&피벗값_구분!$X$5)),0) -> 83032156 | Q58: =IFERROR(IF(B58="",0,SUMIFS(표1[영업이익(V-)],표1[매장코드],B58,표1[년],피벗값_구분!$X$3,표1[월],">="&피벗값_구분!$X$4,표1[월],"<="&피벗값_구분!$X$5)),0) -> 98577419 | R58: =IFERROR(IF(B58="","",Q58/(E58/1.1)),"") -> 0.43850277 | S58: =Q58/$Q$70 -> 0.020349517 | T58: =IF(B58="","",Q58-P58) -> 15545263
B59: =IFERROR(INDEX(구분!$B:$B,MATCH(54,구분!$E:$E,0)),"") -> 05004 | C59: =IFERROR(VLOOKUP(B59,구분!$B:$C,2,0),"") -> 롯데아울렛광명점 | D59: =IFERROR(IF(B59="",0,SUMIFS(표1[매출금액],표1[매장코드],B59,표1[년],피벗값_구분!$X$2,표1[월],">="&피벗값_구분!$X$4,표1[월],"<="&피벗값_구분!$X$5)),0) -> 193276390 | E59: =IFERROR(IF(B59="",0,SUMIFS(표1[매출금액],표1[매장코드],B59,표1[년],피벗값_구분!$X$3,표1[월],">="&피벗값_구분!$X$4,표1[월],"<="&피벗값_구분!$X$5)),0) -> 190993090 | F59: =IFERROR(IF(B59="","",(E59-D59)/D59),"") -> -0.011813652 | G59: =IFERROR(IF(B59="",0,SUMIFS(표1[수금액(V+)],표1[매장코드],B59,표1[년],피벗값_구분!$X$2,표1[월],">="&피벗값_구분!$X$4,표1[월],"<="&피벗값_구분!$X$5)),0) -> 147856610 | H59: =IFERROR(IF(B59="",0,SUMIFS(표1[수금액(V+)],표1[매장코드],B59,표1[년],피벗값_구분!$X$3,표1[월],">="&피벗값_구분!$X$4,표1[월],"<="&피벗값_구분!$X$5)),0) -> 146109877 | I59: =IFERROR(IF(B59="","",H59/E59),"") -> 0.76500085 | J59: =IFERROR(IF(B59="",0,SUMIFS(표1[생산원가(V-)],표1[매장코드],B59,표1[년],피벗값_구분!$X$2,표1[월],">="&피벗값_구분!$X$4,표1[월],"<="&피벗값_구분!$X$5)),0) -> 62522792 | K59: =IFERROR(IF(B59="",0,SUMIFS(표1[생산원가(V-)],표1[매장코드],B59,표1[년],피벗값_구분!$X$3,표1[월],">="&피벗값_구분!$X$4,표1[월],"<="&피벗값_구분!$X$5)),0) -> 57173623 | L59: =IFERROR(IF(B59="","",E59/1.1/K59),"") -> 3.0368914 | M59: =IFERROR(IF(B59="",0,SUMIFS(표1[총경비],표1[매장코드],B59,표1[년],피벗값_구분!$X$2,표1[월],">="&피벗값_구분!$X$4,표1[월],"<="&피벗값_구분!$X$5)),0) -> 35456510 | N59: =IFERROR(IF(B59="",0,SUMIFS(표1[총경비],표1[매장코드],B59,표1[년],피벗값_구분!$X$3,표1[월],">="&피벗값_구분!$X$4,표1[월],"<="&피벗값_구분!$X$5)),0) -> 35068940 | O59: =IFERROR(IF(B59="","",N59/E59),"") -> 0.18361366 | P59: =IFERROR(IF(B59="",0,SUMIFS(표1[영업이익(V-)],표1[매장코드],B59,표1[년],피벗값_구분!$X$2,표1[월],">="&피벗값_구분!$X$4,표1[월],"<="&피벗값_구분!$X$5)),0) -> 71892309 | Q59: =IFERROR(IF(B59="",0,SUMIFS(표1[영업이익(V-)],표1[매장코드],B59,표1[년],피벗값_구분!$X$3,표1[월],">="&피벗값_구분!$X$4,표1[월],"<="&피벗값_구분!$X$5)),0) -> 75653539 | R59: =IFERROR(IF(B59="","",Q59/(E59/1.1)),"") -> 0.43571677 | S59: =Q59/$Q$70 -> 0.015617298 | T59: =IF(B59="","",Q59-P59) -> 3761230
B60: =IFERROR(INDEX(구분!$B:$B,MATCH(55,구분!$E:$E,0)),"") -> 05005 | C60: =IFERROR(VLOOKUP(B60,구분!$B:$C,2,0),"") -> 롯데아울렛고양점 | D60: =IFERROR(IF(B60="",0,SUMIFS(표1[매출금액],표1[매장코드],B60,표1[년],피벗값_구분!$X$2,표1[월],">="&피벗값_구분!$X$4,표1[월],"<="&피벗값_구분!$X$5)),0) -> 110976160 | E60: =IFERROR(IF(B60="",0,SUMIFS(표1[매출금액],표1[매장코드],B60,표1[년],피벗값_구분!$X$3,표1[월],">="&피벗값_구분!$X$4,표1[월],"<="&피벗값_구분!$X$5)),0) -> 121717340 | F60: =IFERROR(IF(B60="","",(E60-D60)/D60),"") -> 0.096788175 | G60: =IFERROR(IF(B60="",0,SUMIFS(표1[수금액(V+)],표1[매장코드],B60,표1[년],피벗값_구분!$X$2,표1[월],">="&피벗값_구분!$X$4,표1[월],"<="&피벗값_구분!$X$5)),0) -> 85451704 | H60: =IFERROR(IF(B60="",0,SUMIFS(표1[수금액(V+)],표1[매장코드],B60,표1[년],피벗값_구분!$X$3,표1[월],">="&피벗값_구분!$X$4,표1[월],"<="&피벗값_구분!$X$5)),0) -> 93722430 | I60: =IFERROR(IF(B60="","",H60/E60),"") -> 0.77000064 | J60: =IFERROR(IF(B60="",0,SUMIFS(표1[생산원가(V-)],표1[매장코드],B60,표1[년],피벗값_구분!$X$2,표1[월],">="&피벗값_구분!$X$4,표1[월],"<="&피벗값_구분!$X$5)),0) -> 39420357 | K60: =IFERROR(IF(B60="",0,SUMIFS(표1[생산원가(V-)],표1[매장코드],B60,표1[년],피벗값_구분!$X$3,표1[월],">="&피벗값_구분!$X$4,표1[월],"<="&피벗값_구분!$X$5)),0) -> 38881776 | L60: =IFERROR(IF(B60="","",E60/1.1/K60),"") -> 2.8458609 | M60: =IFERROR(IF(B60="",0,SUMIFS(표1[총경비],표1[매장코드],B60,표1[년],피벗값_구분!$X$2,표1[월],">="&피벗값_구분!$X$4,표1[월],"<="&피벗값_구분!$X$5)),0) -> 23697510 | N60: =IFERROR(IF(B60="",0,SUMIFS(표1[총경비],표1[매장코드],B60,표1[년],피벗값_구분!$X$3,표1[월],">="&피벗값_구분!$X$4,표1[월],"<="&피벗값_구분!$X$5)),0) -> 25038360 | O60: =IFERROR(IF(B60="","",N60/E60),"") -> 0.20570906 | P60: =IFERROR(IF(B60="",0,SUMIFS(표1[영업이익(V-)],표1[매장코드],B60,표1[년],피벗값_구분!$X$2,표1[월],">="&피벗값_구분!$X$4,표1[월],"<="&피벗값_구분!$X$5)),0) -> 38263010 | Q60: =IFERROR(IF(B60="",0,SUMIFS(표1[영업이익(V-)],표1[매장코드],B60,표1[년],피벗값_구분!$X$3,표1[월],">="&피벗값_구분!$X$4,표1[월],"<="&피벗값_구분!$X$5)),0) -> 46320433 | R60: =IFERROR(IF(B60="","",Q60/(E60/1.1)),"") -> 0.41861313 | S60: =Q60/$Q$70 -> 0.0095620115 | T60: =IF(B60="","",Q60-P60) -> 8057423
B61: =IFERROR(INDEX(구분!$B:$B,MATCH(56,구분!$E:$E,0)),"") -> 05006 | C61: =IFERROR(VLOOKUP(B61,구분!$B:$C,2,0),"") -> 롯데아울렛광교점 | D61: =IFERROR(IF(B61="",0,SUMIFS(표1[매출금액],표1[매장코드],B61,표1[년],피벗값_구분!$X$2,표1[월],">="&피벗값_구분!$X$4,표1[월],"<="&피벗값_구분!$X$5)),0) -> 210834740 | E61: =IFERROR(IF(B61="",0,SUMIFS(표1[매출금액],표1[매장코드],B61,표1[년],피벗값_구분!$X$3,표1[월],">="&피벗값_구분!$X$4,표1[월],"<="&피벗값_구분!$X$5)),0) -> 201610880 | F61: =IFERROR(IF(B61="","",(E61-D61)/D61),"") -> -0.043749242 | G61: =IFERROR(IF(B61="",0,SUMIFS(표1[수금액(V+)],표1[매장코드],B61,표1[년],피벗값_구분!$X$2,표1[월],">="&피벗값_구분!$X$4,표1[월],"<="&피벗값_구분!$X$5)),0) -> 162342914 | H61: =IFERROR(IF(B61="",0,SUMIFS(표1[수금액(V+)],표1[매장코드],B61,표1[년],피벗값_구분!$X$3,표1[월],">="&피벗값_구분!$X$4,표1[월],"<="&피벗값_구분!$X$5)),0) -> 155240520 | I61: =IFERROR(IF(B61="","",H61/E61),"") -> 0.77000071 | J61: =IFERROR(IF(B61="",0,SUMIFS(표1[생산원가(V-)],표1[매장코드],B61,표1[년],피벗값_구분!$X$2,표1[월],">="&피벗값_구분!$X$4,표1[월],"<="&피벗값_구분!$X$5)),0) -> 70283269 | K61: =IFERROR(IF(B61="",0,SUMIFS(표1[생산원가(V-)],표1[매장코드],B61,표1[년],피벗값_구분!$X$3,표1[월],">="&피벗값_구분!$X$4,표1[월],"<="&피벗값_구분!$X$5)),0) -> 64334498 | L61: =IFERROR(IF(B61="","",E61/1.1/K61),"") -> 2.848901 | M61: =IFERROR(IF(B61="",0,SUMIFS(표1[총경비],표1[매장코드],B61,표1[년],피벗값_구분!$X$2,표1[월],">="&피벗값_구분!$X$4,표1[월],"<="&피벗값_구분!$X$5)),0) -> 39302810 | N61: =IFERROR(IF(B61="",0,SUMIFS(표1[총경비],표1[매장코드],B61,표1[년],피벗값_구분!$X$3,표1[월],">="&피벗값_구분!$X$4,표1[월],"<="&피벗값_구분!$X$5)),0) -> 39231610 | O61: =IFERROR(IF(B61="","",N61/E61),"") -> 0.19459074 | P61: =IFERROR(IF(B61="",0,SUMIFS(표1[영업이익(V-)],표1[매장코드],B61,표1[년],피벗값_구분!$X$2,표1[월],">="&피벗값_구분!$X$4,표1[월],"<="&피벗값_구분!$X$5)),0) -> 77301199 | Q61: =IFERROR(IF(B61="",0,SUMIFS(표1[영업이익(V-)],표1[매장코드],B61,표1[년],피벗값_구분!$X$3,표1[월],">="&피벗값_구분!$X$4,표1[월],"<="&피벗값_구분!$X$5)),0) -> 76793248 | R61: =IFERROR(IF(B61="","",Q61/(E61/1.1)),"") -> 0.41898817 | S61: =Q61/$Q$70 -> 0.01585257 | T61: =IF(B61="","",Q61-P61) -> -507951
B62: =IFERROR(INDEX(구분!$B:$B,MATCH(57,구분!$E:$E,0)),"") -> 05007 | C62: =IFERROR(VLOOKUP(B62,구분!$B:$C,2,0),"") -> 롯데아울렛군산점 | D62: =IFERROR(IF(B62="",0,SUMIFS(표1[매출금액],표1[매장코드],B62,표1[년],피벗값_구분!$X$2,표1[월],">="&피벗값_구분!$X$4,표1[월],"<="&피벗값_구분!$X$5)),0) -> 125011310 | E62: =IFERROR(IF(B62="",0,SUMIFS(표1[매출금액],표1[매장코드],B62,표1[년],피벗값_구분!$X$3,표1[월],">="&피벗값_구분!$X$4,표1[월],"<="&피벗값_구분!$X$5)),0) -> 122384750 | F62: =IFERROR(IF(B62="","",(E62-D62)/D62),"") -> -0.021010579 | G62: =IFERROR(IF(B62="",0,SUMIFS(표1[수금액(V+)],표1[매장코드],B62,표1[년],피벗값_구분!$X$2,표1[월],">="&피벗값_구분!$X$4,표1[월],"<="&피벗값_구분!$X$5)),0) -> 96258810 | H62: =IFERROR(IF(B62="",0,SUMIFS(표1[수금액(V+)],표1[매장코드],B62,표1[년],피벗값_구분!$X$3,표1[월],">="&피벗값_구분!$X$4,표1[월],"<="&피벗값_구분!$X$5)),0) -> 94236319 | I62: =IFERROR(IF(B62="","",H62/E62),"") -> 0.7700005 | J62: =IFERROR(IF(B62="",0,SUMIFS(표1[생산원가(V-)],표1[매장코드],B62,표1[년],피벗값_구분!$X$2,표1[월],">="&피벗값_구분!$X$4,표1[월],"<="&피벗값_구분!$X$5)),0) -> 44777711 | K62: =IFERROR(IF(B62="",0,SUMIFS(표1[생산원가(V-)],표1[매장코드],B62,표1[년],피벗값_구분!$X$3,표1[월],">="&피벗값_구분!$X$4,표1[월],"<="&피벗값_구분!$X$5)),0) -> 38597518 | L62: =IFERROR(IF(B62="","",E62/1.1/K62),"") -> 2.8825393 | M62: =IFERROR(IF(B62="",0,SUMIFS(표1[총경비],표1[매장코드],B62,표1[년],피벗값_구분!$X$2,표1[월],">="&피벗값_구분!$X$4,표1[월],"<="&피벗값_구분!$X$5)),0) -> 26295110 | N62: =IFERROR(IF(B62="",0,SUMIFS(표1[총경비],표1[매장코드],B62,표1[년],피벗값_구분!$X$3,표1[월],">="&피벗값_구분!$X$4,표1[월],"<="&피벗값_구분!$X$5)),0) -> 25943510 | O62: =IFERROR(IF(B62="","",N62/E62),"") -> 0.21198319 | P62: =IFERROR(IF(B62="",0,SUMIFS(표1[영업이익(V-)],표1[매장코드],B62,표1[년],피벗값_구분!$X$2,표1[월],">="&피벗값_구분!$X$4,표1[월],"<="&피벗값_구분!$X$5)),0) -> 42730298 | Q62: =IFERROR(IF(B62="",0,SUMIFS(표1[영업이익(V-)],표1[매장코드],B62,표1[년],피벗값_구분!$X$3,표1[월],">="&피벗값_구분!$X$4,표1[월],"<="&피벗값_구분!$X$5)),0) -> 47071863 | R62: =IFERROR(IF(B62="","",Q62/(E62/1.1)),"") -> 0.42308416 | S62: =Q62/$Q$70 -> 0.0097171306 | T62: =IF(B62="","",Q62-P62) -> 4341565
B63: =IFERROR(INDEX(구분!$B:$B,MATCH(58,구분!$E:$E,0)),"") -> 05009 | C63: =IFERROR(VLOOKUP(B63,구분!$B:$C,2,0),"") -> 롯데아울렛동부산점 | D63: =IFERROR(IF(B63="",0,SUMIFS(표1[매출금액],표1[매장코드],B63,표1[년],피벗값_구분!$X$2,표1[월],">="&피벗값_구분!$X$4,표1[월],"<="&피벗값_구분!$X$5)),0) -> 189274320 | E63: =IFERROR(IF(B63="",0,SUMIFS(표1[매출금액],표1[매장코드],B63,표1[년],피벗값_구분!$X$3,표1[월],">="&피벗값_구분!$X$4,표1[월],"<="&피벗값_구분!$X$5)),0) -> 205105890 | F63: =IFERROR(IF(B63="","",(E63-D63)/D63),"") -> 0.083643518 | G63: =IFERROR(IF(B63="",0,SUMIFS(표1[수금액(V+)],표1[매장코드],B63,표1[년],피벗값_구분!$X$2,표1[월],">="&피벗값_구분!$X$4,표1[월],"<="&피벗값_구분!$X$5)),0) -> 145741318 | H63: =IFERROR(IF(B63="",0,SUMIFS(표1[수금액(V+)],표1[매장코드],B63,표1[년],피벗값_구분!$X$3,표1[월],">="&피벗값_구분!$X$4,표1[월],"<="&피벗값_구분!$X$5)),0) -> 157931602 | I63: =IFERROR(IF(B63="","",H63/E63),"") -> 0.77000033 | J63: =IFERROR(IF(B63="",0,SUMIFS(표1[생산원가(V-)],표1[매장코드],B63,표1[년],피벗값_구분!$X$2,표1[월],">="&피벗값_구분!$X$4,표1[월],"<="&피벗값_구분!$X$5)),0) -> 61666774 | K63: =IFERROR(IF(B63="",0,SUMIFS(표1[생산원가(V-)],표1[매장코드],B63,표1[년],피벗값_구분!$X$3,표1[월],">="&피벗값_구분!$X$4,표1[월],"<="&피벗값_구분!$X$5)),0) -> 63886803 | L63: =IFERROR(IF(B63="","",E63/1.1/K63),"") -> 2.9185981 | M63: =IFERROR(IF(B63="",0,SUMIFS(표1[총경비],표1[매장코드],B63,표1[년],피벗값_구분!$X$2,표1[월],">="&피벗값_구분!$X$4,표1[월],"<="&피벗값_구분!$X$5)),0) -> 32217700 | N63: =IFERROR(IF(B63="",0,SUMIFS(표1[총경비],표1[매장코드],B63,표1[년],피벗값_구분!$X$3,표1[월],">="&피벗값_구분!$X$4,표1[월],"<="&피벗값_구분!$X$5)),0) -> 36011160 | O63: =IFERROR(IF(B63="","",N63/E63),"") -> 0.1755735 | P63: =IFERROR(IF(B63="",0,SUMIFS(표1[영업이익(V-)],표1[매장코드],B63,표1[년],피벗값_구분!$X$2,표1[월],">="&피벗값_구분!$X$4,표1[월],"<="&피벗값_구분!$X$5)),0) -> 70825334 | Q63: =IFERROR(IF(B63="",0,SUMIFS(표1[영업이익(V-)],표1[매장코드],B63,표1[년],피벗값_구분!$X$3,표1[월],">="&피벗값_구분!$X$4,표1[월],"<="&피벗값_구분!$X$5)),0) -> 79687380 | R63: =IFERROR(IF(B63="","",Q63/(E63/1.1)),"") -> 0.42737007 | S63: =Q63/$Q$70 -> 0.016450011 | T63: =IF(B63="","",Q63-P63) -> 8862046
B64: =IFERROR(INDEX(구분!$B:$B,MATCH(59,구분!$E:$E,0)),"") -> 05201 | C64: =IFERROR(VLOOKUP(B64,구분!$B:$C,2,0),"") -> LF스퀘어양주점 | D64: =IFERROR(IF(B64="",0,SUMIFS(표1[매출금액],표1[매장코드],B64,표1[년],피벗값_구분!$X$2,표1[월],">="&피벗값_구분!$X$4,표1[월],"<="&피벗값_구분!$X$5)),0) -> 221088200 | E64: =IFERROR(IF(B64="",0,SUMIFS(표1[매출금액],표1[매장코드],B64,표1[년],피벗값_구분!$X$3,표1[월],">="&피벗값_구분!$X$4,표1[월],"<="&피벗값_구분!$X$5)),0) -> 178645840 | F64: =IFERROR(IF(B64="","",(E64-D64)/D64),"") -> -0.19197026 | G64: =IFERROR(IF(B64="",0,SUMIFS(표1[수금액(V+)],표1[매장코드],B64,표1[년],피벗값_구분!$X$2,표1[월],">="&피벗값_구분!$X$4,표1[월],"<="&피벗값_구분!$X$5)),0) -> 174659816 | H64: =IFERROR(IF(B64="",0,SUMIFS(표1[수금액(V+)],표1[매장코드],B64,표1[년],피벗값_구분!$X$3,표1[월],">="&피벗값_구분!$X$4,표1[월],"<="&피벗값_구분!$X$5)),0) -> 139343758 | I64: =IFERROR(IF(B64="","",H64/E64),"") -> 0.78000002 | J64: =IFERROR(IF(B64="",0,SUMIFS(표1[생산원가(V-)],표1[매장코드],B64,표1[년],피벗값_구분!$X$2,표1[월],">="&피벗값_구분!$X$4,표1[월],"<="&피벗값_구분!$X$5)),0) -> 81376621 | K64: =IFERROR(IF(B64="",0,SUMIFS(표1[생산원가(V-)],표1[매장코드],B64,표1[년],피벗값_구분!$X$3,표1[월],">="&피벗값_구분!$X$4,표1[월],"<="&피벗값_구분!$X$5)),0) -> 57201052 | L64: =IFERROR(IF(B64="","",E64/1.1/K64),"") -> 2.8392014 | M64: =IFERROR(IF(B64="",0,SUMIFS(표1[총경비],표1[매장코드],B64,표1[년],피벗값_구분!$X$2,표1[월],">="&피벗값_구분!$X$4,표1[월],"<="&피벗값_구분!$X$5)),0) -> 45178060 | N64: =IFERROR(IF(B64="",0,SUMIFS(표1[총경비],표1[매장코드],B64,표1[년],피벗값_구분!$X$3,표1[월],">="&피벗값_구분!$X$4,표1[월],"<="&피벗값_구분!$X$5)),0) -> 40397960 | O64: =IFERROR(IF(B64="","",N64/E64),"") -> 0.22613434 | P64: =IFERROR(IF(B64="",0,SUMIFS(표1[영업이익(V-)],표1[매장코드],B64,표1[년],피벗값_구분!$X$2,표1[월],">="&피벗값_구분!$X$4,표1[월],"<="&피벗값_구분!$X$5)),0) -> 77405030 | Q64: =IFERROR(IF(B64="",0,SUMIFS(표1[영업이익(V-)],표1[매장코드],B64,표1[년],피벗값_구분!$X$3,표1[월],">="&피벗값_구분!$X$4,표1[월],"<="&피벗값_구분!$X$5)),0) -> 69475091 | R64: =IFERROR(IF(B64="","",Q64/(E64/1.1)),"") -> 0.4277883 | S64: =Q64/$Q$70 -> 0.01434187 | T64: =IF(B64="","",Q64-P64) -> -7929939
B65: =IFERROR(INDEX(구분!$B:$B,MATCH(60,구분!$E:$E,0)),"") -> 05552 | C65: =IFERROR(VLOOKUP(B65,구분!$B:$C,2,0),"") -> 신세계아울렛파주점 | D65: =IFERROR(IF(B65="",0,SUMIFS(표1[매출금액],표1[매장코드],B65,표1[년],피벗값_구분!$X$2,표1[월],">="&피벗값_구분!$X$4,표1[월],"<="&피벗값_구분!$X$5)),0) -> 102290450 | E65: =IFERROR(IF(B65="",0,SUMIFS(표1[매출금액],표1[매장코드],B65,표1[년],피벗값_구분!$X$3,표1[월],">="&피벗값_구분!$X$4,표1[월],"<="&피벗값_구분!$X$5)),0) -> 124238880 | F65: =IFERROR(IF(B65="","",(E65-D65)/D65),"") -> 0.21456969 | G65: =IFERROR(IF(B65="",0,SUMIFS(표1[수금액(V+)],표1[매장코드],B65,표1[년],피벗값_구분!$X$2,표1[월],">="&피벗값_구분!$X$4,표1[월],"<="&피벗값_구분!$X$5)),0) -> 85923985 | H65: =IFERROR(IF(B65="",0,SUMIFS(표1[수금액(V+)],표1[매장코드],B65,표1[년],피벗값_구분!$X$3,표1[월],">="&피벗값_구분!$X$4,표1[월],"<="&피벗값_구분!$X$5)),0) -> 104360664 | I65: =IFERROR(IF(B65="","",H65/E65),"") -> 0.84000004 | J65: =IFERROR(IF(B65="",0,SUMIFS(표1[생산원가(V-)],표1[매장코드],B65,표1[년],피벗값_구분!$X$2,표1[월],">="&피벗값_구분!$X$4,표1[월],"<="&피벗값_구분!$X$5)),0) -> 38970265 | K65: =IFERROR(IF(B65="",0,SUMIFS(표1[생산원가(V-)],표1[매장코드],B65,표1[년],피벗값_구분!$X$3,표1[월],">="&피벗값_구분!$X$4,표1[월],"<="&피벗값_구분!$X$5)),0) -> 44713049 | L65: =IFERROR(IF(B65="","",E65/1.1/K65),"") -> 2.5259838 | M65: =IFERROR(IF(B65="",0,SUMIFS(표1[총경비],표1[매장코드],B65,표1[년],피벗값_구분!$X$2,표1[월],">="&피벗값_구분!$X$4,표1[월],"<="&피벗값_구분!$X$5)),0) -> 25566080 | N65: =IFERROR(IF(B65="",0,SUMIFS(표1[총경비],표1[매장코드],B65,표1[년],피벗값_구분!$X$3,표1[월],">="&피벗값_구분!$X$4,표1[월],"<="&피벗값_구분!$X$5)),0) -> 26963300 | O65: =IFERROR(IF(B65="","",N65/E65),"") -> 0.21702787 | P65: =IFERROR(IF(B65="",0,SUMIFS(표1[영업이익(V-)],표1[매장코드],B65,표1[년],피벗값_구분!$X$2,표1[월],">="&피벗값_구분!$X$4,표1[월],"<="&피벗값_구분!$X$5)),0) -> 39142449 | Q65: =IFERROR(IF(B65="",0,SUMIFS(표1[영업이익(V-)],표1[매장코드],B65,표1[년],피벗값_구분!$X$3,표1[월],">="&피벗값_구분!$X$4,표1[월],"<="&피벗값_구분!$X$5)),0) -> 50160282 | R65: =IFERROR(IF(B65="","",Q65/(E65/1.1)),"") -> 0.44411468 | S65: =Q65/$Q$70 -> 0.010354679 | T65: =IF(B65="","",Q65-P65) -> 11017833
B66: =IFERROR(INDEX(구분!$B:$B,MATCH(61,구분!$E:$E,0)),"") -> 05601 | C66: =IFERROR(VLOOKUP(B66,구분!$B:$C,2,0),"") -> 현대아울렛대전점 | D66: =IFERROR(IF(B66="",0,SUMIFS(표1[매출금액],표1[매장코드],B66,표1[년],피벗값_구분!$X$2,표1[월],">="&피벗값_구분!$X$4,표1[월],"<="&피벗값_구분!$X$5)),0) -> 400482450 | E66: =IFERROR(IF(B66="",0,SUMIFS(표1[매출금액],표1[매장코드],B66,표1[년],피벗값_구분!$X$3,표1[월],">="&피벗값_구분!$X$4,표1[월],"<="&피벗값_구분!$X$5)),0) -> 440031600 | F66: =IFERROR(IF(B66="","",(E66-D66)/D66),"") -> 0.098753766 | G66: =IFERROR(IF(B66="",0,SUMIFS(표1[수금액(V+)],표1[매장코드],B66,표1[년],피벗값_구분!$X$2,표1[월],">="&피벗값_구분!$X$4,표1[월],"<="&피벗값_구분!$X$5)),0) -> 308371706 | H66: =IFERROR(IF(B66="",0,SUMIFS(표1[수금액(V+)],표1[매장코드],B66,표1[년],피벗값_구분!$X$3,표1[월],">="&피벗값_구분!$X$4,표1[월],"<="&피벗값_구분!$X$5)),0) -> 338824540 | I66: =IFERROR(IF(B66="","",H66/E66),"") -> 0.77000047 | J66: =IFERROR(IF(B66="",0,SUMIFS(표1[생산원가(V-)],표1[매장코드],B66,표1[년],피벗값_구분!$X$2,표1[월],">="&피벗값_구분!$X$4,표1[월],"<="&피벗값_구분!$X$5)),0) -> 129793507 | K66: =IFERROR(IF(B66="",0,SUMIFS(표1[생산원가(V-)],표1[매장코드],B66,표1[년],피벗값_구분!$X$3,표1[월],">="&피벗값_구분!$X$4,표1[월],"<="&피벗값_구분!$X$5)),0) -> 132576019 | L66: =IFERROR(IF(B66="","",E66/1.1/K66),"") -> 3.0173536 | M66: =IFERROR(IF(B66="",0,SUMIFS(표1[총경비],표1[매장코드],B66,표1[년],피벗값_구분!$X$2,표1[월],">="&피벗값_구분!$X$4,표1[월],"<="&피벗값_구분!$X$5)),0) -> 67988160 | N66: =IFERROR(IF(B66="",0,SUMIFS(표1[총경비],표1[매장코드],B66,표1[년],피벗값_구분!$X$3,표1[월],">="&피벗값_구분!$X$4,표1[월],"<="&피벗값_구분!$X$5)),0) -> 74790830 | O66: =IFERROR(IF(B66="","",N66/E66),"") -> 0.16996695 | P66: =IFERROR(IF(B66="",0,SUMIFS(표1[영업이익(V-)],표1[매장코드],B66,표1[년],피벗값_구분!$X$2,표1[월],">="&피벗값_구분!$X$4,표1[월],"<="&피벗값_구분!$X$5)),0) -> 150544408 | Q66: =IFERROR(IF(B66="",0,SUMIFS(표1[영업이익(V-)],표1[매장코드],B66,표1[년],피벗값_구분!$X$3,표1[월],">="&피벗값_구분!$X$4,표1[월],"<="&피벗값_구분!$X$5)),0) -> 175446290 | R66: =IFERROR(IF(B66="","",Q66/(E66/1.1)),"") -> 0.43858423 | S66: =Q66/$Q$70 -> 0.036217698 | T66: =IF(B66="","",Q66-P66) -> 24901882
B67: =IFERROR(INDEX(구분!$B:$B,MATCH(62,구분!$E:$E,0)),"") -> 05602 | C67: =IFERROR(VLOOKUP(B67,구분!$B:$C,2,0),"") -> 현대아울렛남양주점 | D67: =IFERROR(IF(B67="",0,SUMIFS(표1[매출금액],표1[매장코드],B67,표1[년],피벗값_구분!$X$2,표1[월],">="&피벗값_구분!$X$4,표1[월],"<="&피벗값_구분!$X$5)),0) -> 437336580 | E67: =IFERROR(IF(B67="",0,SUMIFS(표1[매출금액],표1[매장코드],B67,표1[년],피벗값_구분!$X$3,표1[월],">="&피벗값_구분!$X$4,표1[월],"<="&피벗값_구분!$X$5)),0) -> 480212540 | F67: =IFERROR(IF(B67="","",(E67-D67)/D67),"") -> 0.098038815 | G67: =IFERROR(IF(B67="",0,SUMIFS(표1[수금액(V+)],표1[매장코드],B67,표1[년],피벗값_구분!$X$2,표1[월],">="&피벗값_구분!$X$4,표1[월],"<="&피벗값_구분!$X$5)),0) -> 336749442 | H67: =IFERROR(IF(B67="",0,SUMIFS(표1[수금액(V+)],표1[매장코드],B67,표1[년],피벗값_구분!$X$3,표1[월],">="&피벗값_구분!$X$4,표1[월],"<="&피벗값_구분!$X$5)),0) -> 369763877 | I67: =IFERROR(IF(B67="","",H67/E67),"") -> 0.77000046 | J67: =IFERROR(IF(B67="",0,SUMIFS(표1[생산원가(V-)],표1[매장코드],B67,표1[년],피벗값_구분!$X$2,표1[월],">="&피벗값_구분!$X$4,표1[월],"<="&피벗값_구분!$X$5)),0) -> 136720344 | K67: =IFERROR(IF(B67="",0,SUMIFS(표1[생산원가(V-)],표1[매장코드],B67,표1[년],피벗값_구분!$X$3,표1[월],">="&피벗값_구분!$X$4,표1[월],"<="&피벗값_구분!$X$5)),0) -> 142751469 | L67: =IFERROR(IF(B67="","",E67/1.1/K67),"") -> 3.0581602 | M67: =IFERROR(IF(B67="",0,SUMIFS(표1[총경비],표1[매장코드],B67,표1[년],피벗값_구분!$X$2,표1[월],">="&피벗값_구분!$X$4,표1[월],"<="&피벗값_구분!$X$5)),0) -> 56858890 | N67: =IFERROR(IF(B67="",0,SUMIFS(표1[총경비],표1[매장코드],B67,표1[년],피벗값_구분!$X$3,표1[월],">="&피벗값_구분!$X$4,표1[월],"<="&피벗값_구분!$X$5)),0) -> 62407820 | O67: =IFERROR(IF(B67="","",N67/E67),"") -> 0.12995875 | P67: =IFERROR(IF(B67="",0,SUMIFS(표1[영업이익(V-)],표1[매장코드],B67,표1[년],피벗값_구분!$X$2,표1[월],">="&피벗값_구분!$X$4,표1[월],"<="&피벗값_구분!$X$5)),0) -> 169415512 | Q67: =IFERROR(IF(B67="",0,SUMIFS(표1[영업이익(V-)],표1[매장코드],B67,표1[년],피벗값_구분!$X$3,표1[월],">="&피벗값_구분!$X$4,표1[월],"<="&피벗값_구분!$X$5)),0) -> 193397511 | R67: =IFERROR(IF(B67="","",Q67/(E67/1.1)),"") -> 0.44300647 | S67: =Q67/$Q$70 -> 0.039923401 | T67: =IF(B67="","",Q67-P67) -> 23981999
B68: =IFERROR(INDEX(구분!$B:$B,MATCH(63,구분!$E:$E,0)),"") | C68: =IFERROR(VLOOKUP(B68,구분!$B:$C,2,0),"") | D68: =IFERROR(IF(B68="",0,SUMIFS(표1[매출금액],표1[매장코드],B68,표1[년],피벗값_구분!$X$2,표1[월],">="&피벗값_구분!$X$4,표1[월],"<="&피벗값_구분!$X$5)),0) -> 0 | E68: =IFERROR(IF(B68="",0,SUMIFS(표1[매출금액],표1[매장코드],B68,표1[년],피벗값_구분!$X$3,표1[월],">="&피벗값_구분!$X$4,표1[월],"<="&피벗값_구분!$X$5)),0) -> 0 | F68: =IFERROR(IF(B68="","",(E68-D68)/D68),"") | G68: =IFERROR(IF(B68="",0,SUMIFS(표1[수금액(V+)],표1[매장코드],B68,표1[년],피벗값_구분!$X$2,표1[월],">="&피벗값_구분!$X$4,표1[월],"<="&피벗값_구분!$X$5)),0) -> 0 | H68: =IFERROR(IF(B68="",0,SUMIFS(표1[수금액(V+)],표1[매장코드],B68,표1[년],피벗값_구분!$X$3,표1[월],">="&피벗값_구분!$X$4,표1[월],"<="&피벗값_구분!$X$5)),0) -> 0 | I68: =IFERROR(IF(B68="","",H68/E68),"") | J68: =IFERROR(IF(B68="",0,SUMIFS(표1[생산원가(V-)],표1[매장코드],B68,표1[년],피벗값_구분!$X$2,표1[월],">="&피벗값_구분!$X$4,표1[월],"<="&피벗값_구분!$X$5)),0) -> 0 | K68: =IFERROR(IF(B68="",0,SUMIFS(표1[생산원가(V-)],표1[매장코드],B68,표1[년],피벗값_구분!$X$3,표1[월],">="&피벗값_구분!$X$4,표1[월],"<="&피벗값_구분!$X$5)),0) -> 0 | L68: =IFERROR(IF(B68="","",E68/1.1/K68),"") | M68: =IFERROR(IF(B68="",0,SUMIFS(표1[총경비],표1[매장코드],B68,표1[년],피벗값_구분!$X$2,표1[월],">="&피벗값_구분!$X$4,표1[월],"<="&피벗값_구분!$X$5)),0) -> 0 | N68: =IFERROR(IF(B68="",0,SUMIFS(표1[총경비],표1[매장코드],B68,표1[년],피벗값_구분!$X$3,표1[월],">="&피벗값_구분!$X$4,표1[월],"<="&피벗값_구분!$X$5)),0) -> 0 | O68: =IFERROR(IF(B68="","",N68/E68),"") | P68: =IFERROR(IF(B68="",0,SUMIFS(표1[영업이익(V-)],표1[매장코드],B68,표1[년],피벗값_구분!$X$2,표1[월],">="&피벗값_구분!$X$4,표1[월],"<="&피벗값_구분!$X$5)),0) -> 0 | Q68: =IFERROR(IF(B68="",0,SUMIFS(표1[영업이익(V-)],표1[매장코드],B68,표1[년],피벗값_구분!$X$3,표1[월],">="&피벗값_구분!$X$4,표1[월],"<="&피벗값_구분!$X$5)),0) -> 0 | R68: =IFERROR(IF(B68="","",Q68/(E68/1.1)),"") | S68: =IFERROR(IF(B68="","",Q68/#REF!),"") | T68: =IF(B68="","",Q68-P68)
B69: =IFERROR(INDEX(구분!$B:$B,MATCH(64,구분!$E:$E,0)),"") | C69: =IFERROR(VLOOKUP(B69,구분!$B:$C,2,0),"") | D69: =IFERROR(IF(B69="",0,SUMIFS(표1[매출금액],표1[매장코드],B69,표1[년],피벗값_구분!$X$2,표1[월],">="&피벗값_구분!$X$4,표1[월],"<="&피벗값_구분!$X$5)),0) -> 0 | E69: =IFERROR(IF(B69="",0,SUMIFS(표1[매출금액],표1[매장코드],B69,표1[년],피벗값_구분!$X$3,표1[월],">="&피벗값_구분!$X$4,표1[월],"<="&피벗값_구분!$X$5)),0) -> 0 | F69: =IFERROR(IF(B69="","",(E69-D69)/D69),"") | G69: =IFERROR(IF(B69="",0,SUMIFS(표1[수금액(V+)],표1[매장코드],B69,표1[년],피벗값_구분!$X$2,표1[월],">="&피벗값_구분!$X$4,표1[월],"<="&피벗값_구분!$X$5)),0) -> 0 | H69: =IFERROR(IF(B69="",0,SUMIFS(표1[수금액(V+)],표1[매장코드],B69,표1[년],피벗값_구분!$X$3,표1[월],">="&피벗값_구분!$X$4,표1[월],"<="&피벗값_구분!$X$5)),0) -> 0 | I69: =IFERROR(IF(B69="","",H69/E69),"") | J69: =IFERROR(IF(B69="",0,SUMIFS(표1[생산원가(V-)],표1[매장코드],B69,표1[년],피벗값_구분!$X$2,표1[월],">="&피벗값_구분!$X$4,표1[월],"<="&피벗값_구분!$X$5)),0) -> 0 | K69: =IFERROR(IF(B69="",0,SUMIFS(표1[생산원가(V-)],표1[매장코드],B69,표1[년],피벗값_구분!$X$3,표1[월],">="&피벗값_구분!$X$4,표1[월],"<="&피벗값_구분!$X$5)),0) -> 0 | L69: =IFERROR(IF(B69="","",E69/1.1/K69),"") | M69: =IFERROR(IF(B69="",0,SUMIFS(표1[총경비],표1[매장코드],B69,표1[년],피벗값_구분!$X$2,표1[월],">="&피벗값_구분!$X$4,표1[월],"<="&피벗값_구분!$X$5)),0) -> 0 | N69: =IFERROR(IF(B69="",0,SUMIFS(표1[총경비],표1[매장코드],B69,표1[년],피벗값_구분!$X$3,표1[월],">="&피벗값_구분!$X$4,표1[월],"<="&피벗값_구분!$X$5)),0) -> 0 | O69: =IFERROR(IF(B69="","",N69/E69),"") | P69: =IFERROR(IF(B69="",0,SUMIFS(표1[영업이익(V-)],표1[매장코드],B69,표1[년],피벗값_구분!$X$2,표1[월],">="&피벗값_구분!$X$4,표1[월],"<="&피벗값_구분!$X$5)),0) -> 0 | Q69: =IFERROR(IF(B69="",0,SUMIFS(표1[영업이익(V-)],표1[매장코드],B69,표1[년],피벗값_구분!$X$3,표1[월],">="&피벗값_구분!$X$4,표1[월],"<="&피벗값_구분!$X$5)),0) -> 0 | R69: =IFERROR(IF(B69="","",Q69/(E69/1.1)),"") | S69: =IFERROR(IF(B69="","",Q69/#REF!),"") | T69: =IF(B69="","",Q69-P69)
B70: 총합계 | D70: =SUM(D6:D69) -> 14422510974 | E70: =SUM(E6:E69) -> 15777050580 | F70: =IFERROR((E70-D70)/D70,"") -> 0.093918431 | G70: =SUM(G6:G69) -> 9595031940 | H70: =SUM(H6:H69) -> 10388921006 | I70: =IFERROR(H70/E70,"") -> 0.65848309 | J70: =SUM(J6:J69) -> 4474694123 | K70: =SUM(K6:K69) -> 4600259340 | L70: =IFERROR(E70/1.1/K70,"") -> 3.1178184 | M70: =SUM(M6:M69) -> 2219504148 | N70: =SUM(N6:N69) -> 2385842435 | O70: =IFERROR(N70/E70,"") -> 0.15122234 | P70: =SUM(P6:P69) -> 4248062190 | Q70: =SUM(Q6:Q69) -> 4844214303 | R70: =IFERROR(Q70/(E70/1.1),"") -> 0.337746 | S70: =SUM(S6:S67) -> 1 | T70: =Q70-P70 -> 596152113

Sheet 피벗값_매장명(동일) 값_영업이익순
B2: 동일매장분석
T3: 단위: 천원 | V3: ★ Q열(2026 영업이익) 기준 자동 내림차순 정렬
B4: =피벗값_구분!B4 -> (1~5월) | D4: 매출금액 | G4: 수금액(V+) | J4: 생산원가(V-) | M4: 총경비 | P4: 영업이익(V-)
B5: 동일 | C5: 매장명 | D5: 2025 | E5: 2026 | F5: 당기기준 신장률 | G5: 2025 | H5: 2026 | I5: 매출대비 수금율 | J5: 2025 | K5: 2026 | L5: 매출대비 원가배수 | M5: 2025 | N5: 2026 | O5: 매출대비 경비율 | P5: 2025 | Q5: 2026 | R5: 매출대비 이익률 | S5: 공헌 이익률 | T5: 증감액 | V5: 2026 영업이익 높은순 정렬
B6: =IFERROR(IF(U6="","",INDEX('피벗값_매장명(동일)'!B:B,U6)),"") -> 05602 | C6: =IFERROR(IF(U6="","",INDEX('피벗값_매장명(동일)'!C:C,U6)),"") -> 현대아울렛남양주점 | D6: =IFERROR(IF(U6="","",INDEX('피벗값_매장명(동일)'!D:D,U6)),"") -> 437336580 | E6: =IFERROR(IF(U6="","",INDEX('피벗값_매장명(동일)'!E:E,U6)),"") -> 480212540 | F6: =IFERROR(IF(U6="","",INDEX('피벗값_매장명(동일)'!F:F,U6)),"") -> 0.098038815 | G6: =IFERROR(IF(U6="","",INDEX('피벗값_매장명(동일)'!G:G,U6)),"") -> 336749442 | H6: =IFERROR(IF(U6="","",INDEX('피벗값_매장명(동일)'!H:H,U6)),"") -> 369763877 | I6: =IFERROR(IF(U6="","",INDEX('피벗값_매장명(동일)'!I:I,U6)),"") -> 0.77000046 | J6: =IFERROR(IF(U6="","",INDEX('피벗값_매장명(동일)'!J:J,U6)),"") -> 136720344 | K6: =IFERROR(IF(U6="","",INDEX('피벗값_매장명(동일)'!K:K,U6)),"") -> 142751469 | L6: =IFERROR(IF(U6="","",INDEX('피벗값_매장명(동일)'!L:L,U6)),"") -> 3.0581602 | M6: =IFERROR(IF(U6="","",INDEX('피벗값_매장명(동일)'!M:M,U6)),"") -> 56858890 | N6: =IFERROR(IF(U6="","",INDEX('피벗값_매장명(동일)'!N:N,U6)),"") -> 62407820 | O6: =IFERROR(IF(U6="","",INDEX('피벗값_매장명(동일)'!O:O,U6)),"") -> 0.12995875 | P6: =IFERROR(IF(U6="","",INDEX('피벗값_매장명(동일)'!P:P,U6)),"") -> 169415512 | Q6: =IFERROR(IF(U6="","",INDEX('피벗값_매장명(동일)'!Q:Q,U6)),"") -> 193397511 | R6: =IFERROR(IF(U6="","",INDEX('피벗값_매장명(동일)'!R:R,U6)),"") -> 0.44300647 | S6: =IFERROR(IF(U6="","",INDEX('피벗값_매장명(동일)'!S:S,U6)),"") -> 0.039923401 | T6: =IFERROR(IF(U6="","",INDEX('피벗값_매장명(동일)'!T:T,U6)),"") -> 23981999 | U6: =IFERROR(MATCH(LARGE('피벗값_매장명(동일)'!$Q$6:$Q$70,2),'피벗값_매장명(동일)'!$Q$6:$Q$70,0)+6-1,"") -> 67
B7: =IFERROR(IF(U7="","",INDEX('피벗값_매장명(동일)'!B:B,U7)),"") -> 05601 | C7: =IFERROR(IF(U7="","",INDEX('피벗값_매장명(동일)'!C:C,U7)),"") -> 현대아울렛대전점 | D7: =IFERROR(IF(U7="","",INDEX('피벗값_매장명(동일)'!D:D,U7)),"") -> 400482450 | E7: =IFERROR(IF(U7="","",INDEX('피벗값_매장명(동일)'!E:E,U7)),"") -> 440031600 | F7: =IFERROR(IF(U7="","",INDEX('피벗값_매장명(동일)'!F:F,U7)),"") -> 0.098753766 | G7: =IFERROR(IF(U7="","",INDEX('피벗값_매장명(동일)'!G:G,U7)),"") -> 308371706 | H7: =IFERROR(IF(U7="","",INDEX('피벗값_매장명(동일)'!H:H,U7)),"") -> 338824540 | I7: =IFERROR(IF(U7="","",INDEX('피벗값_매장명(동일)'!I:I,U7)),"") -> 0.77000047 | J7: =IFERROR(IF(U7="","",INDEX('피벗값_매장명(동일)'!J:J,U7)),"") -> 129793507 | K7: =IFERROR(IF(U7="","",INDEX('피벗값_매장명(동일)'!K:K,U7)),"") -> 132576019 | L7: =IFERROR(IF(U7="","",INDEX('피벗값_매장명(동일)'!L:L,U7)),"") -> 3.0173536 | M7: =IFERROR(IF(U7="","",INDEX('피벗값_매장명(동일)'!M:M,U7)),"") -> 67988160 | N7: =IFERROR(IF(U7="","",INDEX('피벗값_매장명(동일)'!N:N,U7)),"") -> 74790830 | O7: =IFERROR(IF(U7="","",INDEX('피벗값_매장명(동일)'!O:O,U7)),"") -> 0.16996695 | P7: =IFERROR(IF(U7="","",INDEX('피벗값_매장명(동일)'!P:P,U7)),"") -> 150544408 | Q7: =IFERROR(IF(U7="","",INDEX('피벗값_매장명(동일)'!Q:Q,U7)),"") -> 175446290 | R7: =IFERROR(IF(U7="","",INDEX('피벗값_매장명(동일)'!R:R,U7)),"") -> 0.43858423 | S7: =IFERROR(IF(U7="","",INDEX('피벗값_매장명(동일)'!S:S,U7)),"") -> 0.036217698 | T7: =IFERROR(IF(U7="","",INDEX('피벗값_매장명(동일)'!T:T,U7)),"") -> 24901882 | U7: =IFERROR(MATCH(LARGE('피벗값_매장명(동일)'!$Q$6:$Q$70,3),'피벗값_매장명(동일)'!$Q$6:$Q$70,0)+6-1,"") -> 66
B8: =IFERROR(IF(U8="","",INDEX('피벗값_매장명(동일)'!B:B,U8)),"") -> 00307 | C8: =IFERROR(IF(U8="","",INDEX('피벗값_매장명(동일)'!C:C,U8)),"") -> 신세계센텀점 | D8: =IFERROR(IF(U8="","",INDEX('피벗값_매장명(동일)'!D:D,U8)),"") -> 516728640 | E8: =IFERROR(IF(U8="","",INDEX('피벗값_매장명(동일)'!E:E,U8)),"") -> 544718680 | F8: =IFERROR(IF(U8="","",INDEX('피벗값_매장명(동일)'!F:F,U8)),"") -> 0.054167774 | G8: =IFERROR(IF(U8="","",INDEX('피벗값_매장명(동일)'!G:G,U8)),"") -> 329388259 | H8: =IFERROR(IF(U8="","",INDEX('피벗값_매장명(동일)'!H:H,U8)),"") -> 345704157 | I8: =IFERROR(IF(U8="","",INDEX('피벗값_매장명(동일)'!I:I,U8)),"") -> 0.63464715 | J8: =IFERROR(IF(U8="","",INDEX('피벗값_매장명(동일)'!J:J,U8)),"") -> 166632549 | K8: =IFERROR(IF(U8="","",INDEX('피벗값_매장명(동일)'!K:K,U8)),"") -> 158261537 | L8: =IFERROR(IF(U8="","",INDEX('피벗값_매장명(동일)'!L:L,U8)),"") -> 3.1289902 | M8: =IFERROR(IF(U8="","",INDEX('피벗값_매장명(동일)'!M:M,U8)),"") -> 74903350 | N8: =IFERROR(IF(U8="","",INDEX('피벗값_매장명(동일)'!N:N,U8)),"") -> 78872520 | O8: =IFERROR(IF(U8="","",INDEX('피벗값_매장명(동일)'!O:O,U8)),"") -> 0.14479496 | P8: =IFERROR(IF(U8="","",INDEX('피벗값_매장명(동일)'!P:P,U8)),"") -> 132811323 | Q8: =IFERROR(IF(U8="","",INDEX('피벗값_매장명(동일)'!Q:Q,U8)),"") -> 156014970 | R8: =IFERROR(IF(U8="","",INDEX('피벗값_매장명(동일)'!R:R,U8)),"") -> 0.31505523 | S8: =IFERROR(IF(U8="","",INDEX('피벗값_매장명(동일)'!S:S,U8)),"") -> 0.032206455 | T8: =IFERROR(IF(U8="","",INDEX('피벗값_매장명(동일)'!T:T,U8)),"") -> 23203647 | U8: =IFERROR(MATCH(LARGE('피벗값_매장명(동일)'!$Q$6:$Q$70,4),'피벗값_매장명(동일)'!$Q$6:$Q$70,0)+6-1,"") -> 42
B9: =IFERROR(IF(U9="","",INDEX('피벗값_매장명(동일)'!B:B,U9)),"") -> 00213 | C9: =IFERROR(IF(U9="","",INDEX('피벗값_매장명(동일)'!C:C,U9)),"") -> 현대대구점 | D9: =IFERROR(IF(U9="","",INDEX('피벗값_매장명(동일)'!D:D,U9)),"") -> 517541563 | E9: =IFERROR(IF(U9="","",INDEX('피벗값_매장명(동일)'!E:E,U9)),"") -> 558204440 | F9: =IFERROR(IF(U9="","",INDEX('피벗값_매장명(동일)'!F:F,U9)),"") -> 0.078569297 | G9: =IFERROR(IF(U9="","",INDEX('피벗값_매장명(동일)'!G:G,U9)),"") -> 331777168 | H9: =IFERROR(IF(U9="","",INDEX('피벗값_매장명(동일)'!H:H,U9)),"") -> 347852367 | I9: =IFERROR(IF(U9="","",INDEX('피벗값_매장명(동일)'!I:I,U9)),"") -> 0.62316302 | J9: =IFERROR(IF(U9="","",INDEX('피벗값_매장명(동일)'!J:J,U9)),"") -> 165191748 | K9: =IFERROR(IF(U9="","",INDEX('피벗값_매장명(동일)'!K:K,U9)),"") -> 168837125 | L9: =IFERROR(IF(U9="","",INDEX('피벗값_매장명(동일)'!L:L,U9)),"") -> 3.0056102 | M9: =IFERROR(IF(U9="","",INDEX('피벗값_매장명(동일)'!M:M,U9)),"") -> 72279750 | N9: =IFERROR(IF(U9="","",INDEX('피벗값_매장명(동일)'!N:N,U9)),"") -> 77647780 | O9: =IFERROR(IF(U9="","",INDEX('피벗값_매장명(동일)'!O:O,U9)),"") -> 0.13910276 | P9: =IFERROR(IF(U9="","",INDEX('피벗값_매장명(동일)'!P:P,U9)),"") -> 136423860 | Q9: =IFERROR(IF(U9="","",INDEX('피벗값_매장명(동일)'!Q:Q,U9)),"") -> 147392299 | R9: =IFERROR(IF(U9="","",INDEX('피벗값_매장명(동일)'!R:R,U9)),"") -> 0.29045188 | S9: =IFERROR(IF(U9="","",INDEX('피벗값_매장명(동일)'!S:S,U9)),"") -> 0.030426461 | T9: =IFERROR(IF(U9="","",INDEX('피벗값_매장명(동일)'!T:T,U9)),"") -> 10968439 | U9: =IFERROR(MATCH(LARGE('피벗값_매장명(동일)'!$Q$6:$Q$70,5),'피벗값_매장명(동일)'!$Q$6:$Q$70,0)+6-1,"") -> 33
B10: =IFERROR(IF(U10="","",INDEX('피벗값_매장명(동일)'!B:B,U10)),"") -> 00304 | C10: =IFERROR(IF(U10="","",INDEX('피벗값_매장명(동일)'!C:C,U10)),"") -> 신세계강남점 | D10: =IFERROR(IF(U10="","",INDEX('피벗값_매장명(동일)'!D:D,U10)),"") -> 401401780 | E10: =IFERROR(IF(U10="","",INDEX('피벗값_매장명(동일)'!E:E,U10)),"") -> 493837350 | F10: =IFERROR(IF(U10="","",INDEX('피벗값_매장명(동일)'!F:F,U10)),"") -> 0.23028191 | G10: =IFERROR(IF(U10="","",INDEX('피벗값_매장명(동일)'!G:G,U10)),"") -> 253229208 | H10: =IFERROR(IF(U10="","",INDEX('피벗값_매장명(동일)'!H:H,U10)),"") -> 308378470 | I10: =IFERROR(IF(U10="","",INDEX('피벗값_매장명(동일)'!I:I,U10)),"") -> 0.62445352 | J10: =IFERROR(IF(U10="","",INDEX('피벗값_매장명(동일)'!J:J,U10)),"") -> 113065366 | K10: =IFERROR(IF(U10="","",INDEX('피벗값_매장명(동일)'!K:K,U10)),"") -> 133932860 | L10: =IFERROR(IF(U10="","",INDEX('피벗값_매장명(동일)'!L:L,U10)),"") -> 3.3520007 | M10: =IFERROR(IF(U10="","",INDEX('피벗값_매장명(동일)'!M:M,U10)),"") -> 38497010 | N10: =IFERROR(IF(U10="","",INDEX('피벗값_매장명(동일)'!N:N,U10)),"") -> 42298760 | O10: =IFERROR(IF(U10="","",INDEX('피벗값_매장명(동일)'!O:O,U10)),"") -> 0.085653222 | P10: =IFERROR(IF(U10="","",INDEX('피벗값_매장명(동일)'!P:P,U10)),"") -> 117143006 | Q10: =IFERROR(IF(U10="","",INDEX('피벗값_매장명(동일)'!Q:Q,U10)),"") -> 146411203 | R10: =IFERROR(IF(U10="","",INDEX('피벗값_매장명(동일)'!R:R,U10)),"") -> 0.32612423 | S10: =IFERROR(IF(U10="","",INDEX('피벗값_매장명(동일)'!S:S,U10)),"") -> 0.030223932 | T10: =IFERROR(IF(U10="","",INDEX('피벗값_매장명(동일)'!T:T,U10)),"") -> 29268197 | U10: =IFERROR(MATCH(LARGE('피벗값_매장명(동일)'!$Q$6:$Q$70,6),'피벗값_매장명(동일)'!$Q$6:$Q$70,0)+6-1,"") -> 40
B11: =IFERROR(IF(U11="","",INDEX('피벗값_매장명(동일)'!B:B,U11)),"") -> 05002 | C11: =IFERROR(IF(U11="","",INDEX('피벗값_매장명(동일)'!C:C,U11)),"") -> 롯데아울렛김해점 | D11: =IFERROR(IF(U11="","",INDEX('피벗값_매장명(동일)'!D:D,U11)),"") -> 414602390 | E11: =IFERROR(IF(U11="","",INDEX('피벗값_매장명(동일)'!E:E,U11)),"") -> 368846030 | F11: =IFERROR(IF(U11="","",INDEX('피벗값_매장명(동일)'!F:F,U11)),"") -> -0.11036203 | G11: =IFERROR(IF(U11="","",INDEX('피벗값_매장명(동일)'!G:G,U11)),"") -> 317171275 | H11: =IFERROR(IF(U11="","",INDEX('피벗값_매장명(동일)'!H:H,U11)),"") -> 282167448 | I11: =IFERROR(IF(U11="","",INDEX('피벗값_매장명(동일)'!I:I,U11)),"") -> 0.76500064 | J11: =IFERROR(IF(U11="","",INDEX('피벗값_매장명(동일)'!J:J,U11)),"") -> 142433388 | K11: =IFERROR(IF(U11="","",INDEX('피벗값_매장명(동일)'!K:K,U11)),"") -> 112174202 | L11: =IFERROR(IF(U11="","",INDEX('피벗값_매장명(동일)'!L:L,U11)),"") -> 2.9892307 | M11: =IFERROR(IF(U11="","",INDEX('피벗값_매장명(동일)'!M:M,U11)),"") -> 55830830 | N11: =IFERROR(IF(U11="","",INDEX('피벗값_매장명(동일)'!N:N,U11)),"") -> 49799600 | O11: =IFERROR(IF(U11="","",INDEX('피벗값_매장명(동일)'!O:O,U11)),"") -> 0.1350146 | P11: =IFERROR(IF(U11="","",INDEX('피벗값_매장명(동일)'!P:P,U11)),"") -> 145904135 | Q11: =IFERROR(IF(U11="","",INDEX('피벗값_매장명(동일)'!Q:Q,U11)),"") -> 144341660 | R11: =IFERROR(IF(U11="","",INDEX('피벗값_매장명(동일)'!R:R,U11)),"") -> 0.43046641 | S11: =IFERROR(IF(U11="","",INDEX('피벗값_매장명(동일)'!S:S,U11)),"") -> 0.029796712 | T11: =IFERROR(IF(U11="","",INDEX('피벗값_매장명(동일)'!T:T,U11)),"") -> -1562475 | U11: =IFERROR(MATCH(LARGE('피벗값_매장명(동일)'!$Q$6:$Q$70,7),'피벗값_매장명(동일)'!$Q$6:$Q$70,0)+6-1,"") -> 57
B12: =IFERROR(IF(U12="","",INDEX('피벗값_매장명(동일)'!B:B,U12)),"") -> 00301 | C12: =IFERROR(IF(U12="","",INDEX('피벗값_매장명(동일)'!C:C,U12)),"") -> 신세계광주점 | D12: =IFERROR(IF(U12="","",INDEX('피벗값_매장명(동일)'!D:D,U12)),"") -> 439907700 | E12: =IFERROR(IF(U12="","",INDEX('피벗값_매장명(동일)'!E:E,U12)),"") -> 457978260 | F12: =IFERROR(IF(U12="","",INDEX('피벗값_매장명(동일)'!F:F,U12)),"") -> 0.041078072 | G12: =IFERROR(IF(U12="","",INDEX('피벗값_매장명(동일)'!G:G,U12)),"") -> 281019098 | H12: =IFERROR(IF(U12="","",INDEX('피벗값_매장명(동일)'!H:H,U12)),"") -> 291525725 | I12: =IFERROR(IF(U12="","",INDEX('피벗값_매장명(동일)'!I:I,U12)),"") -> 0.63654927 | J12: =IFERROR(IF(U12="","",INDEX('피벗값_매장명(동일)'!J:J,U12)),"") -> 141178240 | K12: =IFERROR(IF(U12="","",INDEX('피벗값_매장명(동일)'!K:K,U12)),"") -> 134698533 | L12: =IFERROR(IF(U12="","",INDEX('피벗값_매장명(동일)'!L:L,U12)),"") -> 3.090931 | M12: =IFERROR(IF(U12="","",INDEX('피벗값_매장명(동일)'!M:M,U12)),"") -> 52070900 | N12: =IFERROR(IF(U12="","",INDEX('피벗값_매장명(동일)'!N:N,U12)),"") -> 55928060 | O12: =IFERROR(IF(U12="","",INDEX('피벗값_매장명(동일)'!O:O,U12)),"") -> 0.12211946 | P12: =IFERROR(IF(U12="","",INDEX('피벗값_매장명(동일)'!P:P,U12)),"") -> 114293668 | Q12: =IFERROR(IF(U12="","",INDEX('피벗값_매장명(동일)'!Q:Q,U12)),"") -> 130324853 | R12: =IFERROR(IF(U12="","",INDEX('피벗값_매장명(동일)'!R:R,U12)),"") -> 0.31302215 | S12: =IFERROR(IF(U12="","",INDEX('피벗값_매장명(동일)'!S:S,U12)),"") -> 0.026903197 | T12: =IFERROR(IF(U12="","",INDEX('피벗값_매장명(동일)'!T:T,U12)),"") -> 16031185 | U12: =IFERROR(MATCH(LARGE('피벗값_매장명(동일)'!$Q$6:$Q$70,8),'피벗값_매장명(동일)'!$Q$6:$Q$70,0)+6-1,"") -> 38
B13: =IFERROR(IF(U13="","",INDEX('피벗값_매장명(동일)'!B:B,U13)),"") -> 00219 | C13: =IFERROR(IF(U13="","",INDEX('피벗값_매장명(동일)'!C:C,U13)),"") -> 현대판교점 | D13: =IFERROR(IF(U13="","",INDEX('피벗값_매장명(동일)'!D:D,U13)),"") -> 380260820 | E13: =IFERROR(IF(U13="","",INDEX('피벗값_매장명(동일)'!E:E,U13)),"") -> 420179870 | F13: =IFERROR(IF(U13="","",INDEX('피벗값_매장명(동일)'!F:F,U13)),"") -> 0.10497808 | G13: =IFERROR(IF(U13="","",INDEX('피벗값_매장명(동일)'!G:G,U13)),"") -> 244364105 | H13: =IFERROR(IF(U13="","",INDEX('피벗값_매장명(동일)'!H:H,U13)),"") -> 261507858 | I13: =IFERROR(IF(U13="","",INDEX('피벗값_매장명(동일)'!I:I,U13)),"") -> 0.62237122 | J13: =IFERROR(IF(U13="","",INDEX('피벗값_매장명(동일)'!J:J,U13)),"") -> 110516114 | K13: =IFERROR(IF(U13="","",INDEX('피벗값_매장명(동일)'!K:K,U13)),"") -> 108564692 | L13: =IFERROR(IF(U13="","",INDEX('피벗값_매장명(동일)'!L:L,U13)),"") -> 3.5184708 | M13: =IFERROR(IF(U13="","",INDEX('피벗값_매장명(동일)'!M:M,U13)),"") -> 55290210 | N13: =IFERROR(IF(U13="","",INDEX('피벗값_매장명(동일)'!N:N,U13)),"") -> 60142760 | O13: =IFERROR(IF(U13="","",INDEX('피벗값_매장명(동일)'!O:O,U13)),"") -> 0.14313575 | P13: =IFERROR(IF(U13="","",INDEX('피벗값_매장명(동일)'!P:P,U13)),"") -> 111633072 | Q13: =IFERROR(IF(U13="","",INDEX('피벗값_매장명(동일)'!Q:Q,U13)),"") -> 129169724 | R13: =IFERROR(IF(U13="","",INDEX('피벗값_매장명(동일)'!R:R,U13)),"") -> 0.33815684 | S13: =IFERROR(IF(U13="","",INDEX('피벗값_매장명(동일)'!S:S,U13)),"") -> 0.026664742 | T13: =IFERROR(IF(U13="","",INDEX('피벗값_매장명(동일)'!T:T,U13)),"") -> 17536652 | U13: =IFERROR(MATCH(LARGE('피벗값_매장명(동일)'!$Q$6:$Q$70,9),'피벗값_매장명(동일)'!$Q$6:$Q$70,0)+6-1,"") -> 36
B14: =IFERROR(IF(U14="","",INDEX('피벗값_매장명(동일)'!B:B,U14)),"") -> 00201 | C14: =IFERROR(IF(U14="","",INDEX('피벗값_매장명(동일)'!C:C,U14)),"") -> 현대천호점 | D14: =IFERROR(IF(U14="","",INDEX('피벗값_매장명(동일)'!D:D,U14)),"") -> 459385100 | E14: =IFERROR(IF(U14="","",INDEX('피벗값_매장명(동일)'!E:E,U14)),"") -> 429974100 | F14: =IFERROR(IF(U14="","",INDEX('피벗값_매장명(동일)'!F:F,U14)),"") -> -0.064022538 | G14: =IFERROR(IF(U14="","",INDEX('피벗값_매장명(동일)'!G:G,U14)),"") -> 296514959 | H14: =IFERROR(IF(U14="","",INDEX('피벗값_매장명(동일)'!H:H,U14)),"") -> 272071310 | I14: =IFERROR(IF(U14="","",INDEX('피벗값_매장명(동일)'!I:I,U14)),"") -> 0.63276209 | J14: =IFERROR(IF(U14="","",INDEX('피벗값_매장명(동일)'!J:J,U14)),"") -> 142519248 | K14: =IFERROR(IF(U14="","",INDEX('피벗값_매장명(동일)'!K:K,U14)),"") -> 123827362 | L14: =IFERROR(IF(U14="","",INDEX('피벗값_매장명(동일)'!L:L,U14)),"") -> 3.1566977 | M14: =IFERROR(IF(U14="","",INDEX('피벗값_매장명(동일)'!M:M,U14)),"") -> 66581120 | N14: =IFERROR(IF(U14="","",INDEX('피벗값_매장명(동일)'!N:N,U14)),"") -> 62259800 | O14: =IFERROR(IF(U14="","",INDEX('피벗값_매장명(동일)'!O:O,U14)),"") -> 0.14479895 | P14: =IFERROR(IF(U14="","",INDEX('피벗값_매장명(동일)'!P:P,U14)),"") -> 127039806 | Q14: =IFERROR(IF(U14="","",INDEX('피벗값_매장명(동일)'!Q:Q,U14)),"") -> 123510191 | R14: =IFERROR(IF(U14="","",INDEX('피벗값_매장명(동일)'!R:R,U14)),"") -> 0.31597533 | S14: =IFERROR(IF(U14="","",INDEX('피벗값_매장명(동일)'!S:S,U14)),"") -> 0.025496434 | T14: =IFERROR(IF(U14="","",INDEX('피벗값_매장명(동일)'!T:T,U14)),"") -> -3529615 | U14: =IFERROR(MATCH(LARGE('피벗값_매장명(동일)'!$Q$6:$Q$70,10),'피벗값_매장명(동일)'!$Q$6:$Q$70,0)+6-1,"") -> 28
B15: =IFERROR(IF(U15="","",INDEX('피벗값_매장명(동일)'!B:B,U15)),"") -> 00504 | C15: =IFERROR(IF(U15="","",INDEX('피벗값_매장명(동일)'!C:C,U15)),"") -> 갤러리아광교점 | D15: =IFERROR(IF(U15="","",INDEX('피벗값_매장명(동일)'!D:D,U15)),"") -> 414430770 | E15: =IFERROR(IF(U15="","",INDEX('피벗값_매장명(동일)'!E:E,U15)),"") -> 435458830 | F15: =IFERROR(IF(U15="","",INDEX('피벗값_매장명(동일)'!F:F,U15)),"") -> 0.050739621 | G15: =IFERROR(IF(U15="","",INDEX('피벗값_매장명(동일)'!G:G,U15)),"") -> 261327096 | H15: =IFERROR(IF(U15="","",INDEX('피벗값_매장명(동일)'!H:H,U15)),"") -> 273277404 | I15: =IFERROR(IF(U15="","",INDEX('피벗값_매장명(동일)'!I:I,U15)),"") -> 0.62756198 | J15: =IFERROR(IF(U15="","",INDEX('피벗값_매장명(동일)'!J:J,U15)),"") -> 129368702 | K15: =IFERROR(IF(U15="","",INDEX('피벗값_매장명(동일)'!K:K,U15)),"") -> 129229820 | L15: =IFERROR(IF(U15="","",INDEX('피벗값_매장명(동일)'!L:L,U15)),"") -> 3.0633151 | M15: =IFERROR(IF(U15="","",INDEX('피벗값_매장명(동일)'!M:M,U15)),"") -> 47925474 | N15: =IFERROR(IF(U15="","",INDEX('피벗값_매장명(동일)'!N:N,U15)),"") -> 52175650 | O15: =IFERROR(IF(U15="","",INDEX('피벗값_매장명(동일)'!O:O,U15)),"") -> 0.11981764 | P15: =IFERROR(IF(U15="","",INDEX('피벗값_매장명(동일)'!P:P,U15)),"") -> 108201386 | Q15: =IFERROR(IF(U15="","",INDEX('피벗값_매장명(동일)'!Q:Q,U15)),"") -> 119204183 | R15: =IFERROR(IF(U15="","",INDEX('피벗값_매장명(동일)'!R:R,U15)),"") -> 0.30111825 | S15: =IFERROR(IF(U15="","",INDEX('피벗값_매장명(동일)'!S:S,U15)),"") -> 0.024607537 | T15: =IFERROR(IF(U15="","",INDEX('피벗값_매장명(동일)'!T:T,U15)),"") -> 11002797 | U15: =IFERROR(MATCH(LARGE('피벗값_매장명(동일)'!$Q$6:$Q$70,11),'피벗값_매장명(동일)'!$Q$6:$Q$70,0)+6-1,"") -> 51
B16: =IFERROR(IF(U16="","",INDEX('피벗값_매장명(동일)'!B:B,U16)),"") -> 00314 | C16: =IFERROR(IF(U16="","",INDEX('피벗값_매장명(동일)'!C:C,U16)),"") -> 신세계대구점 | D16: =IFERROR(IF(U16="","",INDEX('피벗값_매장명(동일)'!D:D,U16)),"") -> 390285780 | E16: =IFERROR(IF(U16="","",INDEX('피벗값_매장명(동일)'!E:E,U16)),"") -> 383554610 | F16: =IFERROR(IF(U16="","",INDEX('피벗값_매장명(동일)'!F:F,U16)),"") -> -0.017246772 | G16: =IFERROR(IF(U16="","",INDEX('피벗값_매장명(동일)'!G:G,U16)),"") -> 246993538 | H16: =IFERROR(IF(U16="","",INDEX('피벗값_매장명(동일)'!H:H,U16)),"") -> 243294141 | I16: =IFERROR(IF(U16="","",INDEX('피벗값_매장명(동일)'!I:I,U16)),"") -> 0.63431421 | J16: =IFERROR(IF(U16="","",INDEX('피벗값_매장명(동일)'!J:J,U16)),"") -> 116071640 | K16: =IFERROR(IF(U16="","",INDEX('피벗값_매장명(동일)'!K:K,U16)),"") -> 105600896 | L16: =IFERROR(IF(U16="","",INDEX('피벗값_매장명(동일)'!L:L,U16)),"") -> 3.3019228 | M16: =IFERROR(IF(U16="","",INDEX('피벗값_매장명(동일)'!M:M,U16)),"") -> 38648580 | N16: =IFERROR(IF(U16="","",INDEX('피벗값_매장명(동일)'!N:N,U16)),"") -> 53420450 | O16: =IFERROR(IF(U16="","",INDEX('피벗값_매장명(동일)'!O:O,U16)),"") -> 0.1392773 | P16: =IFERROR(IF(U16="","",INDEX('피벗값_매장명(동일)'!P:P,U16)),"") -> 108467940 | Q16: =IFERROR(IF(U16="","",INDEX('피벗값_매장명(동일)'!Q:Q,U16)),"") -> 115575595 | R16: =IFERROR(IF(U16="","",INDEX('피벗값_매장명(동일)'!R:R,U16)),"") -> 0.33146037 | S16: =IFERROR(IF(U16="","",INDEX('피벗값_매장명(동일)'!S:S,U16)),"") -> 0.023858481 | T16: =IFERROR(IF(U16="","",INDEX('피벗값_매장명(동일)'!T:T,U16)),"") -> 7107655 | U16: =IFERROR(MATCH(LARGE('피벗값_매장명(동일)'!$Q$6:$Q$70,12),'피벗값_매장명(동일)'!$Q$6:$Q$70,0)+6-1,"") -> 48
B17: =IFERROR(IF(U17="","",INDEX('피벗값_매장명(동일)'!B:B,U17)),"") -> 00306 | C17: =IFERROR(IF(U17="","",INDEX('피벗값_매장명(동일)'!C:C,U17)),"") -> 신세계경기점 | D17: =IFERROR(IF(U17="","",INDEX('피벗값_매장명(동일)'!D:D,U17)),"") -> 358708780 | E17: =IFERROR(IF(U17="","",INDEX('피벗값_매장명(동일)'!E:E,U17)),"") -> 376815570 | F17: =IFERROR(IF(U17="","",INDEX('피벗값_매장명(동일)'!F:F,U17)),"") -> 0.050477688 | G17: =IFERROR(IF(U17="","",INDEX('피벗값_매장명(동일)'!G:G,U17)),"") -> 227108567 | H17: =IFERROR(IF(U17="","",INDEX('피벗값_매장명(동일)'!H:H,U17)),"") -> 238782669 | I17: =IFERROR(IF(U17="","",INDEX('피벗값_매장명(동일)'!I:I,U17)),"") -> 0.63368578 | J17: =IFERROR(IF(U17="","",INDEX('피벗값_매장명(동일)'!J:J,U17)),"") -> 110521568 | K17: =IFERROR(IF(U17="","",INDEX('피벗값_매장명(동일)'!K:K,U17)),"") -> 106952230 | L17: =IFERROR(IF(U17="","",INDEX('피벗값_매장명(동일)'!L:L,U17)),"") -> 3.2029216 | M17: =IFERROR(IF(U17="","",INDEX('피벗값_매장명(동일)'!M:M,U17)),"") -> 53771418 | N17: =IFERROR(IF(U17="","",INDEX('피벗값_매장명(동일)'!N:N,U17)),"") -> 56459450 | O17: =IFERROR(IF(U17="","",INDEX('피벗값_매장명(동일)'!O:O,U17)),"") -> 0.14983311 | P17: =IFERROR(IF(U17="","",INDEX('피벗값_매장명(동일)'!P:P,U17)),"") -> 95940766 | Q17: =IFERROR(IF(U17="","",INDEX('피벗값_매장명(동일)'!Q:Q,U17)),"") -> 110122925 | R17: =IFERROR(IF(U17="","",INDEX('피벗값_매장명(동일)'!R:R,U17)),"") -> 0.32147084 | S17: =IFERROR(IF(U17="","",INDEX('피벗값_매장명(동일)'!S:S,U17)),"") -> 0.022732876 | T17: =IFERROR(IF(U17="","",INDEX('피벗값_매장명(동일)'!T:T,U17)),"") -> 14182159 | U17: =IFERROR(MATCH(LARGE('피벗값_매장명(동일)'!$Q$6:$Q$70,13),'피벗값_매장명(동일)'!$Q$6:$Q$70,0)+6-1,"") -> 41
B18: =IFERROR(IF(U18="","",INDEX('피벗값_매장명(동일)'!B:B,U18)),"") -> 00101 | C18: =IFERROR(IF(U18="","",INDEX('피벗값_매장명(동일)'!C:C,U18)),"") -> 롯데잠실점 | D18: =IFERROR(IF(U18="","",INDEX('피벗값_매장명(동일)'!D:D,U18)),"") -> 304063520 | E18: =IFERROR(IF(U18="","",INDEX('피벗값_매장명(동일)'!E:E,U18)),"") -> 369840250 | F18: =IFERROR(IF(U18="","",INDEX('피벗값_매장명(동일)'!F:F,U18)),"") -> 0.21632562 | G18: =IFERROR(IF(U18="","",INDEX('피벗값_매장명(동일)'!G:G,U18)),"") -> 195026705 | H18: =IFERROR(IF(U18="","",INDEX('피벗값_매장명(동일)'!H:H,U18)),"") -> 236914267 | I18: =IFERROR(IF(U18="","",INDEX('피벗값_매장명(동일)'!I:I,U18)),"") -> 0.64058541 | J18: =IFERROR(IF(U18="","",INDEX('피벗값_매장명(동일)'!J:J,U18)),"") -> 88822778 | K18: =IFERROR(IF(U18="","",INDEX('피벗값_매장명(동일)'!K:K,U18)),"") -> 107012131 | L18: =IFERROR(IF(U18="","",INDEX('피벗값_매장명(동일)'!L:L,U18)),"") -> 3.1418719 | M18: =IFERROR(IF(U18="","",INDEX('피벗값_매장명(동일)'!M:M,U18)),"") -> 32165690 | N18: =IFERROR(IF(U18="","",INDEX('피벗값_매장명(동일)'!N:N,U18)),"") -> 35215740 | O18: =IFERROR(IF(U18="","",INDEX('피벗값_매장명(동일)'!O:O,U18)),"") -> 0.095218787 | P18: =IFERROR(IF(U18="","",INDEX('피벗값_매장명(동일)'!P:P,U18)),"") -> 88474227 | Q18: =IFERROR(IF(U18="","",INDEX('피벗값_매장명(동일)'!Q:Q,U18)),"") -> 108364475 | R18: =IFERROR(IF(U18="","",INDEX('피벗값_매장명(동일)'!R:R,U18)),"") -> 0.32230381 | S18: =IFERROR(IF(U18="","",INDEX('피벗값_매장명(동일)'!S:S,U18)),"") -> 0.022369876 | T18: =IFERROR(IF(U18="","",INDEX('피벗값_매장명(동일)'!T:T,U18)),"") -> 19890248 | U18: =IFERROR(MATCH(LARGE('피벗값_매장명(동일)'!$Q$6:$Q$70,14),'피벗값_매장명(동일)'!$Q$6:$Q$70,0)+6-1,"") -> 6
B19: =IFERROR(IF(U19="","",INDEX('피벗값_매장명(동일)'!B:B,U19)),"") -> 00129 | C19: =IFERROR(IF(U19="","",INDEX('피벗값_매장명(동일)'!C:C,U19)),"") -> 롯데평촌점 | D19: =IFERROR(IF(U19="","",INDEX('피벗값_매장명(동일)'!D:D,U19)),"") -> 295984510 | E19: =IFERROR(IF(U19="","",INDEX('피벗값_매장명(동일)'!E:E,U19)),"") -> 355223110 | F19: =IFERROR(IF(U19="","",INDEX('피벗값_매장명(동일)'!F:F,U19)),"") -> 0.20014088 | G19: =IFERROR(IF(U19="","",INDEX('피벗값_매장명(동일)'!G:G,U19)),"") -> 189974329 | H19: =IFERROR(IF(U19="","",INDEX('피벗값_매장명(동일)'!H:H,U19)),"") -> 227708060 | I19: =IFERROR(IF(U19="","",INDEX('피벗값_매장명(동일)'!I:I,U19)),"") -> 0.64102828 | J19: =IFERROR(IF(U19="","",INDEX('피벗값_매장명(동일)'!J:J,U19)),"") -> 92654598 | K19: =IFERROR(IF(U19="","",INDEX('피벗값_매장명(동일)'!K:K,U19)),"") -> 102007171 | L19: =IFERROR(IF(U19="","",INDEX('피벗값_매장명(동일)'!L:L,U19)),"") -> 3.1657588 | M19: =IFERROR(IF(U19="","",INDEX('피벗값_매장명(동일)'!M:M,U19)),"") -> 38190450 | N19: =IFERROR(IF(U19="","",INDEX('피벗값_매장명(동일)'!N:N,U19)),"") -> 49458840 | O19: =IFERROR(IF(U19="","",INDEX('피벗값_매장명(동일)'!O:O,U19)),"") -> 0.13923317 | P19: =IFERROR(IF(U19="","",INDEX('피벗값_매장명(동일)'!P:P,U19)),"") -> 80049337 | Q19: =IFERROR(IF(U19="","",INDEX('피벗값_매장명(동일)'!Q:Q,U19)),"") -> 105000157 | R19: =IFERROR(IF(U19="","",INDEX('피벗값_매장명(동일)'!R:R,U19)),"") -> 0.32514825 | S19: =IFERROR(IF(U19="","",INDEX('피벗값_매장명(동일)'!S:S,U19)),"") -> 0.021675374 | T19: =IFERROR(IF(U19="","",INDEX('피벗값_매장명(동일)'!T:T,U19)),"") -> 24950820 | U19: =IFERROR(MATCH(LARGE('피벗값_매장명(동일)'!$Q$6:$Q$70,15),'피벗값_매장명(동일)'!$Q$6:$Q$70,0)+6-1,"") -> 19
B20: =IFERROR(IF(U20="","",INDEX('피벗값_매장명(동일)'!B:B,U20)),"") -> 01305 | C20: =IFERROR(IF(U20="","",INDEX('피벗값_매장명(동일)'!C:C,U20)),"") -> 신세계본점 | D20: =IFERROR(IF(U20="","",INDEX('피벗값_매장명(동일)'!D:D,U20)),"") -> 356547330 | E20: =IFERROR(IF(U20="","",INDEX('피벗값_매장명(동일)'!E:E,U20)),"") -> 370505260 | F20: =IFERROR(IF(U20="","",INDEX('피벗값_매장명(동일)'!F:F,U20)),"") -> 0.039147481 | G20: =IFERROR(IF(U20="","",INDEX('피벗값_매장명(동일)'!G:G,U20)),"") -> 225043083 | H20: =IFERROR(IF(U20="","",INDEX('피벗값_매장명(동일)'!H:H,U20)),"") -> 233658882 | I20: =IFERROR(IF(U20="","",INDEX('피벗값_매장명(동일)'!I:I,U20)),"") -> 0.6306493 | J20: =IFERROR(IF(U20="","",INDEX('피벗값_매장명(동일)'!J:J,U20)),"") -> 110380464 | K20: =IFERROR(IF(U20="","",INDEX('피벗값_매장명(동일)'!K:K,U20)),"") -> 109146091 | L20: =IFERROR(IF(U20="","",INDEX('피벗값_매장명(동일)'!L:L,U20)),"") -> 3.0859828 | M20: =IFERROR(IF(U20="","",INDEX('피벗값_매장명(동일)'!M:M,U20)),"") -> 55955670 | N20: =IFERROR(IF(U20="","",INDEX('피벗값_매장명(동일)'!N:N,U20)),"") -> 58672550 | O20: =IFERROR(IF(U20="","",INDEX('피벗값_매장명(동일)'!O:O,U20)),"") -> 0.15835821 | P20: =IFERROR(IF(U20="","",INDEX('피벗값_매장명(동일)'!P:P,U20)),"") -> 94204157 | Q20: =IFERROR(IF(U20="","",INDEX('피벗값_매장명(동일)'!Q:Q,U20)),"") -> 103271074 | R20: =IFERROR(IF(U20="","",INDEX('피벗값_매장명(동일)'!R:R,U20)),"") -> 0.30660342 | S20: =IFERROR(IF(U20="","",INDEX('피벗값_매장명(동일)'!S:S,U20)),"") -> 0.021318436 | T20: =IFERROR(IF(U20="","",INDEX('피벗값_매장명(동일)'!T:T,U20)),"") -> 9066917 | U20: =IFERROR(MATCH(LARGE('피벗값_매장명(동일)'!$Q$6:$Q$70,16),'피벗값_매장명(동일)'!$Q$6:$Q$70,0)+6-1,"") -> 56
B21: =IFERROR(IF(U21="","",INDEX('피벗값_매장명(동일)'!B:B,U21)),"") -> 00141 | C21: =IFERROR(IF(U21="","",INDEX('피벗값_매장명(동일)'!C:C,U21)),"") -> 롯데인천터미널점 | D21: =IFERROR(IF(U21="","",INDEX('피벗값_매장명(동일)'!D:D,U21)),"") -> 356127100 | E21: =IFERROR(IF(U21="","",INDEX('피벗값_매장명(동일)'!E:E,U21)),"") -> 348028640 | F21: =IFERROR(IF(U21="","",INDEX('피벗값_매장명(동일)'!F:F,U21)),"") -> -0.022740364 | G21: =IFERROR(IF(U21="","",INDEX('피벗값_매장명(동일)'!G:G,U21)),"") -> 228085896 | H21: =IFERROR(IF(U21="","",INDEX('피벗값_매장명(동일)'!H:H,U21)),"") -> 222979373 | I21: =IFERROR(IF(U21="","",INDEX('피벗값_매장명(동일)'!I:I,U21)),"") -> 0.6406926 | J21: =IFERROR(IF(U21="","",INDEX('피벗값_매장명(동일)'!J:J,U21)),"") -> 105583227 | K21: =IFERROR(IF(U21="","",INDEX('피벗값_매장명(동일)'!K:K,U21)),"") -> 99808291 | L21: =IFERROR(IF(U21="","",INDEX('피벗값_매장명(동일)'!L:L,U21)),"") -> 3.1699739 | M21: =IFERROR(IF(U21="","",INDEX('피벗값_매장명(동일)'!M:M,U21)),"") -> 47477860 | N21: =IFERROR(IF(U21="","",INDEX('피벗값_매장명(동일)'!N:N,U21)),"") -> 46266070 | O21: =IFERROR(IF(U21="","",INDEX('피벗값_매장명(동일)'!O:O,U21)),"") -> 0.13293754 | P21: =IFERROR(IF(U21="","",INDEX('피벗값_매장명(동일)'!P:P,U21)),"") -> 101767587 | Q21: =IFERROR(IF(U21="","",INDEX('피벗값_매장명(동일)'!Q:Q,U21)),"") -> 102900230 | R21: =IFERROR(IF(U21="","",INDEX('피벗값_매장명(동일)'!R:R,U21)),"") -> 0.32523258 | S21: =IFERROR(IF(U21="","",INDEX('피벗값_매장명(동일)'!S:S,U21)),"") -> 0.021241882 | T21: =IFERROR(IF(U21="","",INDEX('피벗값_매장명(동일)'!T:T,U21)),"") -> 1132643 | U21: =IFERROR(MATCH(LARGE('피벗값_매장명(동일)'!$Q$6:$Q$70,17),'피벗값_매장명(동일)'!$Q$6:$Q$70,0)+6-1,"") -> 26
B22: =IFERROR(IF(U22="","",INDEX('피벗값_매장명(동일)'!B:B,U22)),"") -> 00128 | C22: =IFERROR(IF(U22="","",INDEX('피벗값_매장명(동일)'!C:C,U22)),"") -> 롯데부산본점 | D22: =IFERROR(IF(U22="","",INDEX('피벗값_매장명(동일)'!D:D,U22)),"") -> 318432220 | E22: =IFERROR(IF(U22="","",INDEX('피벗값_매장명(동일)'!E:E,U22)),"") -> 341686200 | F22: =IFERROR(IF(U22="","",INDEX('피벗값_매장명(동일)'!F:F,U22)),"") -> 0.073026467 | G22: =IFERROR(IF(U22="","",INDEX('피벗값_매장명(동일)'!G:G,U22)),"") -> 203796169 | H22: =IFERROR(IF(U22="","",INDEX('피벗값_매장명(동일)'!H:H,U22)),"") -> 218843755 | I22: =IFERROR(IF(U22="","",INDEX('피벗값_매장명(동일)'!I:I,U22)),"") -> 0.64048169 | J22: =IFERROR(IF(U22="","",INDEX('피벗값_매장명(동일)'!J:J,U22)),"") -> 93232490 | K22: =IFERROR(IF(U22="","",INDEX('피벗값_매장명(동일)'!K:K,U22)),"") -> 97968242 | L22: =IFERROR(IF(U22="","",INDEX('피벗값_매장명(동일)'!L:L,U22)),"") -> 3.1706583 | M22: =IFERROR(IF(U22="","",INDEX('피벗값_매장명(동일)'!M:M,U22)),"") -> 36971910 | N22: =IFERROR(IF(U22="","",INDEX('피벗값_매장명(동일)'!N:N,U22)),"") -> 36020670 | O22: =IFERROR(IF(U22="","",INDEX('피벗값_매장명(동일)'!O:O,U22)),"") -> 0.10542032 | P22: =IFERROR(IF(U22="","",INDEX('피벗값_매장명(동일)'!P:P,U22)),"") -> 92036754 | Q22: =IFERROR(IF(U22="","",INDEX('피벗값_매장명(동일)'!Q:Q,U22)),"") -> 100980625 | R22: =IFERROR(IF(U22="","",INDEX('피벗값_매장명(동일)'!R:R,U22)),"") -> 0.32508977 | S22: =IFERROR(IF(U22="","",INDEX('피벗값_매장명(동일)'!S:S,U22)),"") -> 0.020845615 | T22: =IFERROR(IF(U22="","",INDEX('피벗값_매장명(동일)'!T:T,U22)),"") -> 8943871 | U22: =IFERROR(MATCH(LARGE('피벗값_매장명(동일)'!$Q$6:$Q$70,18),'피벗값_매장명(동일)'!$Q$6:$Q$70,0)+6-1,"") -> 18
B23: =IFERROR(IF(U23="","",INDEX('피벗값_매장명(동일)'!B:B,U23)),"") -> 05003 | C23: =IFERROR(IF(U23="","",INDEX('피벗값_매장명(동일)'!C:C,U23)),"") -> 롯데아울렛이천점 | D23: =IFERROR(IF(U23="","",INDEX('피벗값_매장명(동일)'!D:D,U23)),"") -> 222880170 | E23: =IFERROR(IF(U23="","",INDEX('피벗값_매장명(동일)'!E:E,U23)),"") -> 247285010 | F23: =IFERROR(IF(U23="","",INDEX('피벗값_매장명(동일)'!F:F,U23)),"") -> 0.10949758 | G23: =IFERROR(IF(U23="","",INDEX('피벗값_매장명(동일)'!G:G,U23)),"") -> 171617859 | H23: =IFERROR(IF(U23="","",INDEX('피벗값_매장명(동일)'!H:H,U23)),"") -> 190409588 | I23: =IFERROR(IF(U23="","",INDEX('피벗값_매장명(동일)'!I:I,U23)),"") -> 0.77000053 | J23: =IFERROR(IF(U23="","",INDEX('피벗값_매장명(동일)'!J:J,U23)),"") -> 72984080 | K23: =IFERROR(IF(U23="","",INDEX('피벗값_매장명(동일)'!K:K,U23)),"") -> 74522206 | L23: =IFERROR(IF(U23="","",INDEX('피벗값_매장명(동일)'!L:L,U23)),"") -> 3.0166116 | M23: =IFERROR(IF(U23="","",INDEX('피벗값_매장명(동일)'!M:M,U23)),"") -> 35629220 | N23: =IFERROR(IF(U23="","",INDEX('피벗값_매장명(동일)'!N:N,U23)),"") -> 39385870 | O23: =IFERROR(IF(U23="","",INDEX('피벗값_매장명(동일)'!O:O,U23)),"") -> 0.15927318 | P23: =IFERROR(IF(U23="","",INDEX('피벗값_매장명(동일)'!P:P,U23)),"") -> 83032156 | Q23: =IFERROR(IF(U23="","",INDEX('피벗값_매장명(동일)'!Q:Q,U23)),"") -> 98577419 | R23: =IFERROR(IF(U23="","",INDEX('피벗값_매장명(동일)'!R:R,U23)),"") -> 0.43850277 | S23: =IFERROR(IF(U23="","",INDEX('피벗값_매장명(동일)'!S:S,U23)),"") -> 0.020349517 | T23: =IFERROR(IF(U23="","",INDEX('피벗값_매장명(동일)'!T:T,U23)),"") -> 15545263 | U23: =IFERROR(MATCH(LARGE('피벗값_매장명(동일)'!$Q$6:$Q$70,19),'피벗값_매장명(동일)'!$Q$6:$Q$70,0)+6-1,"") -> 58
B24: =IFERROR(IF(U24="","",INDEX('피벗값_매장명(동일)'!B:B,U24)),"") -> 00142 | C24: =IFERROR(IF(U24="","",INDEX('피벗값_매장명(동일)'!C:C,U24)),"") -> 롯데동탄점 | D24: =IFERROR(IF(U24="","",INDEX('피벗값_매장명(동일)'!D:D,U24)),"") -> 250689340 | E24: =IFERROR(IF(U24="","",INDEX('피벗값_매장명(동일)'!E:E,U24)),"") -> 324186670 | F24: =IFERROR(IF(U24="","",INDEX('피벗값_매장명(동일)'!F:F,U24)),"") -> 0.29318091 | G24: =IFERROR(IF(U24="","",INDEX('피벗값_매장명(동일)'!G:G,U24)),"") -> 160592051 | H24: =IFERROR(IF(U24="","",INDEX('피벗값_매장명(동일)'!H:H,U24)),"") -> 208990633 | I24: =IFERROR(IF(U24="","",INDEX('피벗값_매장명(동일)'!I:I,U24)),"") -> 0.6446614 | J24: =IFERROR(IF(U24="","",INDEX('피벗값_매장명(동일)'!J:J,U24)),"") -> 73856648 | K24: =IFERROR(IF(U24="","",INDEX('피벗값_매장명(동일)'!K:K,U24)),"") -> 92593622 | L24: =IFERROR(IF(U24="","",INDEX('피벗값_매장명(동일)'!L:L,U24)),"") -> 3.1828883 | M24: =IFERROR(IF(U24="","",INDEX('피벗값_매장명(동일)'!M:M,U24)),"") -> 37644830 | N24: =IFERROR(IF(U24="","",INDEX('피벗값_매장명(동일)'!N:N,U24)),"") -> 40703050 | O24: =IFERROR(IF(U24="","",INDEX('피벗값_매장명(동일)'!O:O,U24)),"") -> 0.12555436 | P24: =IFERROR(IF(U24="","",INDEX('피벗값_매장명(동일)'!P:P,U24)),"") -> 72136126 | Q24: =IFERROR(IF(U24="","",INDEX('피벗값_매장명(동일)'!Q:Q,U24)),"") -> 97397864 | R24: =IFERROR(IF(U24="","",INDEX('피벗값_매장명(동일)'!R:R,U24)),"") -> 0.33048136 | S24: =IFERROR(IF(U24="","",INDEX('피벗값_매장명(동일)'!S:S,U24)),"") -> 0.020106019 | T24: =IFERROR(IF(U24="","",INDEX('피벗값_매장명(동일)'!T:T,U24)),"") -> 25261738 | U24: =IFERROR(MATCH(LARGE('피벗값_매장명(동일)'!$Q$6:$Q$70,20),'피벗값_매장명(동일)'!$Q$6:$Q$70,0)+6-1,"") -> 27
B25: =IFERROR(IF(U25="","",INDEX('피벗값_매장명(동일)'!B:B,U25)),"") -> 00203 | C25: =IFERROR(IF(U25="","",INDEX('피벗값_매장명(동일)'!C:C,U25)),"") -> 현대울산점 | D25: =IFERROR(IF(U25="","",INDEX('피벗값_매장명(동일)'!D:D,U25)),"") -> 310578900 | E25: =IFERROR(IF(U25="","",INDEX('피벗값_매장명(동일)'!E:E,U25)),"") -> 347567300 | F25: =IFERROR(IF(U25="","",INDEX('피벗값_매장명(동일)'!F:F,U25)),"") -> 0.11909502 | G25: =IFERROR(IF(U25="","",INDEX('피벗값_매장명(동일)'!G:G,U25)),"") -> 209572259 | H25: =IFERROR(IF(U25="","",INDEX('피벗값_매장명(동일)'!H:H,U25)),"") -> 216966062 | I25: =IFERROR(IF(U25="","",INDEX('피벗값_매장명(동일)'!I:I,U25)),"") -> 0.62424187 | J25: =IFERROR(IF(U25="","",INDEX('피벗값_매장명(동일)'!J:J,U25)),"") -> 87626323 | K25: =IFERROR(IF(U25="","",INDEX('피벗값_매장명(동일)'!K:K,U25)),"") -> 100831823 | L25: =IFERROR(IF(U25="","",INDEX('피벗값_매장명(동일)'!L:L,U25)),"") -> 3.1336364 | M25: =IFERROR(IF(U25="","",INDEX('피벗값_매장명(동일)'!M:M,U25)),"") -> 40408350 | N25: =IFERROR(IF(U25="","",INDEX('피벗값_매장명(동일)'!N:N,U25)),"") -> 41013400 | O25: =IFERROR(IF(U25="","",INDEX('피벗값_매장명(동일)'!O:O,U25)),"") -> 0.11800132 | P25: =IFERROR(IF(U25="","",INDEX('피벗값_매장명(동일)'!P:P,U25)),"") -> 102893912 | Q25: =IFERROR(IF(U25="","",INDEX('피벗값_매장명(동일)'!Q:Q,U25)),"") -> 96410051 | R25: =IFERROR(IF(U25="","",INDEX('피벗값_매장명(동일)'!R:R,U25)),"") -> 0.3051238 | S25: =IFERROR(IF(U25="","",INDEX('피벗값_매장명(동일)'!S:S,U25)),"") -> 0.019902103 | T25: =IFERROR(IF(U25="","",INDEX('피벗값_매장명(동일)'!T:T,U25)),"") -> -6483861 | U25: =IFERROR(MATCH(LARGE('피벗값_매장명(동일)'!$Q$6:$Q$70,21),'피벗값_매장명(동일)'!$Q$6:$Q$70,0)+6-1,"") -> 29
B26: =IFERROR(IF(U26="","",INDEX('피벗값_매장명(동일)'!B:B,U26)),"") -> 00111 | C26: =IFERROR(IF(U26="","",INDEX('피벗값_매장명(동일)'!C:C,U26)),"") -> 롯데포항점 | D26: =IFERROR(IF(U26="","",INDEX('피벗값_매장명(동일)'!D:D,U26)),"") -> 282624550 | E26: =IFERROR(IF(U26="","",INDEX('피벗값_매장명(동일)'!E:E,U26)),"") -> 293790280 | F26: =IFERROR(IF(U26="","",INDEX('피벗값_매장명(동일)'!F:F,U26)),"") -> 0.03950729 | G26: =IFERROR(IF(U26="","",INDEX('피벗값_매장명(동일)'!G:G,U26)),"") -> 181269907 | H26: =IFERROR(IF(U26="","",INDEX('피벗값_매장명(동일)'!H:H,U26)),"") -> 188363309 | I26: =IFERROR(IF(U26="","",INDEX('피벗값_매장명(동일)'!I:I,U26)),"") -> 0.64114888 | J26: =IFERROR(IF(U26="","",INDEX('피벗값_매장명(동일)'!J:J,U26)),"") -> 84181505 | K26: =IFERROR(IF(U26="","",INDEX('피벗값_매장명(동일)'!K:K,U26)),"") -> 83812337 | L26: =IFERROR(IF(U26="","",INDEX('피벗값_매장명(동일)'!L:L,U26)),"") -> 3.1866678 | M26: =IFERROR(IF(U26="","",INDEX('피벗값_매장명(동일)'!M:M,U26)),"") -> 41640450 | N26: =IFERROR(IF(U26="","",INDEX('피벗값_매장명(동일)'!N:N,U26)),"") -> 43422940 | O26: =IFERROR(IF(U26="","",INDEX('피벗값_매장명(동일)'!O:O,U26)),"") -> 0.14780251 | P26: =IFERROR(IF(U26="","",INDEX('피벗값_매장명(동일)'!P:P,U26)),"") -> 80609320 | Q26: =IFERROR(IF(U26="","",INDEX('피벗값_매장명(동일)'!Q:Q,U26)),"") -> 87427035 | R26: =IFERROR(IF(U26="","",INDEX('피벗값_매장명(동일)'!R:R,U26)),"") -> 0.32734146 | S26: =IFERROR(IF(U26="","",INDEX('피벗값_매장명(동일)'!S:S,U26)),"") -> 0.018047722 | T26: =IFERROR(IF(U26="","",INDEX('피벗값_매장명(동일)'!T:T,U26)),"") -> 6817715 | U26: =IFERROR(MATCH(LARGE('피벗값_매장명(동일)'!$Q$6:$Q$70,22),'피벗값_매장명(동일)'!$Q$6:$Q$70,0)+6-1,"") -> 10
B27: =IFERROR(IF(U27="","",INDEX('피벗값_매장명(동일)'!B:B,U27)),"") -> 00114 | C27: =IFERROR(IF(U27="","",INDEX('피벗값_매장명(동일)'!C:C,U27)),"") -> 롯데창원점 | D27: =IFERROR(IF(U27="","",INDEX('피벗값_매장명(동일)'!D:D,U27)),"") -> 299016680 | E27: =IFERROR(IF(U27="","",INDEX('피벗값_매장명(동일)'!E:E,U27)),"") -> 276462270 | F27: =IFERROR(IF(U27="","",INDEX('피벗값_매장명(동일)'!F:F,U27)),"") -> -0.075428602 | G27: =IFERROR(IF(U27="","",INDEX('피벗값_매장명(동일)'!G:G,U27)),"") -> 191524203 | H27: =IFERROR(IF(U27="","",INDEX('피벗값_매장명(동일)'!H:H,U27)),"") -> 177069746 | I27: =IFERROR(IF(U27="","",INDEX('피벗값_매장명(동일)'!I:I,U27)),"") -> 0.64048431 | J27: =IFERROR(IF(U27="","",INDEX('피벗값_매장명(동일)'!J:J,U27)),"") -> 92390173 | K27: =IFERROR(IF(U27="","",INDEX('피벗값_매장명(동일)'!K:K,U27)),"") -> 80314201 | L27: =IFERROR(IF(U27="","",INDEX('피벗값_매장명(동일)'!L:L,U27)),"") -> 3.1293262 | M27: =IFERROR(IF(U27="","",INDEX('피벗값_매장명(동일)'!M:M,U27)),"") -> 40081750 | N27: =IFERROR(IF(U27="","",INDEX('피벗값_매장명(동일)'!N:N,U27)),"") -> 35734470 | O27: =IFERROR(IF(U27="","",INDEX('피벗값_매장명(동일)'!O:O,U27)),"") -> 0.12925623 | P27: =IFERROR(IF(U27="","",INDEX('피벗값_매장명(동일)'!P:P,U27)),"") -> 81722739 | Q27: =IFERROR(IF(U27="","",INDEX('피벗값_매장명(동일)'!Q:Q,U27)),"") -> 80658295 | R27: =IFERROR(IF(U27="","",INDEX('피벗값_매장명(동일)'!R:R,U27)),"") -> 0.3209267 | S27: =IFERROR(IF(U27="","",INDEX('피벗값_매장명(동일)'!S:S,U27)),"") -> 0.016650439 | T27: =IFERROR(IF(U27="","",INDEX('피벗값_매장명(동일)'!T:T,U27)),"") -> -1064444 | U27: =IFERROR(MATCH(LARGE('피벗값_매장명(동일)'!$Q$6:$Q$70,23),'피벗값_매장명(동일)'!$Q$6:$Q$70,0)+6-1,"") -> 13
B28: =IFERROR(IF(U28="","",INDEX('피벗값_매장명(동일)'!B:B,U28)),"") -> 05009 | C28: =IFERROR(IF(U28="","",INDEX('피벗값_매장명(동일)'!C:C,U28)),"") -> 롯데아울렛동부산점 | D28: =IFERROR(IF(U28="","",INDEX('피벗값_매장명(동일)'!D:D,U28)),"") -> 189274320 | E28: =IFERROR(IF(U28="","",INDEX('피벗값_매장명(동일)'!E:E,U28)),"") -> 205105890 | F28: =IFERROR(IF(U28="","",INDEX('피벗값_매장명(동일)'!F:F,U28)),"") -> 0.083643518 | G28: =IFERROR(IF(U28="","",INDEX('피벗값_매장명(동일)'!G:G,U28)),"") -> 145741318 | H28: =IFERROR(IF(U28="","",INDEX('피벗값_매장명(동일)'!H:H,U28)),"") -> 157931602 | I28: =IFERROR(IF(U28="","",INDEX('피벗값_매장명(동일)'!I:I,U28)),"") -> 0.77000033 | J28: =IFERROR(IF(U28="","",INDEX('피벗값_매장명(동일)'!J:J,U28)),"") -> 61666774 | K28: =IFERROR(IF(U28="","",INDEX('피벗값_매장명(동일)'!K:K,U28)),"") -> 63886803 | L28: =IFERROR(IF(U28="","",INDEX('피벗값_매장명(동일)'!L:L,U28)),"") -> 2.9185981 | M28: =IFERROR(IF(U28="","",INDEX('피벗값_매장명(동일)'!M:M,U28)),"") -> 32217700 | N28: =IFERROR(IF(U28="","",INDEX('피벗값_매장명(동일)'!N:N,U28)),"") -> 36011160 | O28: =IFERROR(IF(U28="","",INDEX('피벗값_매장명(동일)'!O:O,U28)),"") -> 0.1755735 | P28: =IFERROR(IF(U28="","",INDEX('피벗값_매장명(동일)'!P:P,U28)),"") -> 70825334 | Q28: =IFERROR(IF(U28="","",INDEX('피벗값_매장명(동일)'!Q:Q,U28)),"") -> 79687380 | R28: =IFERROR(IF(U28="","",INDEX('피벗값_매장명(동일)'!R:R,U28)),"") -> 0.42737007 | S28: =IFERROR(IF(U28="","",INDEX('피벗값_매장명(동일)'!S:S,U28)),"") -> 0.016450011 | T28: =IFERROR(IF(U28="","",INDEX('피벗값_매장명(동일)'!T:T,U28)),"") -> 8862046 | U28: =IFERROR(MATCH(LARGE('피벗값_매장명(동일)'!$Q$6:$Q$70,24),'피벗값_매장명(동일)'!$Q$6:$Q$70,0)+6-1,"") -> 63
B29: =IFERROR(IF(U29="","",INDEX('피벗값_매장명(동일)'!B:B,U29)),"") -> 00308 | C29: =IFERROR(IF(U29="","",INDEX('피벗값_매장명(동일)'!C:C,U29)),"") -> 신세계타임스퀘어점 | D29: =IFERROR(IF(U29="","",INDEX('피벗값_매장명(동일)'!D:D,U29)),"") -> 214400900 | E29: =IFERROR(IF(U29="","",INDEX('피벗값_매장명(동일)'!E:E,U29)),"") -> 261120780 | F29: =IFERROR(IF(U29="","",INDEX('피벗값_매장명(동일)'!F:F,U29)),"") -> 0.21790897 | G29: =IFERROR(IF(U29="","",INDEX('피벗값_매장명(동일)'!G:G,U29)),"") -> 135397941 | H29: =IFERROR(IF(U29="","",INDEX('피벗값_매장명(동일)'!H:H,U29)),"") -> 165278400 | I29: =IFERROR(IF(U29="","",INDEX('피벗값_매장명(동일)'!I:I,U29)),"") -> 0.63295767 | J29: =IFERROR(IF(U29="","",INDEX('피벗값_매장명(동일)'!J:J,U29)),"") -> 62453454 | K29: =IFERROR(IF(U29="","",INDEX('피벗값_매장명(동일)'!K:K,U29)),"") -> 71405778 | L29: =IFERROR(IF(U29="","",INDEX('피벗값_매장명(동일)'!L:L,U29)),"") -> 3.3244162 | M29: =IFERROR(IF(U29="","",INDEX('피벗값_매장명(동일)'!M:M,U29)),"") -> 27571920 | N29: =IFERROR(IF(U29="","",INDEX('피벗값_매장명(동일)'!N:N,U29)),"") -> 33396490 | O29: =IFERROR(IF(U29="","",INDEX('피벗값_매장명(동일)'!O:O,U29)),"") -> 0.12789672 | P29: =IFERROR(IF(U29="","",INDEX('피벗값_매장명(동일)'!P:P,U29)),"") -> 60635583 | Q29: =IFERROR(IF(U29="","",INDEX('피벗값_매장명(동일)'!Q:Q,U29)),"") -> 78847313 | R29: =IFERROR(IF(U29="","",INDEX('피벗값_매장명(동일)'!R:R,U29)),"") -> 0.33215298 | S29: =IFERROR(IF(U29="","",INDEX('피벗값_매장명(동일)'!S:S,U29)),"") -> 0.016276595 | T29: =IFERROR(IF(U29="","",INDEX('피벗값_매장명(동일)'!T:T,U29)),"") -> 18211730 | U29: =IFERROR(MATCH(LARGE('피벗값_매장명(동일)'!$Q$6:$Q$70,25),'피벗값_매장명(동일)'!$Q$6:$Q$70,0)+6-1,"") -> 43
B30: =IFERROR(IF(U30="","",INDEX('피벗값_매장명(동일)'!B:B,U30)),"") -> 00315 | C30: =IFERROR(IF(U30="","",INDEX('피벗값_매장명(동일)'!C:C,U30)),"") -> 신세계대전점 | D30: =IFERROR(IF(U30="","",INDEX('피벗값_매장명(동일)'!D:D,U30)),"") -> 221730450 | E30: =IFERROR(IF(U30="","",INDEX('피벗값_매장명(동일)'!E:E,U30)),"") -> 246018830 | F30: =IFERROR(IF(U30="","",INDEX('피벗값_매장명(동일)'!F:F,U30)),"") -> 0.10954012 | G30: =IFERROR(IF(U30="","",INDEX('피벗값_매장명(동일)'!G:G,U30)),"") -> 142349044 | H30: =IFERROR(IF(U30="","",INDEX('피벗값_매장명(동일)'!H:H,U30)),"") -> 157477955 | I30: =IFERROR(IF(U30="","",INDEX('피벗값_매장명(동일)'!I:I,U30)),"") -> 0.64010529 | J30: =IFERROR(IF(U30="","",INDEX('피벗값_매장명(동일)'!J:J,U30)),"") -> 66200730 | K30: =IFERROR(IF(U30="","",INDEX('피벗값_매장명(동일)'!K:K,U30)),"") -> 65652934 | L30: =IFERROR(IF(U30="","",INDEX('피벗값_매장명(동일)'!L:L,U30)),"") -> 3.406603 | M30: =IFERROR(IF(U30="","",INDEX('피벗값_매장명(동일)'!M:M,U30)),"") -> 31290080 | N30: =IFERROR(IF(U30="","",INDEX('피벗값_매장명(동일)'!N:N,U30)),"") -> 29178010 | O30: =IFERROR(IF(U30="","",INDEX('피벗값_매장명(동일)'!O:O,U30)),"") -> 0.11860072 | P30: =IFERROR(IF(U30="","",INDEX('피벗값_매장명(동일)'!P:P,U30)),"") -> 63207492 | Q30: =IFERROR(IF(U30="","",INDEX('피벗값_매장명(동일)'!Q:Q,U30)),"") -> 77508844 | R30: =IFERROR(IF(U30="","",INDEX('피벗값_매장명(동일)'!R:R,U30)),"") -> 0.34655773 | S30: =IFERROR(IF(U30="","",INDEX('피벗값_매장명(동일)'!S:S,U30)),"") -> 0.016000292 | T30: =IFERROR(IF(U30="","",INDEX('피벗값_매장명(동일)'!T:T,U30)),"") -> 14301352 | U30: =IFERROR(MATCH(LARGE('피벗값_매장명(동일)'!$Q$6:$Q$70,26),'피벗값_매장명(동일)'!$Q$6:$Q$70,0)+6-1,"") -> 49
B31: =IFERROR(IF(U31="","",INDEX('피벗값_매장명(동일)'!B:B,U31)),"") -> 00303 | C31: =IFERROR(IF(U31="","",INDEX('피벗값_매장명(동일)'!C:C,U31)),"") -> 신세계마산점 | D31: =IFERROR(IF(U31="","",INDEX('피벗값_매장명(동일)'!D:D,U31)),"") -> 273929580 | E31: =IFERROR(IF(U31="","",INDEX('피벗값_매장명(동일)'!E:E,U31)),"") -> 257834120 | F31: =IFERROR(IF(U31="","",INDEX('피벗값_매장명(동일)'!F:F,U31)),"") -> -0.058757656 | G31: =IFERROR(IF(U31="","",INDEX('피벗값_매장명(동일)'!G:G,U31)),"") -> 173658447 | H31: =IFERROR(IF(U31="","",INDEX('피벗값_매장명(동일)'!H:H,U31)),"") -> 164185797 | I31: =IFERROR(IF(U31="","",INDEX('피벗값_매장명(동일)'!I:I,U31)),"") -> 0.63678848 | J31: =IFERROR(IF(U31="","",INDEX('피벗값_매장명(동일)'!J:J,U31)),"") -> 82025893 | K31: =IFERROR(IF(U31="","",INDEX('피벗값_매장명(동일)'!K:K,U31)),"") -> 72428323 | L31: =IFERROR(IF(U31="","",INDEX('피벗값_매장명(동일)'!L:L,U31)),"") -> 3.2362292 | M31: =IFERROR(IF(U31="","",INDEX('피벗값_매장명(동일)'!M:M,U31)),"") -> 46143260 | N31: =IFERROR(IF(U31="","",INDEX('피벗값_매장명(동일)'!N:N,U31)),"") -> 45176670 | O31: =IFERROR(IF(U31="","",INDEX('피벗값_매장명(동일)'!O:O,U31)),"") -> 0.17521603 | P31: =IFERROR(IF(U31="","",INDEX('피벗값_매장명(동일)'!P:P,U31)),"") -> 75845423 | Q31: =IFERROR(IF(U31="","",INDEX('피벗값_매장명(동일)'!Q:Q,U31)),"") -> 76831492 | R31: =IFERROR(IF(U31="","",INDEX('피벗값_매장명(동일)'!R:R,U31)),"") -> 0.32778688 | S31: =IFERROR(IF(U31="","",INDEX('피벗값_매장명(동일)'!S:S,U31)),"") -> 0.015860465 | T31: =IFERROR(IF(U31="","",INDEX('피벗값_매장명(동일)'!T:T,U31)),"") -> 986069 | U31: =IFERROR(MATCH(LARGE('피벗값_매장명(동일)'!$Q$6:$Q$70,27),'피벗값_매장명(동일)'!$Q$6:$Q$70,0)+6-1,"") -> 39
B32: =IFERROR(IF(U32="","",INDEX('피벗값_매장명(동일)'!B:B,U32)),"") -> 05006 | C32: =IFERROR(IF(U32="","",INDEX('피벗값_매장명(동일)'!C:C,U32)),"") -> 롯데아울렛광교점 | D32: =IFERROR(IF(U32="","",INDEX('피벗값_매장명(동일)'!D:D,U32)),"") -> 210834740 | E32: =IFERROR(IF(U32="","",INDEX('피벗값_매장명(동일)'!E:E,U32)),"") -> 201610880 | F32: =IFERROR(IF(U32="","",INDEX('피벗값_매장명(동일)'!F:F,U32)),"") -> -0.043749242 | G32: =IFERROR(IF(U32="","",INDEX('피벗값_매장명(동일)'!G:G,U32)),"") -> 162342914 | H32: =IFERROR(IF(U32="","",INDEX('피벗값_매장명(동일)'!H:H,U32)),"") -> 155240520 | I32: =IFERROR(IF(U32="","",INDEX('피벗값_매장명(동일)'!I:I,U32)),"") -> 0.77000071 | J32: =IFERROR(IF(U32="","",INDEX('피벗값_매장명(동일)'!J:J,U32)),"") -> 70283269 | K32: =IFERROR(IF(U32="","",INDEX('피벗값_매장명(동일)'!K:K,U32)),"") -> 64334498 | L32: =IFERROR(IF(U32="","",INDEX('피벗값_매장명(동일)'!L:L,U32)),"") -> 2.848901 | M32: =IFERROR(IF(U32="","",INDEX('피벗값_매장명(동일)'!M:M,U32)),"") -> 39302810 | N32: =IFERROR(IF(U32="","",INDEX('피벗값_매장명(동일)'!N:N,U32)),"") -> 39231610 | O32: =IFERROR(IF(U32="","",INDEX('피벗값_매장명(동일)'!O:O,U32)),"") -> 0.19459074 | P32: =IFERROR(IF(U32="","",INDEX('피벗값_매장명(동일)'!P:P,U32)),"") -> 77301199 | Q32: =IFERROR(IF(U32="","",INDEX('피벗값_매장명(동일)'!Q:Q,U32)),"") -> 76793248 | R32: =IFERROR(IF(U32="","",INDEX('피벗값_매장명(동일)'!R:R,U32)),"") -> 0.41898817 | S32: =IFERROR(IF(U32="","",INDEX('피벗값_매장명(동일)'!S:S,U32)),"") -> 0.01585257 | T32: =IFERROR(IF(U32="","",INDEX('피벗값_매장명(동일)'!T:T,U32)),"") -> -507951 | U32: =IFERROR(MATCH(LARGE('피벗값_매장명(동일)'!$Q$6:$Q$70,28),'피벗값_매장명(동일)'!$Q$6:$Q$70,0)+6-1,"") -> 61
B33: =IFERROR(IF(U33="","",INDEX('피벗값_매장명(동일)'!B:B,U33)),"") -> 05004 | C33: =IFERROR(IF(U33="","",INDEX('피벗값_매장명(동일)'!C:C,U33)),"") -> 롯데아울렛광명점 | D33: =IFERROR(IF(U33="","",INDEX('피벗값_매장명(동일)'!D:D,U33)),"") -> 193276390 | E33: =IFERROR(IF(U33="","",INDEX('피벗값_매장명(동일)'!E:E,U33)),"") -> 190993090 | F33: =IFERROR(IF(U33="","",INDEX('피벗값_매장명(동일)'!F:F,U33)),"") -> -0.011813652 | G33: =IFERROR(IF(U33="","",INDEX('피벗값_매장명(동일)'!G:G,U33)),"") -> 147856610 | H33: =IFERROR(IF(U33="","",INDEX('피벗값_매장명(동일)'!H:H,U33)),"") -> 146109877 | I33: =IFERROR(IF(U33="","",INDEX('피벗값_매장명(동일)'!I:I,U33)),"") -> 0.76500085 | J33: =IFERROR(IF(U33="","",INDEX('피벗값_매장명(동일)'!J:J,U33)),"") -> 62522792 | K33: =IFERROR(IF(U33="","",INDEX('피벗값_매장명(동일)'!K:K,U33)),"") -> 57173623 | L33: =IFERROR(IF(U33="","",INDEX('피벗값_매장명(동일)'!L:L,U33)),"") -> 3.0368914 | M33: =IFERROR(IF(U33="","",INDEX('피벗값_매장명(동일)'!M:M,U33)),"") -> 35456510 | N33: =IFERROR(IF(U33="","",INDEX('피벗값_매장명(동일)'!N:N,U33)),"") -> 35068940 | O33: =IFERROR(IF(U33="","",INDEX('피벗값_매장명(동일)'!O:O,U33)),"") -> 0.18361366 | P33: =IFERROR(IF(U33="","",INDEX('피벗값_매장명(동일)'!P:P,U33)),"") -> 71892309 | Q33: =IFERROR(IF(U33="","",INDEX('피벗값_매장명(동일)'!Q:Q,U33)),"") -> 75653539 | R33: =IFERROR(IF(U33="","",INDEX('피벗값_매장명(동일)'!R:R,U33)),"") -> 0.43571677 | S33: =IFERROR(IF(U33="","",INDEX('피벗값_매장명(동일)'!S:S,U33)),"") -> 0.015617298 | T33: =IFERROR(IF(U33="","",INDEX('피벗값_매장명(동일)'!T:T,U33)),"") -> 3761230 | U33: =IFERROR(MATCH(LARGE('피벗값_매장명(동일)'!$Q$6:$Q$70,29),'피벗값_매장명(동일)'!$Q$6:$Q$70,0)+6-1,"") -> 59
B34: =IFERROR(IF(U34="","",INDEX('피벗값_매장명(동일)'!B:B,U34)),"") -> 00214 | C34: =IFERROR(IF(U34="","",INDEX('피벗값_매장명(동일)'!C:C,U34)),"") -> 현대충청점 | D34: =IFERROR(IF(U34="","",INDEX('피벗값_매장명(동일)'!D:D,U34)),"") -> 270587890 | E34: =IFERROR(IF(U34="","",INDEX('피벗값_매장명(동일)'!E:E,U34)),"") -> 260099570 | F34: =IFERROR(IF(U34="","",INDEX('피벗값_매장명(동일)'!F:F,U34)),"") -> -0.038761232 | G34: =IFERROR(IF(U34="","",INDEX('피벗값_매장명(동일)'!G:G,U34)),"") -> 184866193 | H34: =IFERROR(IF(U34="","",INDEX('피벗값_매장명(동일)'!H:H,U34)),"") -> 163185660 | I34: =IFERROR(IF(U34="","",INDEX('피벗값_매장명(동일)'!I:I,U34)),"") -> 0.62739688 | J34: =IFERROR(IF(U34="","",INDEX('피벗값_매장명(동일)'!J:J,U34)),"") -> 79863305 | K34: =IFERROR(IF(U34="","",INDEX('피벗값_매장명(동일)'!K:K,U34)),"") -> 73357723 | L34: =IFERROR(IF(U34="","",INDEX('피벗값_매장명(동일)'!L:L,U34)),"") -> 3.2233028 | M34: =IFERROR(IF(U34="","",INDEX('피벗값_매장명(동일)'!M:M,U34)),"") -> 39536960 | N34: =IFERROR(IF(U34="","",INDEX('피벗값_매장명(동일)'!N:N,U34)),"") -> 35582310 | O34: =IFERROR(IF(U34="","",INDEX('피벗값_매장명(동일)'!O:O,U34)),"") -> 0.13680265 | P34: =IFERROR(IF(U34="","",INDEX('피벗값_매장명(동일)'!P:P,U34)),"") -> 88196871 | Q34: =IFERROR(IF(U34="","",INDEX('피벗값_매장명(동일)'!Q:Q,U34)),"") -> 74992878 | R34: =IFERROR(IF(U34="","",INDEX('피벗값_매장명(동일)'!R:R,U34)),"") -> 0.3171561 | S34: =IFERROR(IF(U34="","",INDEX('피벗값_매장명(동일)'!S:S,U34)),"") -> 0.015480917 | T34: =IFERROR(IF(U34="","",INDEX('피벗값_매장명(동일)'!T:T,U34)),"") -> -13203993 | U34: =IFERROR(MATCH(LARGE('피벗값_매장명(동일)'!$Q$6:$Q$70,30),'피벗값_매장명(동일)'!$Q$6:$Q$70,0)+6-1,"") -> 34
B35: =IFERROR(IF(U35="","",INDEX('피벗값_매장명(동일)'!B:B,U35)),"") -> 00311 | C35: =IFERROR(IF(U35="","",INDEX('피벗값_매장명(동일)'!C:C,U35)),"") -> 신세계김해점 | D35: =IFERROR(IF(U35="","",INDEX('피벗값_매장명(동일)'!D:D,U35)),"") -> 236465790 | E35: =IFERROR(IF(U35="","",INDEX('피벗값_매장명(동일)'!E:E,U35)),"") -> 257196200 | F35: =IFERROR(IF(U35="","",INDEX('피벗값_매장명(동일)'!F:F,U35)),"") -> 0.087667692 | G35: =IFERROR(IF(U35="","",INDEX('피벗값_매장명(동일)'!G:G,U35)),"") -> 151041152 | H35: =IFERROR(IF(U35="","",INDEX('피벗값_매장명(동일)'!H:H,U35)),"") -> 163842142 | I35: =IFERROR(IF(U35="","",INDEX('피벗값_매장명(동일)'!I:I,U35)),"") -> 0.63703174 | J35: =IFERROR(IF(U35="","",INDEX('피벗값_매장명(동일)'!J:J,U35)),"") -> 75387768 | K35: =IFERROR(IF(U35="","",INDEX('피벗값_매장명(동일)'!K:K,U35)),"") -> 76083845 | L35: =IFERROR(IF(U35="","",INDEX('피벗값_매장명(동일)'!L:L,U35)),"") -> 3.0731192 | M35: =IFERROR(IF(U35="","",INDEX('피벗값_매장명(동일)'!M:M,U35)),"") -> 33048610 | N35: =IFERROR(IF(U35="","",INDEX('피벗값_매장명(동일)'!N:N,U35)),"") -> 34935340 | O35: =IFERROR(IF(U35="","",INDEX('피벗값_매장명(동일)'!O:O,U35)),"") -> 0.13583148 | P35: =IFERROR(IF(U35="","",INDEX('피벗값_매장명(동일)'!P:P,U35)),"") -> 61922370 | Q35: =IFERROR(IF(U35="","",INDEX('피벗값_매장명(동일)'!Q:Q,U35)),"") -> 72863557 | R35: =IFERROR(IF(U35="","",INDEX('피벗값_매장명(동일)'!R:R,U35)),"") -> 0.31162946 | S35: =IFERROR(IF(U35="","",INDEX('피벗값_매장명(동일)'!S:S,U35)),"") -> 0.015041357 | T35: =IFERROR(IF(U35="","",INDEX('피벗값_매장명(동일)'!T:T,U35)),"") -> 10941187 | U35: =IFERROR(MATCH(LARGE('피벗값_매장명(동일)'!$Q$6:$Q$70,31),'피벗값_매장명(동일)'!$Q$6:$Q$70,0)+6-1,"") -> 46
B36: =IFERROR(IF(U36="","",INDEX('피벗값_매장명(동일)'!B:B,U36)),"") -> 00106 | C36: =IFERROR(IF(U36="","",INDEX('피벗값_매장명(동일)'!C:C,U36)),"") -> 롯데광주점 | D36: =IFERROR(IF(U36="","",INDEX('피벗값_매장명(동일)'!D:D,U36)),"") -> 260717950 | E36: =IFERROR(IF(U36="","",INDEX('피벗값_매장명(동일)'!E:E,U36)),"") -> 256148830 | F36: =IFERROR(IF(U36="","",INDEX('피벗값_매장명(동일)'!F:F,U36)),"") -> -0.017525145 | G36: =IFERROR(IF(U36="","",INDEX('피벗값_매장명(동일)'!G:G,U36)),"") -> 167079816 | H36: =IFERROR(IF(U36="","",INDEX('피벗값_매장명(동일)'!H:H,U36)),"") -> 163826099 | I36: =IFERROR(IF(U36="","",INDEX('피벗값_매장명(동일)'!I:I,U36)),"") -> 0.63957387 | J36: =IFERROR(IF(U36="","",INDEX('피벗값_매장명(동일)'!J:J,U36)),"") -> 82989002 | K36: =IFERROR(IF(U36="","",INDEX('피벗값_매장명(동일)'!K:K,U36)),"") -> 77026418 | L36: =IFERROR(IF(U36="","",INDEX('피벗값_매장명(동일)'!L:L,U36)),"") -> 3.023152 | M36: =IFERROR(IF(U36="","",INDEX('피벗값_매장명(동일)'!M:M,U36)),"") -> 33584010 | N36: =IFERROR(IF(U36="","",INDEX('피벗값_매장명(동일)'!N:N,U36)),"") -> 34545970 | O36: =IFERROR(IF(U36="","",INDEX('피벗값_매장명(동일)'!O:O,U36)),"") -> 0.13486679 | P36: =IFERROR(IF(U36="","",INDEX('피벗값_매장명(동일)'!P:P,U36)),"") -> 68901739 | Q36: =IFERROR(IF(U36="","",INDEX('피벗값_매장명(동일)'!Q:Q,U36)),"") -> 71906400 | R36: =IFERROR(IF(U36="","",INDEX('피벗값_매장명(동일)'!R:R,U36)),"") -> 0.30879329 | S36: =IFERROR(IF(U36="","",INDEX('피벗값_매장명(동일)'!S:S,U36)),"") -> 0.014843769 | T36: =IFERROR(IF(U36="","",INDEX('피벗값_매장명(동일)'!T:T,U36)),"") -> 3004661 | U36: =IFERROR(MATCH(LARGE('피벗값_매장명(동일)'!$Q$6:$Q$70,32),'피벗값_매장명(동일)'!$Q$6:$Q$70,0)+6-1,"") -> 8
B37: =IFERROR(IF(U37="","",INDEX('피벗값_매장명(동일)'!B:B,U37)),"") -> 05201 | C37: =IFERROR(IF(U37="","",INDEX('피벗값_매장명(동일)'!C:C,U37)),"") -> LF스퀘어양주점 | D37: =IFERROR(IF(U37="","",INDEX('피벗값_매장명(동일)'!D:D,U37)),"") -> 221088200 | E37: =IFERROR(IF(U37="","",INDEX('피벗값_매장명(동일)'!E:E,U37)),"") -> 178645840 | F37: =IFERROR(IF(U37="","",INDEX('피벗값_매장명(동일)'!F:F,U37)),"") -> -0.19197026 | G37: =IFERROR(IF(U37="","",INDEX('피벗값_매장명(동일)'!G:G,U37)),"") -> 174659816 | H37: =IFERROR(IF(U37="","",INDEX('피벗값_매장명(동일)'!H:H,U37)),"") -> 139343758 | I37: =IFERROR(IF(U37="","",INDEX('피벗값_매장명(동일)'!I:I,U37)),"") -> 0.78000002 | J37: =IFERROR(IF(U37="","",INDEX('피벗값_매장명(동일)'!J:J,U37)),"") -> 81376621 | K37: =IFERROR(IF(U37="","",INDEX('피벗값_매장명(동일)'!K:K,U37)),"") -> 57201052 | L37: =IFERROR(IF(U37="","",INDEX('피벗값_매장명(동일)'!L:L,U37)),"") -> 2.8392014 | M37: =IFERROR(IF(U37="","",INDEX('피벗값_매장명(동일)'!M:M,U37)),"") -> 45178060 | N37: =IFERROR(IF(U37="","",INDEX('피벗값_매장명(동일)'!N:N,U37)),"") -> 40397960 | O37: =IFERROR(IF(U37="","",INDEX('피벗값_매장명(동일)'!O:O,U37)),"") -> 0.22613434 | P37: =IFERROR(IF(U37="","",INDEX('피벗값_매장명(동일)'!P:P,U37)),"") -> 77405030 | Q37: =IFERROR(IF(U37="","",INDEX('피벗값_매장명(동일)'!Q:Q,U37)),"") -> 69475091 | R37: =IFERROR(IF(U37="","",INDEX('피벗값_매장명(동일)'!R:R,U37)),"") -> 0.4277883 | S37: =IFERROR(IF(U37="","",INDEX('피벗값_매장명(동일)'!S:S,U37)),"") -> 0.01434187 | T37: =IFERROR(IF(U37="","",INDEX('피벗값_매장명(동일)'!T:T,U37)),"") -> -7929939 | U37: =IFERROR(MATCH(LARGE('피벗값_매장명(동일)'!$Q$6:$Q$70,33),'피벗값_매장명(동일)'!$Q$6:$Q$70,0)+6-1,"") -> 64
B38: =IFERROR(IF(U38="","",INDEX('피벗값_매장명(동일)'!B:B,U38)),"") -> 00222 | C38: =IFERROR(IF(U38="","",INDEX('피벗값_매장명(동일)'!C:C,U38)),"") -> 현대신촌점 | D38: =IFERROR(IF(U38="","",INDEX('피벗값_매장명(동일)'!D:D,U38)),"") -> 71884410 | E38: =IFERROR(IF(U38="","",INDEX('피벗값_매장명(동일)'!E:E,U38)),"") -> 238182780 | F38: =IFERROR(IF(U38="","",INDEX('피벗값_매장명(동일)'!F:F,U38)),"") -> 2.3134136 | G38: =IFERROR(IF(U38="","",INDEX('피벗값_매장명(동일)'!G:G,U38)),"") -> 45178811 | H38: =IFERROR(IF(U38="","",INDEX('피벗값_매장명(동일)'!H:H,U38)),"") -> 152377538 | I38: =IFERROR(IF(U38="","",INDEX('피벗값_매장명(동일)'!I:I,U38)),"") -> 0.63975044 | J38: =IFERROR(IF(U38="","",INDEX('피벗값_매장명(동일)'!J:J,U38)),"") -> 23375728 | K38: =IFERROR(IF(U38="","",INDEX('피벗값_매장명(동일)'!K:K,U38)),"") -> 69284144 | L38: =IFERROR(IF(U38="","",INDEX('피벗값_매장명(동일)'!L:L,U38)),"") -> 3.1252432 | M38: =IFERROR(IF(U38="","",INDEX('피벗값_매장명(동일)'!M:M,U38)),"") -> 20197840 | N38: =IFERROR(IF(U38="","",INDEX('피벗값_매장명(동일)'!N:N,U38)),"") -> 39811850 | O38: =IFERROR(IF(U38="","",INDEX('피벗값_매장명(동일)'!O:O,U38)),"") -> 0.16714831 | P38: =IFERROR(IF(U38="","",INDEX('피벗값_매장명(동일)'!P:P,U38)),"") -> 17695918 | Q38: =IFERROR(IF(U38="","",INDEX('피벗값_매장명(동일)'!Q:Q,U38)),"") -> 69240891 | R38: =IFERROR(IF(U38="","",INDEX('피벗값_매장명(동일)'!R:R,U38)),"") -> 0.31977534 | S38: =IFERROR(IF(U38="","",INDEX('피벗값_매장명(동일)'!S:S,U38)),"") -> 0.014293524 | T38: =IFERROR(IF(U38="","",INDEX('피벗값_매장명(동일)'!T:T,U38)),"") -> 51544973 | U38: =IFERROR(MATCH(LARGE('피벗값_매장명(동일)'!$Q$6:$Q$70,34),'피벗값_매장명(동일)'!$Q$6:$Q$70,0)+6-1,"") -> 37
B39: =IFERROR(IF(U39="","",INDEX('피벗값_매장명(동일)'!B:B,U39)),"") -> 00310 | C39: =IFERROR(IF(U39="","",INDEX('피벗값_매장명(동일)'!C:C,U39)),"") -> 신세계의정부점 | D39: =IFERROR(IF(U39="","",INDEX('피벗값_매장명(동일)'!D:D,U39)),"") -> 209523820 | E39: =IFERROR(IF(U39="","",INDEX('피벗값_매장명(동일)'!E:E,U39)),"") -> 235338440 | F39: =IFERROR(IF(U39="","",INDEX('피벗값_매장명(동일)'!F:F,U39)),"") -> 0.12320613 | G39: =IFERROR(IF(U39="","",INDEX('피벗값_매장명(동일)'!G:G,U39)),"") -> 132196534 | H39: =IFERROR(IF(U39="","",INDEX('피벗값_매장명(동일)'!H:H,U39)),"") -> 149004927 | I39: =IFERROR(IF(U39="","",INDEX('피벗값_매장명(동일)'!I:I,U39)),"") -> 0.63315167 | J39: =IFERROR(IF(U39="","",INDEX('피벗값_매장명(동일)'!J:J,U39)),"") -> 65102577 | K39: =IFERROR(IF(U39="","",INDEX('피벗값_매장명(동일)'!K:K,U39)),"") -> 71325581 | L39: =IFERROR(IF(U39="","",INDEX('피벗값_매장명(동일)'!L:L,U39)),"") -> 2.9995414 | M39: =IFERROR(IF(U39="","",INDEX('피벗값_매장명(동일)'!M:M,U39)),"") -> 34458960 | N39: =IFERROR(IF(U39="","",INDEX('피벗값_매장명(동일)'!N:N,U39)),"") -> 38810660 | O39: =IFERROR(IF(U39="","",INDEX('피벗값_매장명(동일)'!O:O,U39)),"") -> 0.16491424 | P39: =IFERROR(IF(U39="","",INDEX('피벗값_매장명(동일)'!P:P,U39)),"") -> 55076091 | Q39: =IFERROR(IF(U39="","",INDEX('피벗값_매장명(동일)'!Q:Q,U39)),"") -> 64133443 | R39: =IFERROR(IF(U39="","",INDEX('피벗값_매장명(동일)'!R:R,U39)),"") -> 0.29976738 | S39: =IFERROR(IF(U39="","",INDEX('피벗값_매장명(동일)'!S:S,U39)),"") -> 0.013239184 | T39: =IFERROR(IF(U39="","",INDEX('피벗값_매장명(동일)'!T:T,U39)),"") -> 9057352 | U39: =IFERROR(MATCH(LARGE('피벗값_매장명(동일)'!$Q$6:$Q$70,35),'피벗값_매장명(동일)'!$Q$6:$Q$70,0)+6-1,"") -> 45
B40: =IFERROR(IF(U40="","",INDEX('피벗값_매장명(동일)'!B:B,U40)),"") -> 00503 | C40: =IFERROR(IF(U40="","",INDEX('피벗값_매장명(동일)'!C:C,U40)),"") -> 갤러리아천안점 | D40: =IFERROR(IF(U40="","",INDEX('피벗값_매장명(동일)'!D:D,U40)),"") -> 210242580 | E40: =IFERROR(IF(U40="","",INDEX('피벗값_매장명(동일)'!E:E,U40)),"") -> 211806640 | F40: =IFERROR(IF(U40="","",INDEX('피벗값_매장명(동일)'!F:F,U40)),"") -> 0.0074393113 | G40: =IFERROR(IF(U40="","",INDEX('피벗값_매장명(동일)'!G:G,U40)),"") -> 135027238 | H40: =IFERROR(IF(U40="","",INDEX('피벗값_매장명(동일)'!H:H,U40)),"") -> 134447591 | I40: =IFERROR(IF(U40="","",INDEX('피벗값_매장명(동일)'!I:I,U40)),"") -> 0.6347657 | J40: =IFERROR(IF(U40="","",INDEX('피벗값_매장명(동일)'!J:J,U40)),"") -> 65887080 | K40: =IFERROR(IF(U40="","",INDEX('피벗값_매장명(동일)'!K:K,U40)),"") -> 62364408 | L40: =IFERROR(IF(U40="","",INDEX('피벗값_매장명(동일)'!L:L,U40)),"") -> 3.0875221 | M40: =IFERROR(IF(U40="","",INDEX('피벗값_매장명(동일)'!M:M,U40)),"") -> 31885310 | N40: =IFERROR(IF(U40="","",INDEX('피벗값_매장명(동일)'!N:N,U40)),"") -> 35010190 | O40: =IFERROR(IF(U40="","",INDEX('피벗값_매장명(동일)'!O:O,U40)),"") -> 0.16529317 | P40: =IFERROR(IF(U40="","",INDEX('피벗값_매장명(동일)'!P:P,U40)),"") -> 56864954 | Q40: =IFERROR(IF(U40="","",INDEX('피벗값_매장명(동일)'!Q:Q,U40)),"") -> 59860675 | R40: =IFERROR(IF(U40="","",INDEX('피벗값_매장명(동일)'!R:R,U40)),"") -> 0.31088139 | S40: =IFERROR(IF(U40="","",INDEX('피벗값_매장명(동일)'!S:S,U40)),"") -> 0.012357148 | T40: =IFERROR(IF(U40="","",INDEX('피벗값_매장명(동일)'!T:T,U40)),"") -> 2995721 | U40: =IFERROR(MATCH(LARGE('피벗값_매장명(동일)'!$Q$6:$Q$70,36),'피벗값_매장명(동일)'!$Q$6:$Q$70,0)+6-1,"") -> 50
B41: =IFERROR(IF(U41="","",INDEX('피벗값_매장명(동일)'!B:B,U41)),"") -> 00210 | C41: =IFERROR(IF(U41="","",INDEX('피벗값_매장명(동일)'!C:C,U41)),"") -> 현대중동점 | D41: =IFERROR(IF(U41="","",INDEX('피벗값_매장명(동일)'!D:D,U41)),"") -> 165363670 | E41: =IFERROR(IF(U41="","",INDEX('피벗값_매장명(동일)'!E:E,U41)),"") -> 206604710 | F41: =IFERROR(IF(U41="","",INDEX('피벗값_매장명(동일)'!F:F,U41)),"") -> 0.24939601 | G41: =IFERROR(IF(U41="","",INDEX('피벗값_매장명(동일)'!G:G,U41)),"") -> 102530085 | H41: =IFERROR(IF(U41="","",INDEX('피벗값_매장명(동일)'!H:H,U41)),"") -> 128520946 | I41: =IFERROR(IF(U41="","",INDEX('피벗값_매장명(동일)'!I:I,U41)),"") -> 0.62206203 | J41: =IFERROR(IF(U41="","",INDEX('피벗값_매장명(동일)'!J:J,U41)),"") -> 45751173 | K41: =IFERROR(IF(U41="","",INDEX('피벗값_매장명(동일)'!K:K,U41)),"") -> 57407639 | L41: =IFERROR(IF(U41="","",INDEX('피벗값_매장명(동일)'!L:L,U41)),"") -> 3.2717329 | M41: =IFERROR(IF(U41="","",INDEX('피벗값_매장명(동일)'!M:M,U41)),"") -> 30931630 | N41: =IFERROR(IF(U41="","",INDEX('피벗값_매장명(동일)'!N:N,U41)),"") -> 33938610 | O41: =IFERROR(IF(U41="","",INDEX('피벗값_매장명(동일)'!O:O,U41)),"") -> 0.16426833 | P41: =IFERROR(IF(U41="","",INDEX('피벗값_매장명(동일)'!P:P,U41)),"") -> 47457995 | Q41: =IFERROR(IF(U41="","",INDEX('피벗값_매장명(동일)'!Q:Q,U41)),"") -> 59429584 | R41: =IFERROR(IF(U41="","",INDEX('피벗값_매장명(동일)'!R:R,U41)),"") -> 0.31641361 | S41: =IFERROR(IF(U41="","",INDEX('피벗값_매장명(동일)'!S:S,U41)),"") -> 0.012268157 | T41: =IFERROR(IF(U41="","",INDEX('피벗값_매장명(동일)'!T:T,U41)),"") -> 11971589 | U41: =IFERROR(MATCH(LARGE('피벗값_매장명(동일)'!$Q$6:$Q$70,37),'피벗값_매장명(동일)'!$Q$6:$Q$70,0)+6-1,"") -> 31
B42: =IFERROR(IF(U42="","",INDEX('피벗값_매장명(동일)'!B:B,U42)),"") -> 00131 | C42: =IFERROR(IF(U42="","",INDEX('피벗값_매장명(동일)'!C:C,U42)),"") -> 롯데노원점 | D42: =IFERROR(IF(U42="","",INDEX('피벗값_매장명(동일)'!D:D,U42)),"") -> 197303730 | E42: =IFERROR(IF(U42="","",INDEX('피벗값_매장명(동일)'!E:E,U42)),"") -> 191897800 | F42: =IFERROR(IF(U42="","",INDEX('피벗값_매장명(동일)'!F:F,U42)),"") -> -0.027399026 | G42: =IFERROR(IF(U42="","",INDEX('피벗값_매장명(동일)'!G:G,U42)),"") -> 126353289 | H42: =IFERROR(IF(U42="","",INDEX('피벗값_매장명(동일)'!H:H,U42)),"") -> 122853458 | I42: =IFERROR(IF(U42="","",INDEX('피벗값_매장명(동일)'!I:I,U42)),"") -> 0.64020253 | J42: =IFERROR(IF(U42="","",INDEX('피벗값_매장명(동일)'!J:J,U42)),"") -> 60864187 | K42: =IFERROR(IF(U42="","",INDEX('피벗값_매장명(동일)'!K:K,U42)),"") -> 54260858 | L42: =IFERROR(IF(U42="","",INDEX('피벗값_매장명(동일)'!L:L,U42)),"") -> 3.2150716 | M42: =IFERROR(IF(U42="","",INDEX('피벗값_매장명(동일)'!M:M,U42)),"") -> 28694950 | N42: =IFERROR(IF(U42="","",INDEX('피벗값_매장명(동일)'!N:N,U42)),"") -> 28157190 | O42: =IFERROR(IF(U42="","",INDEX('피벗값_매장명(동일)'!O:O,U42)),"") -> 0.14673013 | P42: =IFERROR(IF(U42="","",INDEX('피벗값_매장명(동일)'!P:P,U42)),"") -> 54002440 | Q42: =IFERROR(IF(U42="","",INDEX('피벗값_매장명(동일)'!Q:Q,U42)),"") -> 57424103 | R42: =IFERROR(IF(U42="","",INDEX('피벗값_매장명(동일)'!R:R,U42)),"") -> 0.32916747 | S42: =IFERROR(IF(U42="","",INDEX('피벗값_매장명(동일)'!S:S,U42)),"") -> 0.011854162 | T42: =IFERROR(IF(U42="","",INDEX('피벗값_매장명(동일)'!T:T,U42)),"") -> 3421663 | U42: =IFERROR(MATCH(LARGE('피벗값_매장명(동일)'!$Q$6:$Q$70,38),'피벗값_매장명(동일)'!$Q$6:$Q$70,0)+6-1,"") -> 21
B43: =IFERROR(IF(U43="","",INDEX('피벗값_매장명(동일)'!B:B,U43)),"") -> 00603 | C43: =IFERROR(IF(U43="","",INDEX('피벗값_매장명(동일)'!C:C,U43)),"") -> AK프라자수원점 | D43: =IFERROR(IF(U43="","",INDEX('피벗값_매장명(동일)'!D:D,U43)),"") -> 0 | E43: =IFERROR(IF(U43="","",INDEX('피벗값_매장명(동일)'!E:E,U43)),"") -> 202205010 | F43: =IFERROR(IF(U43="","",INDEX('피벗값_매장명(동일)'!F:F,U43)),"") | G43: =IFERROR(IF(U43="","",INDEX('피벗값_매장명(동일)'!G:G,U43)),"") -> 0 | H43: =IFERROR(IF(U43="","",INDEX('피벗값_매장명(동일)'!H:H,U43)),"") -> 129314788 | I43: =IFERROR(IF(U43="","",INDEX('피벗값_매장명(동일)'!I:I,U43)),"") -> 0.63952317 | J43: =IFERROR(IF(U43="","",INDEX('피벗값_매장명(동일)'!J:J,U43)),"") -> 0 | K43: =IFERROR(IF(U43="","",INDEX('피벗값_매장명(동일)'!K:K,U43)),"") -> 60325682 | L43: =IFERROR(IF(U43="","",INDEX('피벗값_매장명(동일)'!L:L,U43)),"") -> 3.0471721 | M43: =IFERROR(IF(U43="","",INDEX('피벗값_매장명(동일)'!M:M,U43)),"") -> 0 | N43: =IFERROR(IF(U43="","",INDEX('피벗값_매장명(동일)'!N:N,U43)),"") -> 38406800 | O43: =IFERROR(IF(U43="","",INDEX('피벗값_매장명(동일)'!O:O,U43)),"") -> 0.1899399 | P43: =IFERROR(IF(U43="","",INDEX('피벗값_매장명(동일)'!P:P,U43)),"") -> 0 | Q43: =IFERROR(IF(U43="","",INDEX('피벗값_매장명(동일)'!Q:Q,U43)),"") -> 57233216 | R43: =IFERROR(IF(U43="","",INDEX('피벗값_매장명(동일)'!R:R,U43)),"") -> 0.31135004 | S43: =IFERROR(IF(U43="","",INDEX('피벗값_매장명(동일)'!S:S,U43)),"") -> 0.011814757 | T43: =IFERROR(IF(U43="","",INDEX('피벗값_매장명(동일)'!T:T,U43)),"") -> 57233216 | U43: =IFERROR(MATCH(LARGE('피벗값_매장명(동일)'!$Q$6:$Q$70,39),'피벗값_매장명(동일)'!$Q$6:$Q$70,0)+6-1,"") -> 55
B44: =IFERROR(IF(U44="","",INDEX('피벗값_매장명(동일)'!B:B,U44)),"") -> 00125 | C44: =IFERROR(IF(U44="","",INDEX('피벗값_매장명(동일)'!C:C,U44)),"") -> 롯데구리점 | D44: =IFERROR(IF(U44="","",INDEX('피벗값_매장명(동일)'!D:D,U44)),"") -> 143276750 | E44: =IFERROR(IF(U44="","",INDEX('피벗값_매장명(동일)'!E:E,U44)),"") -> 181778830 | F44: =IFERROR(IF(U44="","",INDEX('피벗값_매장명(동일)'!F:F,U44)),"") -> 0.26872525 | G44: =IFERROR(IF(U44="","",INDEX('피벗값_매장명(동일)'!G:G,U44)),"") -> 91821991 | H44: =IFERROR(IF(U44="","",INDEX('피벗값_매장명(동일)'!H:H,U44)),"") -> 116523928 | I44: =IFERROR(IF(U44="","",INDEX('피벗값_매장명(동일)'!I:I,U44)),"") -> 0.64102034 | J44: =IFERROR(IF(U44="","",INDEX('피벗값_매장명(동일)'!J:J,U44)),"") -> 44530712 | K44: =IFERROR(IF(U44="","",INDEX('피벗값_매장명(동일)'!K:K,U44)),"") -> 52199820 | L44: =IFERROR(IF(U44="","",INDEX('피벗값_매장명(동일)'!L:L,U44)),"") -> 3.1657864 | M44: =IFERROR(IF(U44="","",INDEX('피벗값_매장명(동일)'!M:M,U44)),"") -> 29016700 | N44: =IFERROR(IF(U44="","",INDEX('피벗값_매장명(동일)'!N:N,U44)),"") -> 29188010 | O44: =IFERROR(IF(U44="","",INDEX('피벗값_매장명(동일)'!O:O,U44)),"") -> 0.16056881 | P44: =IFERROR(IF(U44="","",INDEX('피벗값_매장명(동일)'!P:P,U44)),"") -> 38943825 | Q44: =IFERROR(IF(U44="","",INDEX('피벗값_매장명(동일)'!Q:Q,U44)),"") -> 53731024 | R44: =IFERROR(IF(U44="","",INDEX('피벗값_매장명(동일)'!R:R,U44)),"") -> 0.32514307 | S44: =IFERROR(IF(U44="","",INDEX('피벗값_매장명(동일)'!S:S,U44)),"") -> 0.011091793 | T44: =IFERROR(IF(U44="","",INDEX('피벗값_매장명(동일)'!T:T,U44)),"") -> 14787199 | U44: =IFERROR(MATCH(LARGE('피벗값_매장명(동일)'!$Q$6:$Q$70,40),'피벗값_매장명(동일)'!$Q$6:$Q$70,0)+6-1,"") -> 16
B45: =IFERROR(IF(U45="","",INDEX('피벗값_매장명(동일)'!B:B,U45)),"") -> 00126 | C45: =IFERROR(IF(U45="","",INDEX('피벗값_매장명(동일)'!C:C,U45)),"") -> 롯데영등포점 | D45: =IFERROR(IF(U45="","",INDEX('피벗값_매장명(동일)'!D:D,U45)),"") -> 177711470 | E45: =IFERROR(IF(U45="","",INDEX('피벗값_매장명(동일)'!E:E,U45)),"") -> 189650540 | F45: =IFERROR(IF(U45="","",INDEX('피벗값_매장명(동일)'!F:F,U45)),"") -> 0.067182326 | G45: =IFERROR(IF(U45="","",INDEX('피벗값_매장명(동일)'!G:G,U45)),"") -> 113866604 | H45: =IFERROR(IF(U45="","",INDEX('피벗값_매장명(동일)'!H:H,U45)),"") -> 121334561 | I45: =IFERROR(IF(U45="","",INDEX('피벗값_매장명(동일)'!I:I,U45)),"") -> 0.63977968 | J45: =IFERROR(IF(U45="","",INDEX('피벗값_매장명(동일)'!J:J,U45)),"") -> 56681074 | K45: =IFERROR(IF(U45="","",INDEX('피벗값_매장명(동일)'!K:K,U45)),"") -> 56747511 | L45: =IFERROR(IF(U45="","",INDEX('피벗값_매장명(동일)'!L:L,U45)),"") -> 3.0381876 | M45: =IFERROR(IF(U45="","",INDEX('피벗값_매장명(동일)'!M:M,U45)),"") -> 25461490 | N45: =IFERROR(IF(U45="","",INDEX('피벗값_매장명(동일)'!N:N,U45)),"") -> 27190460 | O45: =IFERROR(IF(U45="","",INDEX('피벗값_매장명(동일)'!O:O,U45)),"") -> 0.14337138 | P45: =IFERROR(IF(U45="","",INDEX('피벗값_매장명(동일)'!P:P,U45)),"") -> 46834021 | Q45: =IFERROR(IF(U45="","",INDEX('피벗값_매장명(동일)'!Q:Q,U45)),"") -> 53556635 | R45: =IFERROR(IF(U45="","",INDEX('피벗값_매장명(동일)'!R:R,U45)),"") -> 0.31063607 | S45: =IFERROR(IF(U45="","",INDEX('피벗값_매장명(동일)'!S:S,U45)),"") -> 0.011055794 | T45: =IFERROR(IF(U45="","",INDEX('피벗값_매장명(동일)'!T:T,U45)),"") -> 6722614 | U45: =IFERROR(MATCH(LARGE('피벗값_매장명(동일)'!$Q$6:$Q$70,41),'피벗값_매장명(동일)'!$Q$6:$Q$70,0)+6-1,"") -> 17
B46: =IFERROR(IF(U46="","",INDEX('피벗값_매장명(동일)'!B:B,U46)),"") -> 00313 | C46: =IFERROR(IF(U46="","",INDEX('피벗값_매장명(동일)'!C:C,U46)),"") -> 신세계스타필드하남점 | D46: =IFERROR(IF(U46="","",INDEX('피벗값_매장명(동일)'!D:D,U46)),"") -> 168613940 | E46: =IFERROR(IF(U46="","",INDEX('피벗값_매장명(동일)'!E:E,U46)),"") -> 178713880 | F46: =IFERROR(IF(U46="","",INDEX('피벗값_매장명(동일)'!F:F,U46)),"") -> 0.059899792 | G46: =IFERROR(IF(U46="","",INDEX('피벗값_매장명(동일)'!G:G,U46)),"") -> 106421837 | H46: =IFERROR(IF(U46="","",INDEX('피벗값_매장명(동일)'!H:H,U46)),"") -> 112993657 | I46: =IFERROR(IF(U46="","",INDEX('피벗값_매장명(동일)'!I:I,U46)),"") -> 0.63226011 | J46: =IFERROR(IF(U46="","",INDEX('피벗값_매장명(동일)'!J:J,U46)),"") -> 47337745 | K46: =IFERROR(IF(U46="","",INDEX('피벗값_매장명(동일)'!K:K,U46)),"") -> 49178306 | L46: =IFERROR(IF(U46="","",INDEX('피벗값_매장명(동일)'!L:L,U46)),"") -> 3.3036348 | M46: =IFERROR(IF(U46="","",INDEX('피벗값_매장명(동일)'!M:M,U46)),"") -> 24358580 | N46: =IFERROR(IF(U46="","",INDEX('피벗값_매장명(동일)'!N:N,U46)),"") -> 24877170 | O46: =IFERROR(IF(U46="","",INDEX('피벗값_매장명(동일)'!O:O,U46)),"") -> 0.13920111 | P46: =IFERROR(IF(U46="","",INDEX('피벗값_매장명(동일)'!P:P,U46)),"") -> 49409378 | Q46: =IFERROR(IF(U46="","",INDEX('피벗값_매장명(동일)'!Q:Q,U46)),"") -> 53543200 | R46: =IFERROR(IF(U46="","",INDEX('피벗값_매장명(동일)'!R:R,U46)),"") -> 0.32956321 | S46: =IFERROR(IF(U46="","",INDEX('피벗값_매장명(동일)'!S:S,U46)),"") -> 0.011053021 | T46: =IFERROR(IF(U46="","",INDEX('피벗값_매장명(동일)'!T:T,U46)),"") -> 4133822 | U46: =IFERROR(MATCH(LARGE('피벗값_매장명(동일)'!$Q$6:$Q$70,42),'피벗값_매장명(동일)'!$Q$6:$Q$70,0)+6-1,"") -> 47
B47: =IFERROR(IF(U47="","",INDEX('피벗값_매장명(동일)'!B:B,U47)),"") -> 00132 | C47: =IFERROR(IF(U47="","",INDEX('피벗값_매장명(동일)'!C:C,U47)),"") -> 롯데광복점 | D47: =IFERROR(IF(U47="","",INDEX('피벗값_매장명(동일)'!D:D,U47)),"") -> 148429910 | E47: =IFERROR(IF(U47="","",INDEX('피벗값_매장명(동일)'!E:E,U47)),"") -> 169389600 | F47: =IFERROR(IF(U47="","",INDEX('피벗값_매장명(동일)'!F:F,U47)),"") -> 0.14120934 | G47: =IFERROR(IF(U47="","",INDEX('피벗값_매장명(동일)'!G:G,U47)),"") -> 95098681 | H47: =IFERROR(IF(U47="","",INDEX('피벗값_매장명(동일)'!H:H,U47)),"") -> 108599095 | I47: =IFERROR(IF(U47="","",INDEX('피벗값_매장명(동일)'!I:I,U47)),"") -> 0.6411202 | J47: =IFERROR(IF(U47="","",INDEX('피벗값_매장명(동일)'!J:J,U47)),"") -> 44909984 | K47: =IFERROR(IF(U47="","",INDEX('피벗값_매장명(동일)'!K:K,U47)),"") -> 47622024 | L47: =IFERROR(IF(U47="","",INDEX('피벗값_매장명(동일)'!L:L,U47)),"") -> 3.2335993 | M47: =IFERROR(IF(U47="","",INDEX('피벗값_매장명(동일)'!M:M,U47)),"") -> 28879830 | N47: =IFERROR(IF(U47="","",INDEX('피벗값_매장명(동일)'!N:N,U47)),"") -> 29722360 | O47: =IFERROR(IF(U47="","",INDEX('피벗값_매장명(동일)'!O:O,U47)),"") -> 0.17546744 | P47: =IFERROR(IF(U47="","",INDEX('피벗값_매장명(동일)'!P:P,U47)),"") -> 41543363 | Q47: =IFERROR(IF(U47="","",INDEX('피벗값_매장명(동일)'!Q:Q,U47)),"") -> 51104427 | R47: =IFERROR(IF(U47="","",INDEX('피벗값_매장명(동일)'!R:R,U47)),"") -> 0.3318673 | S47: =IFERROR(IF(U47="","",INDEX('피벗값_매장명(동일)'!S:S,U47)),"") -> 0.01054958 | T47: =IFERROR(IF(U47="","",INDEX('피벗값_매장명(동일)'!T:T,U47)),"") -> 9561064 | U47: =IFERROR(MATCH(LARGE('피벗값_매장명(동일)'!$Q$6:$Q$70,43),'피벗값_매장명(동일)'!$Q$6:$Q$70,0)+6-1,"") -> 22
B48: =IFERROR(IF(U48="","",INDEX('피벗값_매장명(동일)'!B:B,U48)),"") -> 00601 | C48: =IFERROR(IF(U48="","",INDEX('피벗값_매장명(동일)'!C:C,U48)),"") -> AK프라자분당점 | D48: =IFERROR(IF(U48="","",INDEX('피벗값_매장명(동일)'!D:D,U48)),"") -> 145477440 | E48: =IFERROR(IF(U48="","",INDEX('피벗값_매장명(동일)'!E:E,U48)),"") -> 170414560 | F48: =IFERROR(IF(U48="","",INDEX('피벗값_매장명(동일)'!F:F,U48)),"") -> 0.17141572 | G48: =IFERROR(IF(U48="","",INDEX('피벗값_매장명(동일)'!G:G,U48)),"") -> 90585226 | H48: =IFERROR(IF(U48="","",INDEX('피벗값_매장명(동일)'!H:H,U48)),"") -> 106440469 | I48: =IFERROR(IF(U48="","",INDEX('피벗값_매장명(동일)'!I:I,U48)),"") -> 0.62459727 | J48: =IFERROR(IF(U48="","",INDEX('피벗값_매장명(동일)'!J:J,U48)),"") -> 42936053 | K48: =IFERROR(IF(U48="","",INDEX('피벗값_매장명(동일)'!K:K,U48)),"") -> 46144507 | L48: =IFERROR(IF(U48="","",INDEX('피벗값_매장명(동일)'!L:L,U48)),"") -> 3.3573298 | M48: =IFERROR(IF(U48="","",INDEX('피벗값_매장명(동일)'!M:M,U48)),"") -> 33783960 | N48: =IFERROR(IF(U48="","",INDEX('피벗값_매장명(동일)'!N:N,U48)),"") -> 29238560 | O48: =IFERROR(IF(U48="","",INDEX('피벗값_매장명(동일)'!O:O,U48)),"") -> 0.17157313 | P48: =IFERROR(IF(U48="","",INDEX('피벗값_매장명(동일)'!P:P,U48)),"") -> 39414151 | Q48: =IFERROR(IF(U48="","",INDEX('피벗값_매장명(동일)'!Q:Q,U48)),"") -> 50619556 | R48: =IFERROR(IF(U48="","",INDEX('피벗값_매장명(동일)'!R:R,U48)),"") -> 0.32674152 | S48: =IFERROR(IF(U48="","",INDEX('피벗값_매장명(동일)'!S:S,U48)),"") -> 0.010449487 | T48: =IFERROR(IF(U48="","",INDEX('피벗값_매장명(동일)'!T:T,U48)),"") -> 11205405 | U48: =IFERROR(MATCH(LARGE('피벗값_매장명(동일)'!$Q$6:$Q$70,44),'피벗값_매장명(동일)'!$Q$6:$Q$70,0)+6-1,"") -> 54
B49: =IFERROR(IF(U49="","",INDEX('피벗값_매장명(동일)'!B:B,U49)),"") -> 05552 | C49: =IFERROR(IF(U49="","",INDEX('피벗값_매장명(동일)'!C:C,U49)),"") -> 신세계아울렛파주점 | D49: =IFERROR(IF(U49="","",INDEX('피벗값_매장명(동일)'!D:D,U49)),"") -> 102290450 | E49: =IFERROR(IF(U49="","",INDEX('피벗값_매장명(동일)'!E:E,U49)),"") -> 124238880 | F49: =IFERROR(IF(U49="","",INDEX('피벗값_매장명(동일)'!F:F,U49)),"") -> 0.21456969 | G49: =IFERROR(IF(U49="","",INDEX('피벗값_매장명(동일)'!G:G,U49)),"") -> 85923985 | H49: =IFERROR(IF(U49="","",INDEX('피벗값_매장명(동일)'!H:H,U49)),"") -> 104360664 | I49: =IFERROR(IF(U49="","",INDEX('피벗값_매장명(동일)'!I:I,U49)),"") -> 0.84000004 | J49: =IFERROR(IF(U49="","",INDEX('피벗값_매장명(동일)'!J:J,U49)),"") -> 38970265 | K49: =IFERROR(IF(U49="","",INDEX('피벗값_매장명(동일)'!K:K,U49)),"") -> 44713049 | L49: =IFERROR(IF(U49="","",INDEX('피벗값_매장명(동일)'!L:L,U49)),"") -> 2.5259838 | M49: =IFERROR(IF(U49="","",INDEX('피벗값_매장명(동일)'!M:M,U49)),"") -> 25566080 | N49: =IFERROR(IF(U49="","",INDEX('피벗값_매장명(동일)'!N:N,U49)),"") -> 26963300 | O49: =IFERROR(IF(U49="","",INDEX('피벗값_매장명(동일)'!O:O,U49)),"") -> 0.21702787 | P49: =IFERROR(IF(U49="","",INDEX('피벗값_매장명(동일)'!P:P,U49)),"") -> 39142449 | Q49: =IFERROR(IF(U49="","",INDEX('피벗값_매장명(동일)'!Q:Q,U49)),"") -> 50160282 | R49: =IFERROR(IF(U49="","",INDEX('피벗값_매장명(동일)'!R:R,U49)),"") -> 0.44411468 | S49: =IFERROR(IF(U49="","",INDEX('피벗값_매장명(동일)'!S:S,U49)),"") -> 0.010354679 | T49: =IFERROR(IF(U49="","",INDEX('피벗값_매장명(동일)'!T:T,U49)),"") -> 11017833 | U49: =IFERROR(MATCH(LARGE('피벗값_매장명(동일)'!$Q$6:$Q$70,45),'피벗값_매장명(동일)'!$Q$6:$Q$70,0)+6-1,"") -> 65
B50: =IFERROR(IF(U50="","",INDEX('피벗값_매장명(동일)'!B:B,U50)),"") -> 00506 | C50: =IFERROR(IF(U50="","",INDEX('피벗값_매장명(동일)'!C:C,U50)),"") -> 갤러리아타임월드점 | D50: =IFERROR(IF(U50="","",INDEX('피벗값_매장명(동일)'!D:D,U50)),"") -> 149139810 | E50: =IFERROR(IF(U50="","",INDEX('피벗값_매장명(동일)'!E:E,U50)),"") -> 168582860 | F50: =IFERROR(IF(U50="","",INDEX('피벗값_매장명(동일)'!F:F,U50)),"") -> 0.13036794 | G50: =IFERROR(IF(U50="","",INDEX('피벗값_매장명(동일)'!G:G,U50)),"") -> 94521979 | H50: =IFERROR(IF(U50="","",INDEX('피벗값_매장명(동일)'!H:H,U50)),"") -> 108078598 | I50: =IFERROR(IF(U50="","",INDEX('피벗값_매장명(동일)'!I:I,U50)),"") -> 0.64110075 | J50: =IFERROR(IF(U50="","",INDEX('피벗값_매장명(동일)'!J:J,U50)),"") -> 44520796 | K50: =IFERROR(IF(U50="","",INDEX('피벗값_매장명(동일)'!K:K,U50)),"") -> 49152976 | L50: =IFERROR(IF(U50="","",INDEX('피벗값_매장명(동일)'!L:L,U50)),"") -> 3.1179627 | M50: =IFERROR(IF(U50="","",INDEX('피벗값_매장명(동일)'!M:M,U50)),"") -> 27859405 | N50: =IFERROR(IF(U50="","",INDEX('피벗값_매장명(동일)'!N:N,U50)),"") -> 29587505 | O50: =IFERROR(IF(U50="","",INDEX('피벗값_매장명(동일)'!O:O,U50)),"") -> 0.1755072 | P50: =IFERROR(IF(U50="","",INDEX('피벗값_매장명(동일)'!P:P,U50)),"") -> 41408275 | Q50: =IFERROR(IF(U50="","",INDEX('피벗값_매장명(동일)'!Q:Q,U50)),"") -> 49100295 | R50: =IFERROR(IF(U50="","",INDEX('피벗값_매장명(동일)'!R:R,U50)),"") -> 0.3203785 | S50: =IFERROR(IF(U50="","",INDEX('피벗값_매장명(동일)'!S:S,U50)),"") -> 0.010135864 | T50: =IFERROR(IF(U50="","",INDEX('피벗값_매장명(동일)'!T:T,U50)),"") -> 7692020 | U50: =IFERROR(MATCH(LARGE('피벗값_매장명(동일)'!$Q$6:$Q$70,46),'피벗값_매장명(동일)'!$Q$6:$Q$70,0)+6-1,"") -> 53
B51: =IFERROR(IF(U51="","",INDEX('피벗값_매장명(동일)'!B:B,U51)),"") -> 00110 | C51: =IFERROR(IF(U51="","",INDEX('피벗값_매장명(동일)'!C:C,U51)),"") -> 롯데강남점 | D51: =IFERROR(IF(U51="","",INDEX('피벗값_매장명(동일)'!D:D,U51)),"") -> 160310570 | E51: =IFERROR(IF(U51="","",INDEX('피벗값_매장명(동일)'!E:E,U51)),"") -> 166624390 | F51: =IFERROR(IF(U51="","",INDEX('피벗값_매장명(동일)'!F:F,U51)),"") -> 0.039384926 | G51: =IFERROR(IF(U51="","",INDEX('피벗값_매장명(동일)'!G:G,U51)),"") -> 102582703 | H51: =IFERROR(IF(U51="","",INDEX('피벗값_매장명(동일)'!H:H,U51)),"") -> 106778299 | I51: =IFERROR(IF(U51="","",INDEX('피벗값_매장명(동일)'!I:I,U51)),"") -> 0.64083235 | J51: =IFERROR(IF(U51="","",INDEX('피벗값_매장명(동일)'!J:J,U51)),"") -> 48357983 | K51: =IFERROR(IF(U51="","",INDEX('피벗값_매장명(동일)'!K:K,U51)),"") -> 49190055 | L51: =IFERROR(IF(U51="","",INDEX('피벗값_매장명(동일)'!L:L,U51)),"") -> 3.0794175 | M51: =IFERROR(IF(U51="","",INDEX('피벗값_매장명(동일)'!M:M,U51)),"") -> 26271390 | N51: =IFERROR(IF(U51="","",INDEX('피벗값_매장명(동일)'!N:N,U51)),"") -> 26831460 | O51: =IFERROR(IF(U51="","",INDEX('피벗값_매장명(동일)'!O:O,U51)),"") -> 0.16102961 | P51: =IFERROR(IF(U51="","",INDEX('피벗값_매장명(동일)'!P:P,U51)),"") -> 44899019 | Q51: =IFERROR(IF(U51="","",INDEX('피벗값_매장명(동일)'!Q:Q,U51)),"") -> 47881126 | R51: =IFERROR(IF(U51="","",INDEX('피벗값_매장명(동일)'!R:R,U51)),"") -> 0.31609561 | S51: =IFERROR(IF(U51="","",INDEX('피벗값_매장명(동일)'!S:S,U51)),"") -> 0.0098841882 | T51: =IFERROR(IF(U51="","",INDEX('피벗값_매장명(동일)'!T:T,U51)),"") -> 2982107 | U51: =IFERROR(MATCH(LARGE('피벗값_매장명(동일)'!$Q$6:$Q$70,47),'피벗값_매장명(동일)'!$Q$6:$Q$70,0)+6-1,"") -> 9
B52: =IFERROR(IF(U52="","",INDEX('피벗값_매장명(동일)'!B:B,U52)),"") -> 00139 | C52: =IFERROR(IF(U52="","",INDEX('피벗값_매장명(동일)'!C:C,U52)),"") -> 롯데전주점 | D52: =IFERROR(IF(U52="","",INDEX('피벗값_매장명(동일)'!D:D,U52)),"") -> 149635130 | E52: =IFERROR(IF(U52="","",INDEX('피벗값_매장명(동일)'!E:E,U52)),"") -> 156029110 | F52: =IFERROR(IF(U52="","",INDEX('피벗값_매장명(동일)'!F:F,U52)),"") -> 0.042730474 | G52: =IFERROR(IF(U52="","",INDEX('피벗값_매장명(동일)'!G:G,U52)),"") -> 95900097 | H52: =IFERROR(IF(U52="","",INDEX('피벗값_매장명(동일)'!H:H,U52)),"") -> 99906597 | I52: =IFERROR(IF(U52="","",INDEX('피벗값_매장명(동일)'!I:I,U52)),"") -> 0.64030742 | J52: =IFERROR(IF(U52="","",INDEX('피벗값_매장명(동일)'!J:J,U52)),"") -> 42637380 | K52: =IFERROR(IF(U52="","",INDEX('피벗값_매장명(동일)'!K:K,U52)),"") -> 43542863 | L52: =IFERROR(IF(U52="","",INDEX('피벗값_매장명(동일)'!L:L,U52)),"") -> 3.2575866 | M52: =IFERROR(IF(U52="","",INDEX('피벗값_매장명(동일)'!M:M,U52)),"") -> 28335220 | N52: =IFERROR(IF(U52="","",INDEX('피벗값_매장명(동일)'!N:N,U52)),"") -> 28365060 | O52: =IFERROR(IF(U52="","",INDEX('피벗값_매장명(동일)'!O:O,U52)),"") -> 0.18179338 | P52: =IFERROR(IF(U52="","",INDEX('피벗값_매장명(동일)'!P:P,U52)),"") -> 44544527 | Q52: =IFERROR(IF(U52="","",INDEX('피벗값_매장명(동일)'!Q:Q,U52)),"") -> 47281316 | R52: =IFERROR(IF(U52="","",INDEX('피벗값_매장명(동일)'!R:R,U52)),"") -> 0.33333169 | S52: =IFERROR(IF(U52="","",INDEX('피벗값_매장명(동일)'!S:S,U52)),"") -> 0.0097603684 | T52: =IFERROR(IF(U52="","",INDEX('피벗값_매장명(동일)'!T:T,U52)),"") -> 2736789 | U52: =IFERROR(MATCH(LARGE('피벗값_매장명(동일)'!$Q$6:$Q$70,48),'피벗값_매장명(동일)'!$Q$6:$Q$70,0)+6-1,"") -> 25
